loan_amnt,installment,dti,grade
,,,""
500,15.67,0,A
500,15.69,4.27,A
500,15.75,14.02,A
500,15.76,2.15,A
500,15.91,0,B
500,16.08,22.17,B
500,16.25,14.17,B
500,16.31,3.04,B
500,16.47,3.69,C
500,16.73,19.2,D
500,16.85,10,D
550,18.28,5.22,C
600,19.62,11.68,C
600,19.8,4.8,C
600,20.29,22.03,D
600,20.29,28.61,D
600,20.53,20.54,E
600,21.59,26.89,G
700,23.21,11.33,D
700,23.35,12.38,C
700,24.99,28.42,G
725,22.51,3.6,A
750,25.02,24,C
800,24.84,7.65,A
800,25.8,0,B
800,27.13,0,E
850,29.08,21.26,E
900,28.47,0.32,A
900,29.16,16.7,C
900,30.29,25.11,D
900,30.93,3.1,E
925,30.02,11.85,B
950,30.55,22.38,B
1000,19.87,19.01,A
1000,20.22,20.09,A
1000,21.25,22.01,B
1000,21.62,28.7,B
1000,21.74,5.34,B
1000,21.81,19.75,B
1000,21.99,8.1,B
1000,22.24,6.45,B
1000,22.59,9.15,C
1000,22.79,22.5,C
1000,22.94,10.8,C
1000,23.01,9.88,C
1000,23.17,26,C
1000,23.26,13.29,C
1000,23.26,18.42,C
1000,23.36,11.88,C
1000,23.51,11.86,D
1000,23.61,4.32,C
1000,23.91,22.2,D
1000,24.16,19.2,D
1000,24.32,20.98,D
1000,24.73,15.6,E
1000,24.73,20.75,D
1000,24.96,20.73,E
1000,25.81,27.23,D
1000,25.86,32.98,D
1000,27.82,15.75,F
1000,27.85,24.57,E
1000,28.82,13.04,F
1000,28.82,29.28,F
1000,29.52,15.46,F
1000,29.76,28.24,B
1000,29.83,32.81,G
1000,30.12,1.47,A
1000,30.12,1.98,A
1000,30.12,2.28,A
1000,30.12,2.47,A
1000,30.12,3.25,A
1000,30.12,3.97,A
1000,30.12,4.53,A
1000,30.12,4.62,A
1000,30.12,5.59,A
1000,30.12,5.73,A
1000,30.12,6.04,A
1000,30.12,6.07,A
1000,30.12,6.27,A
1000,30.12,6.32,A
1000,30.12,6.39,A
1000,30.12,6.54,A
1000,30.12,6.62,A
1000,30.12,6.8,A
1000,30.12,6.93,A
1000,30.12,7.83,A
1000,30.12,7.84,A
1000,30.12,7.85,A
1000,30.12,7.87,A
1000,30.12,8.17,A
1000,30.12,8.28,A
1000,30.12,8.5,A
1000,30.12,8.51,A
1000,30.12,8.64,A
1000,30.12,8.69,A
1000,30.12,9.09,A
1000,30.12,9.27,A
1000,30.12,9.36,A
1000,30.12,9.46,A
1000,30.12,9.6,A
1000,30.12,9.61,A
1000,30.12,9.62,A
1000,30.12,9.65,A
1000,30.12,10.04,A
1000,30.12,10.17,A
1000,30.12,10.23,A
1000,30.12,10.24,A
1000,30.12,10.29,A
1000,30.12,10.3,A
1000,30.12,10.35,A
1000,30.12,10.38,A
1000,30.12,10.46,A
1000,30.12,10.56,A
1000,30.12,10.59,A
1000,30.12,11.04,A
1000,30.12,11.66,A
1000,30.12,11.88,A
1000,30.12,11.9,A
1000,30.12,13.3,A
1000,30.12,13.44,A
1000,30.12,14.79,A
1000,30.12,14.81,A
1000,30.12,15.1,A
1000,30.12,15.15,A
1000,30.12,15.23,A
1000,30.12,15.33,A
1000,30.12,15.81,A
1000,30.12,15.95,A
1000,30.12,16.04,A
1000,30.12,16.51,A
1000,30.12,16.67,A
1000,30.12,16.8,A
1000,30.12,17.05,A
1000,30.12,17.82,A
1000,30.12,17.88,A
1000,30.12,18.26,A
1000,30.12,19.01,A
1000,30.12,19.03,A
1000,30.12,19.36,A
1000,30.12,21.09,A
1000,30.12,21.14,A
1000,30.12,21.19,A
1000,30.12,21.78,A
1000,30.12,22.46,A
1000,30.12,22.49,A
1000,30.12,24.23,A
1000,30.12,24.67,A
1000,30.12,24.84,A
1000,30.12,25.13,A
1000,30.12,25.42,A
1000,30.12,26.82,A
1000,30.12,27.48,A
1000,30.12,29.02,A
1000,30.12,31.18,A
1000,30.16,3.47,A
1000,30.16,3.81,A
1000,30.16,11.54,A
1000,30.16,13.51,A
1000,30.16,15.55,A
1000,30.16,26,A
1000,30.16,28.85,A
1000,30.33,2.12,A
1000,30.33,5.84,A
1000,30.42,10.45,A
1000,30.42,14.76,D
1000,30.44,2.49,A
1000,30.44,4.56,A
1000,30.44,11.43,A
1000,30.44,11.6,A
1000,30.44,12.89,A
1000,30.44,15.7,A
1000,30.44,17.76,A
1000,30.44,19.12,A
1000,30.44,25.17,A
1000,30.44,25.67,A
1000,30.46,1.03,A
1000,30.46,1.7,A
1000,30.46,3.18,A
1000,30.46,3.25,A
1000,30.46,6.26,A
1000,30.46,7.03,A
1000,30.46,8.08,A
1000,30.46,8.3,A
1000,30.46,9.9,A
1000,30.46,10.13,A
1000,30.46,10.4,A
1000,30.46,10.59,A
1000,30.46,11.07,A
1000,30.46,12.34,A
1000,30.46,13.72,A
1000,30.46,14.4,A
1000,30.46,16.07,A
1000,30.46,16.52,A
1000,30.46,17.95,A
1000,30.46,18.41,A
1000,30.46,20.02,A
1000,30.46,28.26,A
1000,30.46,31.39,A
1000,30.48,1.54,A
1000,30.48,2.27,A
1000,30.48,4.3,A
1000,30.48,4.83,A
1000,30.48,5.31,A
1000,30.48,8.9,A
1000,30.48,9.85,A
1000,30.48,13.15,A
1000,30.48,15.31,A
1000,30.48,16.84,A
1000,30.5,8.32,A
1000,30.51,7.93,A
1000,30.51,18.09,A
1000,30.51,19.28,A
1000,30.51,20.8,A
1000,30.54,9.35,A
1000,30.54,9.97,A
1000,30.54,12.67,A
1000,30.54,12.93,A
1000,30.54,15.42,A
1000,30.54,16.78,A
1000,30.54,19.25,A
1000,30.54,24.2,A
1000,30.54,25.77,A
1000,30.6,1.76,A
1000,30.6,11.53,A
1000,30.6,12.51,A
1000,30.64,4.48,A
1000,30.64,6.2,A
1000,30.64,6.87,A
1000,30.64,7.37,A
1000,30.64,7.43,A
1000,30.64,8.59,A
1000,30.64,9.36,A
1000,30.64,15.43,A
1000,30.64,15.48,A
1000,30.64,28.06,A
1000,30.65,0.28,A
1000,30.65,4.67,A
1000,30.65,7.37,A
1000,30.65,7.63,A
1000,30.65,7.67,A
1000,30.65,7.73,A
1000,30.65,8.33,A
1000,30.65,9.12,A
1000,30.65,10.33,A
1000,30.65,10.64,A
1000,30.65,11.6,A
1000,30.65,12.64,A
1000,30.65,12.67,A
1000,30.65,13.76,A
1000,30.65,13.82,A
1000,30.65,14.08,A
1000,30.65,15.26,A
1000,30.65,15.53,A
1000,30.65,15.72,A
1000,30.65,16.15,A
1000,30.65,16.71,A
1000,30.65,17.59,A
1000,30.65,18.93,A
1000,30.65,21.82,A
1000,30.65,22.25,A
1000,30.65,22.35,A
1000,30.65,23.81,A
1000,30.65,24.09,A
1000,30.65,24.65,A
1000,30.65,26.03,A
1000,30.65,26.49,A
1000,30.67,12.82,A
1000,30.71,2.72,A
1000,30.71,3.08,A
1000,30.71,6.78,A
1000,30.71,7.03,A
1000,30.71,8.18,A
1000,30.71,9.32,A
1000,30.71,24,A
1000,30.71,25.26,A
1000,30.71,28.26,A
1000,30.73,1.93,A
1000,30.73,3,A
1000,30.73,3.12,A
1000,30.73,3.35,A
1000,30.73,4.84,A
1000,30.73,5.51,A
1000,30.73,7.98,A
1000,30.73,8.43,A
1000,30.73,8.8,A
1000,30.73,9.6,A
1000,30.73,12.18,A
1000,30.73,14.08,A
1000,30.73,17.55,A
1000,30.73,18.75,A
1000,30.73,18.83,A
1000,30.73,20.6,A
1000,30.73,27.85,A
1000,30.73,29.43,A
1000,30.73,33.6,A
1000,30.74,12.13,A
1000,30.74,24.56,A
1000,30.74,25.48,A
1000,30.75,0.64,A
1000,30.75,0.7,A
1000,30.75,2.16,A
1000,30.75,2.18,A
1000,30.75,3.74,A
1000,30.75,4.09,A
1000,30.75,5.23,A
1000,30.75,5.32,A
1000,30.75,6.31,A
1000,30.75,7.07,A
1000,30.75,7.15,A
1000,30.75,7.2,A
1000,30.75,7.28,A
1000,30.75,7.35,A
1000,30.75,8.53,A
1000,30.75,9.6,A
1000,30.75,9.92,A
1000,30.75,12,A
1000,30.75,13.88,A
1000,30.75,14.27,A
1000,30.75,14.7,A
1000,30.75,15.01,A
1000,30.75,15.34,A
1000,30.75,15.92,A
1000,30.75,16.08,A
1000,30.75,16.24,A
1000,30.75,16.69,A
1000,30.75,16.84,A
1000,30.75,20.2,A
1000,30.75,20.44,A
1000,30.75,21.3,A
1000,30.75,21.4,A
1000,30.75,23.63,A
1000,30.75,25.68,A
1000,30.75,30.14,A
1000,30.75,31.14,A
1000,30.75,31.57,A
1000,30.75,31.98,A
1000,30.77,2.41,A
1000,30.77,6.3,A
1000,30.77,7.84,A
1000,30.77,8.82,A
1000,30.77,9.48,A
1000,30.77,10.18,A
1000,30.8,3.88,A
1000,30.8,4.31,A
1000,30.8,4.51,A
1000,30.8,6.23,A
1000,30.8,10.3,A
1000,30.8,10.98,A
1000,30.8,13.99,A
1000,30.8,14.27,A
1000,30.8,15.49,A
1000,30.8,17.29,A
1000,30.8,17.86,A
1000,30.8,20.27,A
1000,30.8,20.44,A
1000,30.83,7.38,A
1000,30.83,8.35,A
1000,30.83,16.59,A
1000,30.83,21.04,A
1000,30.84,7.62,A
1000,30.84,10.48,A
1000,30.85,6.47,A
1000,30.85,13,A
1000,30.85,15.19,A
1000,30.86,21.05,C
1000,30.87,0.7,A
1000,30.87,3.44,A
1000,30.87,7.18,A
1000,30.87,9.4,A
1000,30.87,12.47,A
1000,30.87,19.73,A
1000,30.87,34.2,A
1000,30.88,1.01,A
1000,30.88,1.32,A
1000,30.88,5.52,A
1000,30.88,5.82,A
1000,30.88,7.11,A
1000,30.88,8.08,A
1000,30.88,8.66,A
1000,30.88,9.14,A
1000,30.88,10.23,A
1000,30.88,10.24,A
1000,30.88,10.82,A
1000,30.88,11.04,A
1000,30.88,11.32,A
1000,30.88,11.34,A
1000,30.88,11.88,A
1000,30.88,11.89,A
1000,30.88,12.07,A
1000,30.88,12.72,A
1000,30.88,13.87,A
1000,30.88,14.36,A
1000,30.88,14.69,A
1000,30.88,15.77,A
1000,30.88,17.26,A
1000,30.88,17.34,A
1000,30.88,17.8,A
1000,30.88,18.41,A
1000,30.88,18.72,A
1000,30.88,19.97,A
1000,30.88,23.07,A
1000,30.88,24.9,A
1000,30.88,27.27,A
1000,30.88,27.84,A
1000,30.88,27.93,A
1000,30.88,28.28,A
1000,30.88,28.75,A
1000,30.88,29.14,A
1000,30.88,29.19,A
1000,30.88,29.42,A
1000,30.89,3.06,A
1000,30.89,9.41,A
1000,30.89,9.84,A
1000,30.89,13.48,A
1000,30.89,14.03,A
1000,30.89,14.13,A
1000,30.89,17.37,A
1000,30.89,17.46,A
1000,30.89,22.02,A
1000,30.89,28.39,A
1000,30.91,0.67,A
1000,30.91,0.71,A
1000,30.91,4.2,A
1000,30.91,8.5,A
1000,30.91,8.9,A
1000,30.91,10.32,A
1000,30.91,10.88,A
1000,30.91,11.66,A
1000,30.91,11.79,A
1000,30.91,11.95,A
1000,30.91,12.65,A
1000,30.91,14.64,A
1000,30.91,16.1,A
1000,30.91,16.37,A
1000,30.91,18.55,A
1000,30.91,20.67,A
1000,30.91,20.81,A
1000,30.91,22.17,A
1000,30.91,24.26,A
1000,30.91,24.32,A
1000,30.91,32.1,A
1000,30.91,33.31,A
1000,30.94,0.65,A
1000,30.94,1.1,A
1000,30.94,11.9,A
1000,30.94,15.4,A
1000,30.94,16.99,A
1000,30.94,18.16,A
1000,30.94,21.93,A
1000,30.98,1.1,A
1000,30.98,1.77,A
1000,30.98,1.94,A
1000,30.98,1.95,A
1000,30.98,2.19,A
1000,30.98,3.34,A
1000,30.98,3.43,A
1000,30.98,4.09,A
1000,30.98,4.34,A
1000,30.98,5.18,A
1000,30.98,5.27,A
1000,30.98,5.66,A
1000,30.98,5.72,A
1000,30.98,5.86,A
1000,30.98,7.41,A
1000,30.98,7.7,A
1000,30.98,7.83,A
1000,30.98,7.84,A
1000,30.98,7.93,A
1000,30.98,8.19,A
1000,30.98,8.64,A
1000,30.98,8.92,A
1000,30.98,9.27,A
1000,30.98,9.44,A
1000,30.98,9.98,A
1000,30.98,10.01,A
1000,30.98,10.63,A
1000,30.98,10.88,A
1000,30.98,10.96,A
1000,30.98,11.33,A
1000,30.98,11.7,A
1000,30.98,12.07,A
1000,30.98,13.2,A
1000,30.98,13.58,A
1000,30.98,13.96,A
1000,30.98,15.09,A
1000,30.98,15.7,A
1000,30.98,15.99,A
1000,30.98,16.05,A
1000,30.98,16.74,A
1000,30.98,16.82,A
1000,30.98,17.04,A
1000,30.98,18.39,A
1000,30.98,19.01,A
1000,30.98,19.47,A
1000,30.98,19.52,A
1000,30.98,19.59,A
1000,30.98,19.7,A
1000,30.98,19.98,A
1000,30.98,20.29,A
1000,30.98,20.64,A
1000,30.98,20.65,A
1000,30.98,21.53,A
1000,30.98,21.83,A
1000,30.98,22.24,A
1000,30.98,22.44,A
1000,30.98,22.49,A
1000,30.98,23.04,A
1000,30.98,23.14,A
1000,30.98,24.53,A
1000,30.98,25.04,A
1000,30.98,26.49,A
1000,30.98,27.19,A
1000,30.98,27.71,A
1000,30.98,30.4,A
1000,30.98,30.65,A
1000,30.98,32.32,A
1000,30.98,32.72,A
1000,30.98,32.92,A
1000,30.99,3.61,A
1000,30.99,3.75,A
1000,30.99,6.1,A
1000,30.99,7.58,A
1000,30.99,9.99,A
1000,30.99,11.6,A
1000,30.99,12,A
1000,30.99,12.15,A
1000,30.99,12.96,A
1000,30.99,13.44,A
1000,30.99,14.7,A
1000,30.99,15.77,A
1000,30.99,16.04,A
1000,30.99,16.57,A
1000,30.99,17.16,A
1000,30.99,18.89,A
1000,30.99,18.93,A
1000,30.99,19.49,A
1000,30.99,20.09,A
1000,30.99,20.15,A
1000,30.99,20.23,A
1000,30.99,20.43,A
1000,30.99,20.58,A
1000,30.99,21.38,A
1000,30.99,22.39,A
1000,30.99,22.51,A
1000,30.99,22.88,A
1000,30.99,24.43,A
1000,30.99,27.17,A
1000,30.99,28.62,A
1000,30.99,29.12,A
1000,30.99,29.93,A
1000,31,6.3,A
1000,31,11.21,A
1000,31,13.71,A
1000,31,15.09,A
1000,31,16.53,A
1000,31,17.14,A
1000,31,18.16,A
1000,31,24.57,A
1000,31,24.61,A
1000,31,34.55,A
1000,31.01,4.04,A
1000,31.01,5.44,A
1000,31.01,5.93,A
1000,31.01,10.22,A
1000,31.01,11.89,A
1000,31.01,12.96,A
1000,31.01,17.05,A
1000,31.01,26.85,A
1000,31.04,0.94,A
1000,31.04,1,A
1000,31.04,1.03,A
1000,31.04,1.46,A
1000,31.04,1.67,A
1000,31.04,1.88,A
1000,31.04,2.13,A
1000,31.04,2.59,A
1000,31.04,2.73,A
1000,31.04,3.25,A
1000,31.04,3.52,A
1000,31.04,4.54,A
1000,31.04,4.65,A
1000,31.04,4.8,A
1000,31.04,5.18,A
1000,31.04,5.73,A
1000,31.04,5.93,A
1000,31.04,5.99,A
1000,31.04,6.17,A
1000,31.04,6.78,A
1000,31.04,6.8,A
1000,31.04,6.88,A
1000,31.04,7.23,A
1000,31.04,7.59,A
1000,31.04,7.79,A
1000,31.04,7.97,A
1000,31.04,8.14,A
1000,31.04,8.19,A
1000,31.04,8.72,A
1000,31.04,8.91,A
1000,31.04,8.99,A
1000,31.04,9.05,A
1000,31.04,9.16,A
1000,31.04,9.2,A
1000,31.04,10.73,A
1000,31.04,11.26,A
1000,31.04,11.33,A
1000,31.04,11.42,A
1000,31.04,11.63,A
1000,31.04,11.78,A
1000,31.04,11.83,A
1000,31.04,11.97,A
1000,31.04,12.19,A
1000,31.04,12.29,A
1000,31.04,12.5,A
1000,31.04,13,A
1000,31.04,13.2,A
1000,31.04,13.31,A
1000,31.04,13.64,A
1000,31.04,13.67,A
1000,31.04,13.71,A
1000,31.04,14,A
1000,31.04,14.01,A
1000,31.04,14.13,A
1000,31.04,14.29,A
1000,31.04,16.12,A
1000,31.04,16.32,A
1000,31.04,16.74,A
1000,31.04,16.83,A
1000,31.04,16.96,A
1000,31.04,17,A
1000,31.04,17.2,A
1000,31.04,17.52,A
1000,31.04,18.01,A
1000,31.04,18.39,A
1000,31.04,18.79,A
1000,31.04,19.16,A
1000,31.04,19.21,A
1000,31.04,20.11,A
1000,31.04,20.12,A
1000,31.04,20.94,A
1000,31.04,21.05,A
1000,31.04,21.17,A
1000,31.04,21.18,A
1000,31.04,21.59,A
1000,31.04,21.76,A
1000,31.04,21.93,A
1000,31.04,22.1,A
1000,31.04,22.3,A
1000,31.04,22.51,A
1000,31.04,22.92,A
1000,31.04,23.01,A
1000,31.04,23.29,A
1000,31.04,23.41,A
1000,31.04,24.69,A
1000,31.04,24.86,A
1000,31.04,24.9,A
1000,31.04,25.22,A
1000,31.04,25.77,A
1000,31.04,26.72,A
1000,31.04,27,A
1000,31.04,27.5,A
1000,31.04,28.04,A
1000,31.04,28.57,A
1000,31.04,29.21,A
1000,31.04,29.46,A
1000,31.04,29.76,A
1000,31.04,30.58,A
1000,31.04,31.62,A
1000,31.04,34.37,A
1000,31.04,34.4,A
1000,31.04,37.28,A
1000,31.04,38.61,A
1000,31.05,0.35,A
1000,31.05,0.74,A
1000,31.05,12.9,A
1000,31.06,0,A
1000,31.06,0.52,A
1000,31.06,0.96,A
1000,31.06,0.97,A
1000,31.06,1.63,A
1000,31.06,3.31,A
1000,31.06,3.84,A
1000,31.06,4.68,A
1000,31.06,4.8,A
1000,31.06,6.65,A
1000,31.06,8.61,A
1000,31.06,11.04,A
1000,31.06,11.1,A
1000,31.06,13.36,A
1000,31.06,13.68,A
1000,31.06,15.37,A
1000,31.06,16.17,A
1000,31.06,22.61,A
1000,31.06,22.64,A
1000,31.06,23.81,A
1000,31.06,25.82,A
1000,31.06,27.69,A
1000,31.06,33.77,A
1000,31.06,39.26,A
1000,31.09,4.98,A
1000,31.09,9.08,A
1000,31.09,15.35,A
1000,31.09,15.84,A
1000,31.09,21.3,A
1000,31.09,21.38,A
1000,31.09,25.11,A
1000,31.09,31.02,A
1000,31.11,1.54,A
1000,31.11,4.16,A
1000,31.11,5.23,A
1000,31.11,5.5,A
1000,31.11,6.24,A
1000,31.11,7.52,A
1000,31.11,7.56,A
1000,31.11,7.69,A
1000,31.11,7.84,A
1000,31.11,7.92,A
1000,31.11,9.21,A
1000,31.11,9.36,A
1000,31.11,9.58,A
1000,31.11,9.71,A
1000,31.11,10.22,A
1000,31.11,10.51,A
1000,31.11,10.82,A
1000,31.11,10.92,A
1000,31.11,12.11,A
1000,31.11,12.47,A
1000,31.11,12.64,A
1000,31.11,13.24,A
1000,31.11,14.25,A
1000,31.11,14.83,A
1000,31.11,14.86,A
1000,31.11,14.9,A
1000,31.11,15.06,A
1000,31.11,15.98,A
1000,31.11,16.21,A
1000,31.11,16.26,A
1000,31.11,17.09,A
1000,31.11,18.47,A
1000,31.11,18.99,A
1000,31.11,21.26,A
1000,31.11,21.4,A
1000,31.11,21.43,A
1000,31.11,21.79,A
1000,31.11,21.92,A
1000,31.11,22.61,A
1000,31.11,22.76,A
1000,31.11,22.99,A
1000,31.11,23.28,A
1000,31.11,24.95,A
1000,31.11,26.47,A
1000,31.11,26.6,A
1000,31.11,29.98,A
1000,31.12,0.6,A
1000,31.12,6.67,A
1000,31.12,12.21,A
1000,31.12,15.47,A
1000,31.12,15.81,A
1000,31.12,18.84,A
1000,31.12,23.44,A
1000,31.14,1.04,A
1000,31.14,11.3,A
1000,31.14,12.26,A
1000,31.14,13.31,A
1000,31.14,16.07,A
1000,31.14,17.4,A
1000,31.14,33.37,A
1000,31.14,33.86,A
1000,31.15,1.12,A
1000,31.15,1.4,A
1000,31.15,1.82,A
1000,31.15,5.37,A
1000,31.15,7.37,A
1000,31.15,8.88,A
1000,31.15,10.18,A
1000,31.15,12.6,A
1000,31.15,13.27,A
1000,31.15,14.09,A
1000,31.15,14.21,A
1000,31.15,15.25,A
1000,31.15,15.9,A
1000,31.15,16.66,A
1000,31.15,18.44,A
1000,31.15,21.12,A
1000,31.15,25.57,A
1000,31.17,0.47,A
1000,31.17,0.7,A
1000,31.17,0.75,A
1000,31.17,4.59,A
1000,31.17,5.59,A
1000,31.17,10.8,A
1000,31.17,14.48,A
1000,31.17,15.71,A
1000,31.17,15.99,A
1000,31.17,18.73,A
1000,31.17,20.69,A
1000,31.17,22.54,A
1000,31.17,26.22,A
1000,31.18,17.93,A
1000,31.18,20.55,A
1000,31.19,1.8,A
1000,31.19,16.9,A
1000,31.2,0.76,A
1000,31.2,2.82,A
1000,31.2,9.77,A
1000,31.2,10.92,A
1000,31.2,14.31,A
1000,31.2,14.74,A
1000,31.2,15.58,A
1000,31.2,15.89,A
1000,31.2,15.94,A
1000,31.2,21.8,A
1000,31.2,29.01,A
1000,31.2,29.48,A
1000,31.22,0.43,A
1000,31.22,21.52,A
1000,31.27,3.51,A
1000,31.27,3.57,A
1000,31.27,9.36,A
1000,31.27,9.49,A
1000,31.27,9.84,A
1000,31.27,10.23,A
1000,31.27,11.38,A
1000,31.27,12.33,A
1000,31.27,12.36,A
1000,31.27,13.08,A
1000,31.27,13.58,A
1000,31.27,14.96,A
1000,31.27,15.6,A
1000,31.27,15.92,A
1000,31.27,17.56,A
1000,31.27,17.91,A
1000,31.27,18.19,A
1000,31.27,18.24,A
1000,31.27,18.33,A
1000,31.27,18.76,A
1000,31.27,19.01,A
1000,31.27,19.36,A
1000,31.27,23.98,A
1000,31.27,26.97,A
1000,31.27,30.88,A
1000,31.27,32.22,A
1000,31.27,34.36,A
1000,31.29,0.76,A
1000,31.29,1.6,A
1000,31.29,2.09,A
1000,31.29,2.18,A
1000,31.29,4.38,A
1000,31.29,4.66,A
1000,31.29,8.91,A
1000,31.29,9.43,A
1000,31.29,11.78,A
1000,31.29,12.2,A
1000,31.29,12.32,A
1000,31.29,13.25,A
1000,31.29,14.66,A
1000,31.29,16.37,A
1000,31.29,17.15,A
1000,31.29,18.06,A
1000,31.29,18.09,A
1000,31.29,18.21,A
1000,31.29,18.34,A
1000,31.29,19,A
1000,31.29,21.05,A
1000,31.29,22.02,A
1000,31.29,22.05,A
1000,31.29,22.37,A
1000,31.29,23.8,A
1000,31.29,26.54,A
1000,31.29,33.84,A
1000,31.3,0.71,A
1000,31.3,2.5,A
1000,31.3,3.91,A
1000,31.3,4.71,A
1000,31.3,5.47,A
1000,31.3,7.5,A
1000,31.3,7.93,A
1000,31.3,8.02,A
1000,31.3,9.08,A
1000,31.3,9.13,A
1000,31.3,10.43,A
1000,31.3,10.56,A
1000,31.3,10.67,A
1000,31.3,10.82,A
1000,31.3,10.85,A
1000,31.3,11.96,A
1000,31.3,12.64,A
1000,31.3,12.75,A
1000,31.3,12.96,A
1000,31.3,14.94,A
1000,31.3,16.15,A
1000,31.3,17.01,A
1000,31.3,17.07,A
1000,31.3,18.88,A
1000,31.3,18.97,A
1000,31.3,19.82,A
1000,31.3,26.49,A
1000,31.3,27.65,A
1000,31.32,0.79,A
1000,31.32,1.2,A
1000,31.32,2,A
1000,31.32,4.96,A
1000,31.32,6.22,A
1000,31.32,6.62,A
1000,31.32,6.74,A
1000,31.32,6.77,A
1000,31.32,11.32,A
1000,31.32,14.1,A
1000,31.32,14.3,A
1000,31.32,17.97,A
1000,31.32,20.82,A
1000,31.32,21.33,A
1000,31.32,23.55,A
1000,31.32,24.61,A
1000,31.32,25.38,A
1000,31.32,27.96,A
1000,31.33,0.57,A
1000,31.33,0.86,A
1000,31.33,1.07,A
1000,31.33,1.12,A
1000,31.33,1.17,A
1000,31.33,1.23,A
1000,31.33,1.28,A
1000,31.33,1.76,A
1000,31.33,2.1,A
1000,31.33,2.69,A
1000,31.33,3.06,A
1000,31.33,3.27,A
1000,31.33,3.39,A
1000,31.33,3.42,A
1000,31.33,4.29,A
1000,31.33,4.66,A
1000,31.33,4.86,A
1000,31.33,5.35,A
1000,31.33,5.49,A
1000,31.33,5.5,A
1000,31.33,6.2,A
1000,31.33,6.66,A
1000,31.33,6.77,A
1000,31.33,6.99,A
1000,31.33,7.35,A
1000,31.33,7.81,A
1000,31.33,7.98,A
1000,31.33,8.4,A
1000,31.33,8.42,A
1000,31.33,8.94,A
1000,31.33,9.46,A
1000,31.33,9.47,A
1000,31.33,9.53,A
1000,31.33,9.9,A
1000,31.33,9.91,A
1000,31.33,10.23,A
1000,31.33,10.25,A
1000,31.33,10.27,A
1000,31.33,10.5,A
1000,31.33,10.53,A
1000,31.33,10.62,A
1000,31.33,10.67,A
1000,31.33,10.79,A
1000,31.33,11.04,A
1000,31.33,11.5,A
1000,31.33,11.97,A
1000,31.33,12.54,A
1000,31.33,12.83,A
1000,31.33,12.84,A
1000,31.33,13.53,A
1000,31.33,13.54,A
1000,31.33,13.64,A
1000,31.33,14.17,A
1000,31.33,14.24,A
1000,31.33,14.44,A
1000,31.33,15,A
1000,31.33,15.22,A
1000,31.33,15.49,A
1000,31.33,16.12,A
1000,31.33,16.5,A
1000,31.33,17.07,A
1000,31.33,17.2,A
1000,31.33,17.48,A
1000,31.33,17.53,A
1000,31.33,17.8,A
1000,31.33,17.87,A
1000,31.33,17.97,A
1000,31.33,18.5,A
1000,31.33,18.83,A
1000,31.33,19.5,A
1000,31.33,19.62,A
1000,31.33,20.3,A
1000,31.33,20.33,A
1000,31.33,20.84,A
1000,31.33,20.92,A
1000,31.33,21.23,A
1000,31.33,21.36,A
1000,31.33,21.39,A
1000,31.33,21.43,A
1000,31.33,21.73,A
1000,31.33,21.9,A
1000,31.33,23.76,A
1000,31.33,25.12,A
1000,31.33,25.48,A
1000,31.33,25.68,A
1000,31.33,26.19,A
1000,31.33,27.47,A
1000,31.33,28.61,A
1000,31.33,28.69,A
1000,31.33,28.81,A
1000,31.33,28.83,A
1000,31.33,29.18,A
1000,31.33,30.12,A
1000,31.33,31.71,A
1000,31.33,34,A
1000,31.34,1.67,A
1000,31.34,1.7,A
1000,31.34,2.33,A
1000,31.34,3.15,A
1000,31.34,5.95,A
1000,31.34,6.96,A
1000,31.34,7.06,A
1000,31.34,7.3,A
1000,31.34,7.43,A
1000,31.34,7.52,A
1000,31.34,7.74,A
1000,31.34,7.87,A
1000,31.34,8.03,A
1000,31.34,8.25,A
1000,31.34,9.04,A
1000,31.34,9.21,A
1000,31.34,9.26,A
1000,31.34,9.39,A
1000,31.34,9.4,A
1000,31.34,9.55,A
1000,31.34,10.3,A
1000,31.34,10.93,A
1000,31.34,11.47,A
1000,31.34,12.08,A
1000,31.34,12.27,A
1000,31.34,12.67,A
1000,31.34,12.81,A
1000,31.34,12.99,A
1000,31.34,13.12,A
1000,31.34,13.25,A
1000,31.34,13.64,A
1000,31.34,14.1,A
1000,31.34,14.39,A
1000,31.34,16.28,A
1000,31.34,16.31,A
1000,31.34,16.44,A
1000,31.34,16.48,A
1000,31.34,16.65,A
1000,31.34,16.84,A
1000,31.34,18.13,A
1000,31.34,19.02,A
1000,31.34,19.87,A
1000,31.34,20.51,A
1000,31.34,20.58,A
1000,31.34,21.53,A
1000,31.34,22.36,A
1000,31.34,22.56,A
1000,31.34,24.67,A
1000,31.34,25.35,A
1000,31.34,26.88,A
1000,31.34,27.58,A
1000,31.34,29.65,A
1000,31.34,30.73,A
1000,31.34,31.52,A
1000,31.38,0.44,A
1000,31.38,8.21,A
1000,31.38,8.6,A
1000,31.38,9.24,A
1000,31.38,11.55,A
1000,31.38,12.13,A
1000,31.38,13.2,A
1000,31.38,13.65,A
1000,31.38,14.11,A
1000,31.38,16.23,A
1000,31.38,19.12,A
1000,31.38,19.75,A
1000,31.38,19.83,A
1000,31.38,21.08,A
1000,31.42,0,B
1000,31.42,7.87,B
1000,31.42,9.3,B
1000,31.42,9.33,B
1000,31.42,9.39,B
1000,31.42,11.11,B
1000,31.42,11.35,B
1000,31.42,11.71,B
1000,31.42,13.26,B
1000,31.42,14.06,B
1000,31.42,14.77,B
1000,31.42,16.15,B
1000,31.42,16.34,B
1000,31.42,16.74,B
1000,31.42,16.85,B
1000,31.42,17.27,B
1000,31.42,17.41,B
1000,31.42,19.35,B
1000,31.42,19.47,B
1000,31.42,21.51,B
1000,31.42,21.77,B
1000,31.42,22.26,B
1000,31.42,22.58,B
1000,31.42,22.96,B
1000,31.42,23.04,B
1000,31.42,24.64,B
1000,31.42,25.42,B
1000,31.42,31.1,B
1000,31.42,31.92,B
1000,31.42,32.45,B
1000,31.42,33.73,B
1000,31.42,39.67,B
1000,31.43,1.95,A
1000,31.43,3.12,A
1000,31.43,3.81,A
1000,31.43,4.51,A
1000,31.43,5.71,A
1000,31.43,5.99,A
1000,31.43,7.06,A
1000,31.43,7.89,A
1000,31.43,8.58,A
1000,31.43,9.69,A
1000,31.43,13.28,A
1000,31.43,13.8,A
1000,31.43,14.31,A
1000,31.43,14.6,A
1000,31.43,15.64,A
1000,31.43,16.74,A
1000,31.43,18.79,A
1000,31.43,19.97,A
1000,31.43,24.05,A
1000,31.45,1.82,B
1000,31.45,2.46,B
1000,31.45,3.87,B
1000,31.45,5.13,B
1000,31.45,7.16,B
1000,31.45,7.37,B
1000,31.45,7.76,B
1000,31.45,8.97,B
1000,31.45,9.66,B
1000,31.45,9.8,B
1000,31.45,9.88,B
1000,31.45,10.02,B
1000,31.45,10.07,B
1000,31.45,10.85,B
1000,31.45,11.04,B
1000,31.45,11.88,B
1000,31.45,11.98,B
1000,31.45,12.28,B
1000,31.45,12.33,B
1000,31.45,12.56,B
1000,31.45,13.05,B
1000,31.45,13.64,B
1000,31.45,13.67,B
1000,31.45,13.78,B
1000,31.45,13.84,B
1000,31.45,13.89,B
1000,31.45,13.97,B
1000,31.45,14.22,B
1000,31.45,14.24,B
1000,31.45,14.82,B
1000,31.45,14.91,B
1000,31.45,15.49,B
1000,31.45,16,B
1000,31.45,17.11,B
1000,31.45,17.44,B
1000,31.45,17.47,B
1000,31.45,18.03,B
1000,31.45,18.12,B
1000,31.45,18.17,B
1000,31.45,18.35,B
1000,31.45,18.46,B
1000,31.45,18.54,B
1000,31.45,19.2,B
1000,31.45,20.13,B
1000,31.45,20.4,B
1000,31.45,20.5,B
1000,31.45,20.76,B
1000,31.45,21.1,B
1000,31.45,21.38,B
1000,31.45,21.95,B
1000,31.45,22.12,B
1000,31.45,23.11,B
1000,31.45,23.63,B
1000,31.45,23.89,B
1000,31.45,24.01,B
1000,31.45,24.44,B
1000,31.45,24.82,B
1000,31.45,24.92,B
1000,31.45,24.98,B
1000,31.45,25.25,B
1000,31.45,25.85,B
1000,31.45,26.49,B
1000,31.45,26.94,B
1000,31.45,27.68,B
1000,31.45,28.03,B
1000,31.45,28.99,B
1000,31.45,31.23,B
1000,31.45,31.35,B
1000,31.45,32.73,B
1000,31.45,33.83,B
1000,31.45,33.96,B
1000,31.45,34.42,B
1000,31.52,5.82,B
1000,31.52,6.66,A
1000,31.52,7.99,B
1000,31.52,10.24,B
1000,31.52,11,B
1000,31.52,11.55,A
1000,31.52,12.91,B
1000,31.52,15.89,A
1000,31.52,16.56,B
1000,31.52,18.14,B
1000,31.52,19.24,B
1000,31.52,19.75,B
1000,31.52,20.8,A
1000,31.52,22.29,B
1000,31.52,25.01,B
1000,31.52,25.09,B
1000,31.52,25.85,B
1000,31.52,26.04,A
1000,31.52,27.61,B
1000,31.52,29.28,A
1000,31.52,34.87,B
1000,31.52,36.98,B
1000,31.52,39.92,A
1000,31.55,3.89,A
1000,31.55,4.89,A
1000,31.55,8.36,A
1000,31.55,11.27,A
1000,31.55,11.56,A
1000,31.55,11.93,A
1000,31.55,12.6,A
1000,31.55,13.27,A
1000,31.55,14.46,A
1000,31.55,14.7,A
1000,31.55,14.71,A
1000,31.55,14.95,A
1000,31.55,15.32,A
1000,31.55,15.96,A
1000,31.55,16.33,A
1000,31.55,19.68,A
1000,31.55,20,A
1000,31.55,23.43,A
1000,31.55,24.69,A
1000,31.55,26.8,A
1000,31.55,27.89,A
1000,31.55,28.83,A
1000,31.55,28.86,A
1000,31.57,9.75,A
1000,31.57,10.12,B
1000,31.57,17.16,B
1000,31.57,27.15,B
1000,31.61,3.42,A
1000,31.61,5.03,A
1000,31.61,5.16,A
1000,31.61,6.56,A
1000,31.61,6.59,A
1000,31.61,7.1,A
1000,31.61,7.76,A
1000,31.61,8.58,A
1000,31.61,8.81,A
1000,31.61,9.29,A
1000,31.61,14.91,A
1000,31.61,17.11,A
1000,31.61,17.78,A
1000,31.61,19.34,A
1000,31.61,20.56,A
1000,31.61,24.08,A
1000,31.61,26.98,A
1000,31.61,29.35,A
1000,31.62,1.9,A
1000,31.62,2.42,A
1000,31.62,3.59,A
1000,31.62,8.53,A
1000,31.62,10.69,A
1000,31.62,12.05,A
1000,31.62,13.62,A
1000,31.63,18.03,A
1000,31.65,8.36,B
1000,31.65,10.43,B
1000,31.65,13.17,B
1000,31.65,17.71,B
1000,31.65,18.47,B
1000,31.65,19.58,B
1000,31.65,23.51,B
1000,31.65,23.86,B
1000,31.65,24,B
1000,31.72,6.44,A
1000,31.72,7.04,A
1000,31.72,10.56,A
1000,31.72,10.77,A
1000,31.72,11.91,A
1000,31.72,13.24,A
1000,31.72,13.5,A
1000,31.72,18.7,A
1000,31.72,24.3,A
1000,31.72,29.05,A
1000,31.72,33.12,A
1000,31.76,0.75,A
1000,31.76,1.87,A
1000,31.76,6.35,A
1000,31.76,10.06,A
1000,31.76,14.24,A
1000,31.76,14.53,A
1000,31.76,15.02,A
1000,31.76,18.99,A
1000,31.76,20.29,A
1000,31.76,22.8,A
1000,31.76,24.29,A
1000,31.78,0.25,A
1000,31.78,1.39,A
1000,31.8,0.89,B
1000,31.8,4.88,B
1000,31.8,10.39,B
1000,31.8,12.15,B
1000,31.8,12.87,B
1000,31.8,14.45,B
1000,31.8,16.15,B
1000,31.8,17.35,B
1000,31.8,17.42,B
1000,31.8,17.75,B
1000,31.8,18.28,B
1000,31.8,18.45,B
1000,31.8,18.89,B
1000,31.8,19.24,B
1000,31.8,20.86,B
1000,31.8,24.5,B
1000,31.8,25.82,B
1000,31.8,27.57,B
1000,31.8,28.01,B
1000,31.8,34.95,B
1000,31.88,0,B
1000,31.88,0.42,B
1000,31.88,1.07,B
1000,31.88,1.52,B
1000,31.88,1.98,B
1000,31.88,2.25,B
1000,31.88,2.98,B
1000,31.88,3.25,B
1000,31.88,3.65,B
1000,31.88,3.67,B
1000,31.88,4.67,B
1000,31.88,5.93,B
1000,31.88,5.98,B
1000,31.88,6.04,B
1000,31.88,6.22,B
1000,31.88,6.68,B
1000,31.88,7.81,B
1000,31.88,7.86,B
1000,31.88,8.32,B
1000,31.88,8.34,B
1000,31.88,8.64,B
1000,31.88,8.67,B
1000,31.88,9.08,B
1000,31.88,9.59,B
1000,31.88,10.94,B
1000,31.88,10.96,B
1000,31.88,11.01,B
1000,31.88,11.04,B
1000,31.88,11.06,B
1000,31.88,11.73,B
1000,31.88,11.77,B
1000,31.88,12.06,B
1000,31.88,12.5,B
1000,31.88,12.51,B
1000,31.88,12.76,B
1000,31.88,12.89,B
1000,31.88,12.9,B
1000,31.88,13.62,B
1000,31.88,14,B
1000,31.88,14.07,B
1000,31.88,14.13,B
1000,31.88,14.62,B
1000,31.88,15.39,B
1000,31.88,15.56,B
1000,31.88,15.62,B
1000,31.88,16.42,B
1000,31.88,16.44,B
1000,31.88,16.94,B
1000,31.88,17.15,B
1000,31.88,17.49,B
1000,31.88,17.63,B
1000,31.88,17.79,B
1000,31.88,17.84,B
1000,31.88,17.97,B
1000,31.88,18.14,B
1000,31.88,18.58,B
1000,31.88,18.69,B
1000,31.88,18.9,B
1000,31.88,18.98,B
1000,31.88,19.25,B
1000,31.88,19.47,B
1000,31.88,20.01,B
1000,31.88,21.09,B
1000,31.88,21.1,B
1000,31.88,22.06,B
1000,31.88,22.08,B
1000,31.88,22.28,B
1000,31.88,22.82,B
1000,31.88,23.39,B
1000,31.88,23.71,B
1000,31.88,24.05,B
1000,31.88,24.56,B
1000,31.88,25.08,B
1000,31.88,25.73,B
1000,31.88,26.6,B
1000,31.88,27,B
1000,31.88,27.76,B
1000,31.88,28.84,B
1000,31.88,29.04,B
1000,31.88,29.72,B
1000,31.88,29.98,B
1000,31.88,31.79,B
1000,31.88,33.79,B
1000,31.88,34.74,B
1000,31.88,36.08,B
1000,31.88,36.39,B
1000,31.92,15.44,B
1000,31.92,24.92,B
1000,31.95,7.27,A
1000,31.95,20.37,A
1000,31.95,21.19,A
1000,31.96,0.92,B
1000,32.01,0.26,B
1000,32.01,0.86,B
1000,32.01,1.08,B
1000,32.01,1.79,B
1000,32.01,3.07,B
1000,32.01,3.12,B
1000,32.01,3.19,B
1000,32.01,3.2,B
1000,32.01,3.32,B
1000,32.01,3.65,B
1000,32.01,3.84,B
1000,32.01,4.32,B
1000,32.01,4.42,B
1000,32.01,4.74,B
1000,32.01,4.83,B
1000,32.01,5.45,B
1000,32.01,5.72,B
1000,32.01,5.73,B
1000,32.01,5.81,B
1000,32.01,5.98,B
1000,32.01,6.03,B
1000,32.01,6.32,B
1000,32.01,6.83,B
1000,32.01,6.96,B
1000,32.01,7.43,B
1000,32.01,7.83,B
1000,32.01,8.2,B
1000,32.01,8.31,B
1000,32.01,8.42,B
1000,32.01,8.64,B
1000,32.01,8.75,B
1000,32.01,8.78,B
1000,32.01,9.01,B
1000,32.01,9.05,B
1000,32.01,9.19,B
1000,32.01,9.22,B
1000,32.01,9.45,B
1000,32.01,9.83,B
1000,32.01,9.93,B
1000,32.01,10.5,B
1000,32.01,10.53,B
1000,32.01,10.56,B
1000,32.01,10.65,B
1000,32.01,10.98,B
1000,32.01,11.24,B
1000,32.01,11.26,B
1000,32.01,11.32,B
1000,32.01,11.39,B
1000,32.01,11.5,B
1000,32.01,11.54,B
1000,32.01,11.71,B
1000,32.01,11.81,B
1000,32.01,12.13,B
1000,32.01,12.53,B
1000,32.01,13.37,B
1000,32.01,13.42,B
1000,32.01,13.63,B
1000,32.01,13.83,B
1000,32.01,13.89,B
1000,32.01,13.96,B
1000,32.01,13.99,B
1000,32.01,14.14,B
1000,32.01,14.58,B
1000,32.01,14.67,B
1000,32.01,14.76,B
1000,32.01,14.8,B
1000,32.01,14.88,B
1000,32.01,15.29,B
1000,32.01,15.5,B
1000,32.01,15.57,B
1000,32.01,15.89,B
1000,32.01,16.08,B
1000,32.01,16.14,B
1000,32.01,16.53,B
1000,32.01,16.6,B
1000,32.01,16.85,B
1000,32.01,17.14,B
1000,32.01,17.21,B
1000,32.01,17.41,B
1000,32.01,17.78,B
1000,32.01,18.73,B
1000,32.01,18.81,B
1000,32.01,19.39,B
1000,32.01,19.52,B
1000,32.01,19.6,B
1000,32.01,19.91,B
1000,32.01,20.18,B
1000,32.01,20.27,B
1000,32.01,20.63,B
1000,32.01,21,B
1000,32.01,21.21,B
1000,32.01,21.32,B
1000,32.01,21.9,B
1000,32.01,22.09,B
1000,32.01,22.18,B
1000,32.01,22.37,B
1000,32.01,23.66,B
1000,32.01,23.69,B
1000,32.01,24.33,B
1000,32.01,24.45,B
1000,32.01,24.9,B
1000,32.01,25,B
1000,32.01,25.03,B
1000,32.01,25.38,B
1000,32.01,25.8,B
1000,32.01,26.57,B
1000,32.01,27.63,B
1000,32.01,28.24,B
1000,32.01,28.44,B
1000,32.01,28.9,B
1000,32.01,29.07,B
1000,32.01,29.28,B
1000,32.01,29.38,B
1000,32.01,29.62,B
1000,32.01,30.74,B
1000,32.01,30.95,B
1000,32.01,31,B
1000,32.01,31.18,B
1000,32.01,32,B
1000,32.01,34.3,B
1000,32.01,34.39,B
1000,32.01,40.68,B
1000,32.03,0.08,B
1000,32.03,0.9,B
1000,32.03,2.33,B
1000,32.03,2.68,B
1000,32.03,3.64,B
1000,32.03,4.49,B
1000,32.03,5.16,B
1000,32.03,5.89,B
1000,32.03,6.76,B
1000,32.03,6.92,B
1000,32.03,8.76,B
1000,32.03,8.77,B
1000,32.03,9,B
1000,32.03,9.69,B
1000,32.03,11.22,B
1000,32.03,11.46,B
1000,32.03,12.43,B
1000,32.03,12.55,B
1000,32.03,13.06,B
1000,32.03,13.41,B
1000,32.03,14.11,B
1000,32.03,14.42,B
1000,32.03,14.92,B
1000,32.03,15.83,B
1000,32.03,16.92,B
1000,32.03,16.94,B
1000,32.03,18.21,B
1000,32.03,18.82,B
1000,32.03,20.14,B
1000,32.03,20.56,B
1000,32.03,20.89,B
1000,32.03,20.92,B
1000,32.03,21.77,B
1000,32.03,21.79,B
1000,32.03,22.84,B
1000,32.03,23.13,B
1000,32.03,23.63,B
1000,32.03,26.09,B
1000,32.03,26.12,B
1000,32.03,26.84,B
1000,32.03,27.53,B
1000,32.08,1.3,B
1000,32.08,3.28,B
1000,32.08,4.18,B
1000,32.08,5.65,B
1000,32.08,6.06,B
1000,32.08,7.52,B
1000,32.08,7.58,B
1000,32.08,8.11,B
1000,32.08,8.86,B
1000,32.08,11.68,B
1000,32.08,17.77,B
1000,32.08,20.61,B
1000,32.08,25.48,B
1000,32.08,26,B
1000,32.08,26.48,B
1000,32.08,27.4,B
1000,32.08,31.77,B
1000,32.08,32.49,B
1000,32.09,11.02,B
1000,32.09,11.31,B
1000,32.09,14.34,B
1000,32.1,2.64,A
1000,32.1,3.71,A
1000,32.1,6.16,A
1000,32.1,18,B
1000,32.1,18.67,B
1000,32.1,23.51,B
1000,32.11,10,B
1000,32.12,8.91,B
1000,32.12,22.8,B
1000,32.14,7.36,B
1000,32.14,12.26,B
1000,32.14,22.55,B
1000,32.15,3.12,B
1000,32.15,3.87,B
1000,32.15,5.56,B
1000,32.15,7.59,B
1000,32.15,8.03,B
1000,32.15,8.06,B
1000,32.15,11.13,B
1000,32.15,11.3,B
1000,32.15,13.41,B
1000,32.15,13.7,B
1000,32.15,15.63,B
1000,32.15,16.17,B
1000,32.15,17.11,B
1000,32.15,17.76,B
1000,32.15,17.83,B
1000,32.15,18.06,B
1000,32.15,18.15,B
1000,32.15,18.3,B
1000,32.15,18.76,B
1000,32.15,18.99,B
1000,32.15,19.51,B
1000,32.15,20.89,B
1000,32.15,21.39,B
1000,32.15,23.22,B
1000,32.15,24.06,B
1000,32.15,25.57,B
1000,32.15,26.46,B
1000,32.15,27.4,B
1000,32.15,28.96,B
1000,32.15,29.55,B
1000,32.16,1.81,B
1000,32.16,7.09,B
1000,32.16,7.44,B
1000,32.16,8.52,B
1000,32.16,10.54,B
1000,32.16,10.7,B
1000,32.16,12.65,B
1000,32.16,13.53,B
1000,32.16,14.66,B
1000,32.16,15.44,B
1000,32.16,15.45,B
1000,32.16,16.95,B
1000,32.16,21.34,B
1000,32.16,22.6,B
1000,32.16,29.13,B
1000,32.16,29.68,B
1000,32.18,4.04,B
1000,32.18,9.35,B
1000,32.18,10.15,B
1000,32.18,11.75,B
1000,32.18,13.17,B
1000,32.18,14.59,B
1000,32.18,14.86,B
1000,32.18,14.96,B
1000,32.18,17.43,B
1000,32.18,19.59,B
1000,32.18,20.93,B
1000,32.18,21.87,B
1000,32.18,26.22,B
1000,32.22,12.03,B
1000,32.22,13.92,B
1000,32.22,24.46,B
1000,32.23,3.34,B
1000,32.23,6.77,B
1000,32.23,7.44,B
1000,32.23,7.46,B
1000,32.23,8.24,B
1000,32.23,9.76,B
1000,32.23,10.33,B
1000,32.23,12.75,B
1000,32.23,14.27,B
1000,32.23,14.95,B
1000,32.23,16.64,B
1000,32.23,17.4,B
1000,32.23,18.42,B
1000,32.23,18.61,B
1000,32.23,18.9,B
1000,32.23,19.96,B
1000,32.23,20.4,B
1000,32.23,29.97,B
1000,32.23,31.12,B
1000,32.24,0,B
1000,32.24,0.26,B
1000,32.24,1.08,B
1000,32.24,1.29,B
1000,32.24,1.52,B
1000,32.24,4.95,B
1000,32.24,6,B
1000,32.24,6.48,B
1000,32.24,6.8,B
1000,32.24,6.98,B
1000,32.24,7.09,B
1000,32.24,7.23,B
1000,32.24,7.27,B
1000,32.24,7.3,B
1000,32.24,7.49,B
1000,32.24,7.63,B
1000,32.24,8,B
1000,32.24,8.37,B
1000,32.24,8.63,B
1000,32.24,9.08,B
1000,32.24,9.24,B
1000,32.24,10.12,B
1000,32.24,10.58,B
1000,32.24,10.62,B
1000,32.24,10.63,B
1000,32.24,10.73,B
1000,32.24,11.15,B
1000,32.24,11.85,B
1000,32.24,11.89,B
1000,32.24,12.22,B
1000,32.24,12.35,B
1000,32.24,12.4,B
1000,32.24,12.45,B
1000,32.24,12.71,B
1000,32.24,12.78,B
1000,32.24,12.86,B
1000,32.24,12.94,B
1000,32.24,12.97,B
1000,32.24,13.11,B
1000,32.24,13.4,B
1000,32.24,13.68,B
1000,32.24,13.86,B
1000,32.24,14.1,B
1000,32.24,14.12,B
1000,32.24,14.16,B
1000,32.24,15.09,B
1000,32.24,16.46,B
1000,32.24,16.74,B
1000,32.24,16.78,B
1000,32.24,16.83,B
1000,32.24,17.09,B
1000,32.24,17.3,B
1000,32.24,17.34,B
1000,32.24,17.47,B
1000,32.24,17.52,B
1000,32.24,18,B
1000,32.24,18.11,B
1000,32.24,18.12,B
1000,32.24,18.22,B
1000,32.24,18.44,B
1000,32.24,18.52,B
1000,32.24,18.73,B
1000,32.24,18.81,B
1000,32.24,18.93,B
1000,32.24,19.01,B
1000,32.24,19.17,B
1000,32.24,19.28,B
1000,32.24,19.31,B
1000,32.24,19.61,B
1000,32.24,19.65,B
1000,32.24,19.66,B
1000,32.24,19.67,B
1000,32.24,19.82,B
1000,32.24,19.96,B
1000,32.24,20.28,B
1000,32.24,20.3,B
1000,32.24,20.52,B
1000,32.24,20.8,B
1000,32.24,20.82,B
1000,32.24,21.31,B
1000,32.24,21.34,B
1000,32.24,21.96,B
1000,32.24,22.3,B
1000,32.24,22.48,B
1000,32.24,22.8,B
1000,32.24,22.88,B
1000,32.24,23.24,B
1000,32.24,23.38,B
1000,32.24,24.03,B
1000,32.24,24.26,B
1000,32.24,24.28,B
1000,32.24,24.44,B
1000,32.24,24.86,B
1000,32.24,25.03,B
1000,32.24,25.06,B
1000,32.24,25.07,B
1000,32.24,25.29,B
1000,32.24,25.31,B
1000,32.24,26.35,B
1000,32.24,26.89,B
1000,32.24,27.06,B
1000,32.24,27.53,B
1000,32.24,28.81,B
1000,32.24,29.26,B
1000,32.24,29.31,B
1000,32.24,30.23,B
1000,32.24,30.24,B
1000,32.24,30.53,B
1000,32.24,31.54,B
1000,32.24,33.38,B
1000,32.24,33.52,B
1000,32.24,34.04,B
1000,32.24,41.54,B
1000,32.24,66.77,B
1000,32.27,1.36,B
1000,32.27,2.63,B
1000,32.27,2.84,B
1000,32.27,4.08,B
1000,32.27,4.37,B
1000,32.27,5.05,B
1000,32.27,5.42,B
1000,32.27,5.89,B
1000,32.27,6.19,B
1000,32.27,6.31,B
1000,32.27,6.75,B
1000,32.27,7.91,B
1000,32.27,8.15,B
1000,32.27,8.38,B
1000,32.27,8.8,B
1000,32.27,9.11,B
1000,32.27,9.12,B
1000,32.27,10.58,B
1000,32.27,11.77,B
1000,32.27,12.52,B
1000,32.27,13.05,B
1000,32.27,13.53,B
1000,32.27,14.74,B
1000,32.27,15.03,B
1000,32.27,15.21,B
1000,32.27,16.09,B
1000,32.27,16.57,B
1000,32.27,17.33,B
1000,32.27,18,B
1000,32.27,19.72,B
1000,32.27,21.05,B
1000,32.27,21.06,B
1000,32.27,21.77,B
1000,32.27,22.02,B
1000,32.27,22.7,B
1000,32.27,23.34,B
1000,32.27,23.4,B
1000,32.27,23.63,B
1000,32.27,24.2,B
1000,32.27,24.42,B
1000,32.27,24.88,B
1000,32.27,25.18,B
1000,32.27,26.95,B
1000,32.27,26.97,B
1000,32.27,28.15,B
1000,32.27,32.12,B
1000,32.27,32.17,B
1000,32.27,36.74,B
1000,32.27,39.89,B
1000,32.31,2.85,B
1000,32.31,3.51,B
1000,32.31,3.82,B
1000,32.31,4.29,B
1000,32.31,4.84,B
1000,32.31,5.24,B
1000,32.31,6.2,B
1000,32.31,6.32,B
1000,32.31,8.11,B
1000,32.31,8.3,B
1000,32.31,9.79,B
1000,32.31,10.08,B
1000,32.31,10.71,B
1000,32.31,11.87,B
1000,32.31,11.94,B
1000,32.31,12.59,B
1000,32.31,13,B
1000,32.31,13.71,B
1000,32.31,13.72,B
1000,32.31,14.04,B
1000,32.31,14.05,B
1000,32.31,14.07,B
1000,32.31,14.22,B
1000,32.31,14.36,B
1000,32.31,14.52,B
1000,32.31,14.88,B
1000,32.31,17.97,B
1000,32.31,18.96,B
1000,32.31,20.53,B
1000,32.31,21.1,B
1000,32.31,21.57,B
1000,32.31,22.81,B
1000,32.31,25.31,B
1000,32.31,27.6,B
1000,32.31,27.65,B
1000,32.31,28.06,B
1000,32.34,8.18,B
1000,32.34,8.78,B
1000,32.34,12.92,B
1000,32.34,13.74,B
1000,32.34,15.6,B
1000,32.34,19.87,B
1000,32.34,22.97,B
1000,32.34,29.79,B
1000,32.34,31.2,B
1000,32.35,12.84,B
1000,32.35,14.88,B
1000,32.35,14.93,B
1000,32.35,18.11,B
1000,32.35,19.68,B
1000,32.35,20.97,B
1000,32.35,32.93,B
1000,32.39,14.71,B
1000,32.39,21.37,B
1000,32.39,24.21,B
1000,32.43,1.1,B
1000,32.43,4.37,B
1000,32.43,6.84,B
1000,32.43,10.1,B
1000,32.43,10.27,B
1000,32.43,16.99,B
1000,32.43,21.14,B
1000,32.43,21.26,B
1000,32.43,34.52,B
1000,32.44,0,B
1000,32.44,3.71,B
1000,32.44,4.94,B
1000,32.44,13.18,B
1000,32.44,13.21,B
1000,32.44,16.89,B
1000,32.44,22.01,B
1000,32.45,8.09,B
1000,32.45,8.52,B
1000,32.45,9.58,B
1000,32.45,12.94,B
1000,32.45,15.48,B
1000,32.47,0,B
1000,32.47,0.03,B
1000,32.47,0.12,B
1000,32.47,0.61,B
1000,32.47,0.9,B
1000,32.47,1.14,B
1000,32.47,1.42,B
1000,32.47,1.49,B
1000,32.47,1.58,B
1000,32.47,1.6,B
1000,32.47,1.66,B
1000,32.47,2.03,B
1000,32.47,2.36,B
1000,32.47,2.55,B
1000,32.47,2.58,B
1000,32.47,2.87,B
1000,32.47,2.88,B
1000,32.47,3.22,B
1000,32.47,5.4,B
1000,32.47,5.52,B
1000,32.47,5.68,B
1000,32.47,6.14,B
1000,32.47,6.8,B
1000,32.47,6.86,B
1000,32.47,7.06,B
1000,32.47,7.23,B
1000,32.47,7.3,B
1000,32.47,7.58,B
1000,32.47,7.72,B
1000,32.47,8.13,B
1000,32.47,8.39,B
1000,32.47,8.76,B
1000,32.47,8.89,B
1000,32.47,9,B
1000,32.47,9.01,B
1000,32.47,9.11,B
1000,32.47,9.58,B
1000,32.47,9.59,B
1000,32.47,9.62,B
1000,32.47,9.81,B
1000,32.47,9.83,B
1000,32.47,10.3,B
1000,32.47,10.88,B
1000,32.47,11.03,B
1000,32.47,11.07,B
1000,32.47,11.21,B
1000,32.47,11.28,B
1000,32.47,11.46,B
1000,32.47,12.19,B
1000,32.47,12.28,B
1000,32.47,12.35,B
1000,32.47,12.62,B
1000,32.47,12.65,B
1000,32.47,12.72,B
1000,32.47,12.73,B
1000,32.47,12.93,B
1000,32.47,13.03,B
1000,32.47,13.05,B
1000,32.47,13.08,B
1000,32.47,13.2,B
1000,32.47,13.24,B
1000,32.47,13.53,B
1000,32.47,13.57,B
1000,32.47,13.65,B
1000,32.47,14.12,B
1000,32.47,14.14,B
1000,32.47,14.34,B
1000,32.47,14.4,B
1000,32.47,14.52,B
1000,32.47,14.66,B
1000,32.47,14.91,B
1000,32.47,15.15,B
1000,32.47,15.31,B
1000,32.47,15.51,B
1000,32.47,15.67,B
1000,32.47,15.68,B
1000,32.47,15.71,B
1000,32.47,15.77,B
1000,32.47,16.25,B
1000,32.47,16.37,B
1000,32.47,16.44,B
1000,32.47,16.56,B
1000,32.47,16.65,B
1000,32.47,16.76,B
1000,32.47,17.31,B
1000,32.47,17.68,B
1000,32.47,17.76,B
1000,32.47,18.13,B
1000,32.47,18.14,B
1000,32.47,18.21,B
1000,32.47,18.36,B
1000,32.47,18.38,B
1000,32.47,18.43,B
1000,32.47,18.44,B
1000,32.47,18.79,B
1000,32.47,18.88,B
1000,32.47,18.93,B
1000,32.47,19.14,B
1000,32.47,19.33,B
1000,32.47,19.69,B
1000,32.47,19.71,B
1000,32.47,19.76,B
1000,32.47,19.89,B
1000,32.47,19.99,B
1000,32.47,20.17,B
1000,32.47,20.46,B
1000,32.47,20.54,B
1000,32.47,20.57,B
1000,32.47,20.74,B
1000,32.47,20.77,B
1000,32.47,20.78,B
1000,32.47,21.55,B
1000,32.47,21.95,B
1000,32.47,22.51,B
1000,32.47,23.03,B
1000,32.47,23.57,B
1000,32.47,23.87,B
1000,32.47,23.93,B
1000,32.47,24.04,B
1000,32.47,24.36,B
1000,32.47,24.43,B
1000,32.47,24.66,B
1000,32.47,25.03,B
1000,32.47,25.68,B
1000,32.47,25.93,B
1000,32.47,26.18,B
1000,32.47,26.36,B
1000,32.47,26.4,B
1000,32.47,26.57,B
1000,32.47,27.41,B
1000,32.47,27.48,B
1000,32.47,28.46,B
1000,32.47,28.88,B
1000,32.47,29.3,B
1000,32.47,29.72,B
1000,32.47,31.25,B
1000,32.47,32.18,B
1000,32.47,32.73,B
1000,32.47,33.23,B
1000,32.47,33.47,B
1000,32.47,33.58,B
1000,32.47,34.68,B
1000,32.47,38.06,B
1000,32.47,45.45,B
1000,32.47,87.08,B
1000,32.49,1.19,B
1000,32.49,1.26,B
1000,32.49,1.79,B
1000,32.49,2.5,B
1000,32.49,2.74,B
1000,32.49,3.4,B
1000,32.49,3.76,B
1000,32.49,4.51,B
1000,32.49,6.35,B
1000,32.49,6.48,B
1000,32.49,6.54,B
1000,32.49,7.02,B
1000,32.49,7.89,B
1000,32.49,9,B
1000,32.49,12.13,B
1000,32.49,12.67,B
1000,32.49,13.41,B
1000,32.49,14.31,B
1000,32.49,15.54,B
1000,32.49,16.86,B
1000,32.49,17.54,B
1000,32.49,17.68,B
1000,32.49,19.05,B
1000,32.49,20.65,B
1000,32.49,21.87,B
1000,32.49,28.37,B
1000,32.49,30.38,B
1000,32.49,34.05,B
1000,32.49,34.83,B
1000,32.49,36.04,B
1000,32.5,0.58,B
1000,32.5,1.26,B
1000,32.5,1.4,B
1000,32.5,1.87,B
1000,32.5,3.36,B
1000,32.5,5.1,B
1000,32.5,5.45,B
1000,32.5,5.65,B
1000,32.5,5.91,B
1000,32.5,6.44,B
1000,32.5,6.71,B
1000,32.5,7.32,B
1000,32.5,7.74,B
1000,32.5,7.87,B
1000,32.5,8.09,B
1000,32.5,8.25,B
1000,32.5,8.79,B
1000,32.5,9,B
1000,32.5,9.03,B
1000,32.5,9.48,B
1000,32.5,9.81,B
1000,32.5,10.59,B
1000,32.5,10.74,B
1000,32.5,10.75,B
1000,32.5,10.96,B
1000,32.5,11.1,B
1000,32.5,11.48,B
1000,32.5,11.51,B
1000,32.5,11.62,B
1000,32.5,12.14,B
1000,32.5,12.15,B
1000,32.5,12.88,B
1000,32.5,13.24,B
1000,32.5,13.46,B
1000,32.5,13.67,B
1000,32.5,13.8,B
1000,32.5,14.36,B
1000,32.5,15.39,B
1000,32.5,15.4,B
1000,32.5,15.43,B
1000,32.5,15.57,B
1000,32.5,15.75,B
1000,32.5,15.9,B
1000,32.5,15.95,B
1000,32.5,16.14,B
1000,32.5,16.41,B
1000,32.5,16.99,B
1000,32.5,17.04,B
1000,32.5,17.08,B
1000,32.5,17.11,B
1000,32.5,17.27,B
1000,32.5,17.7,B
1000,32.5,17.72,B
1000,32.5,17.75,B
1000,32.5,17.98,B
1000,32.5,18.07,B
1000,32.5,18.12,B
1000,32.5,18.14,B
1000,32.5,18.31,B
1000,32.5,18.44,B
1000,32.5,18.47,B
1000,32.5,18.64,B
1000,32.5,18.7,B
1000,32.5,18.75,B
1000,32.5,18.83,B
1000,32.5,19.56,B
1000,32.5,19.62,B
1000,32.5,19.85,B
1000,32.5,19.97,B
1000,32.5,20.29,B
1000,32.5,20.66,B
1000,32.5,20.83,B
1000,32.5,20.9,B
1000,32.5,20.95,B
1000,32.5,21.03,B
1000,32.5,21.06,B
1000,32.5,21.36,B
1000,32.5,21.8,B
1000,32.5,22.08,B
1000,32.5,22.11,B
1000,32.5,22.35,B
1000,32.5,22.4,B
1000,32.5,23.04,B
1000,32.5,23.19,B
1000,32.5,23.24,B
1000,32.5,23.67,B
1000,32.5,23.68,B
1000,32.5,23.9,B
1000,32.5,24.04,B
1000,32.5,24.16,B
1000,32.5,24.18,B
1000,32.5,24.44,B
1000,32.5,24.51,B
1000,32.5,24.76,B
1000,32.5,24.79,B
1000,32.5,24.8,B
1000,32.5,24.93,B
1000,32.5,24.94,B
1000,32.5,25.08,B
1000,32.5,25.11,B
1000,32.5,25.25,B
1000,32.5,25.48,B
1000,32.5,25.82,B
1000,32.5,25.95,B
1000,32.5,26.12,B
1000,32.5,27.99,B
1000,32.5,28.74,B
1000,32.5,28.85,B
1000,32.5,29.22,B
1000,32.5,30.49,B
1000,32.5,30.86,B
1000,32.5,32.12,B
1000,32.5,32.45,B
1000,32.5,32.56,B
1000,32.5,34.03,B
1000,32.5,34.29,B
1000,32.54,2.24,B
1000,32.54,3.84,B
1000,32.54,6.13,B
1000,32.54,10.01,B
1000,32.54,11.1,B
1000,32.54,13.3,B
1000,32.54,17.08,B
1000,32.54,18.43,B
1000,32.54,20.42,B
1000,32.54,26.59,B
1000,32.54,30.93,B
1000,32.54,31.07,B
1000,32.54,36.04,B
1000,32.55,10.5,B
1000,32.55,14.42,B
1000,32.55,14.47,C
1000,32.55,22.87,B
1000,32.55,27.47,B
1000,32.56,4.8,B
1000,32.56,23.58,B
1000,32.57,5.73,B
1000,32.57,9.16,B
1000,32.57,12.27,B
1000,32.57,12.81,B
1000,32.57,14.9,B
1000,32.57,20.26,B
1000,32.57,22.47,B
1000,32.57,24.54,B
1000,32.57,26.6,B
1000,32.58,4,B
1000,32.58,20.18,B
1000,32.58,21.3,B
1000,32.61,2.73,B
1000,32.61,3.67,B
1000,32.61,3.97,B
1000,32.61,4.92,B
1000,32.61,5.47,B
1000,32.61,6.2,B
1000,32.61,8.78,B
1000,32.61,13.18,B
1000,32.61,13.86,B
1000,32.61,14.7,B
1000,32.61,18.66,B
1000,32.62,1.61,B
1000,32.62,9,B
1000,32.62,18.2,B
1000,32.62,19.5,B
1000,32.63,3.16,B
1000,32.63,5.91,B
1000,32.63,6.45,B
1000,32.63,8.51,B
1000,32.63,8.68,B
1000,32.63,8.72,B
1000,32.63,9.6,B
1000,32.63,9.9,B
1000,32.63,10.11,B
1000,32.63,10.74,B
1000,32.63,11.16,B
1000,32.63,11.56,B
1000,32.63,12.95,B
1000,32.63,13.75,B
1000,32.63,14.28,B
1000,32.63,14.5,B
1000,32.63,14.58,B
1000,32.63,16.97,B
1000,32.63,20.48,B
1000,32.63,21.32,B
1000,32.63,22.68,B
1000,32.63,24.41,B
1000,32.63,27.34,B
1000,32.63,27.76,B
1000,32.63,29.49,B
1000,32.63,30.6,B
1000,32.63,32.66,B
1000,32.64,8.83,B
1000,32.64,10.02,B
1000,32.64,10.29,B
1000,32.64,10.76,B
1000,32.64,11.35,B
1000,32.64,16.56,B
1000,32.64,16.58,B
1000,32.64,23.96,B
1000,32.64,25.87,B
1000,32.64,29.59,B
1000,32.64,31.84,B
1000,32.64,32.66,B
1000,32.7,0,B
1000,32.7,0.36,B
1000,32.7,0.78,B
1000,32.7,1.41,B
1000,32.7,1.67,B
1000,32.7,2.31,B
1000,32.7,2.49,B
1000,32.7,3.07,B
1000,32.7,3.34,B
1000,32.7,3.48,B
1000,32.7,3.54,B
1000,32.7,3.89,B
1000,32.7,3.91,B
1000,32.7,4,B
1000,32.7,4.12,B
1000,32.7,4.29,B
1000,32.7,5.09,B
1000,32.7,5.2,B
1000,32.7,5.44,B
1000,32.7,5.77,B
1000,32.7,6.1,B
1000,32.7,6.19,B
1000,32.7,6.36,B
1000,32.7,6.41,B
1000,32.7,7.7,B
1000,32.7,8.02,B
1000,32.7,8.09,B
1000,32.7,8.18,B
1000,32.7,8.22,B
1000,32.7,8.51,B
1000,32.7,8.59,B
1000,32.7,8.7,B
1000,32.7,8.8,B
1000,32.7,8.94,B
1000,32.7,9.18,B
1000,32.7,9.39,B
1000,32.7,9.4,B
1000,32.7,9.44,B
1000,32.7,9.7,B
1000,32.7,9.98,B
1000,32.7,10.02,B
1000,32.7,10.14,B
1000,32.7,10.29,B
1000,32.7,10.66,B
1000,32.7,10.82,B
1000,32.7,10.96,B
1000,32.7,11.69,B
1000,32.7,12.52,B
1000,32.7,12.84,B
1000,32.7,12.89,B
1000,32.7,13.12,B
1000,32.7,13.13,B
1000,32.7,13.86,B
1000,32.7,14.18,B
1000,32.7,14.2,B
1000,32.7,14.59,B
1000,32.7,14.62,B
1000,32.7,14.89,B
1000,32.7,14.95,B
1000,32.7,15.27,B
1000,32.7,15.39,B
1000,32.7,15.51,B
1000,32.7,15.78,B
1000,32.7,15.84,B
1000,32.7,15.89,B
1000,32.7,15.9,B
1000,32.7,16.01,B
1000,32.7,16.33,B
1000,32.7,16.34,B
1000,32.7,16.6,B
1000,32.7,16.73,B
1000,32.7,17.14,B
1000,32.7,17.2,B
1000,32.7,17.79,B
1000,32.7,17.93,B
1000,32.7,18,B
1000,32.7,18.08,B
1000,32.7,18.18,B
1000,32.7,18.25,B
1000,32.7,18.39,B
1000,32.7,18.69,B
1000,32.7,18.71,B
1000,32.7,18.73,B
1000,32.7,18.95,B
1000,32.7,19.03,B
1000,32.7,19.27,B
1000,32.7,19.42,B
1000,32.7,19.48,B
1000,32.7,19.75,B
1000,32.7,19.9,B
1000,32.7,20.08,B
1000,32.7,20.34,B
1000,32.7,20.49,B
1000,32.7,20.54,B
1000,32.7,20.61,B
1000,32.7,20.64,B
1000,32.7,20.99,B
1000,32.7,21.14,B
1000,32.7,21.45,B
1000,32.7,21.71,B
1000,32.7,21.79,B
1000,32.7,21.81,B
1000,32.7,22.22,B
1000,32.7,22.23,B
1000,32.7,22.61,B
1000,32.7,23.06,B
1000,32.7,23.14,B
1000,32.7,24.74,B
1000,32.7,24.75,B
1000,32.7,24.9,B
1000,32.7,25.09,B
1000,32.7,25.11,B
1000,32.7,25.26,B
1000,32.7,25.29,B
1000,32.7,25.56,B
1000,32.7,25.66,B
1000,32.7,26.63,B
1000,32.7,26.66,B
1000,32.7,26.76,B
1000,32.7,27.18,B
1000,32.7,27.19,B
1000,32.7,27.56,B
1000,32.7,27.99,B
1000,32.7,29.55,B
1000,32.7,29.66,B
1000,32.7,30.13,B
1000,32.7,30.28,B
1000,32.7,30.47,B
1000,32.7,30.65,B
1000,32.7,30.74,B
1000,32.7,30.84,B
1000,32.7,31.53,B
1000,32.7,31.73,B
1000,32.7,32,B
1000,32.7,32.07,B
1000,32.7,33.23,B
1000,32.7,33.34,B
1000,32.7,37.21,B
1000,32.72,15.43,B
1000,32.74,1.76,B
1000,32.74,2.08,B
1000,32.74,2.09,B
1000,32.74,2.97,B
1000,32.74,2.98,B
1000,32.74,5.7,B
1000,32.74,5.77,B
1000,32.74,5.91,B
1000,32.74,5.94,B
1000,32.74,6.17,B
1000,32.74,6.78,B
1000,32.74,6.97,B
1000,32.74,7.45,B
1000,32.74,7.9,B
1000,32.74,7.97,B
1000,32.74,8.41,B
1000,32.74,8.53,B
1000,32.74,8.65,B
1000,32.74,9.09,B
1000,32.74,9.27,B
1000,32.74,9.92,B
1000,32.74,10.18,B
1000,32.74,10.84,B
1000,32.74,10.87,B
1000,32.74,11.12,B
1000,32.74,11.13,B
1000,32.74,11.39,B
1000,32.74,11.46,B
1000,32.74,11.66,B
1000,32.74,11.8,B
1000,32.74,11.85,B
1000,32.74,12.27,B
1000,32.74,12.44,B
1000,32.74,12.95,B
1000,32.74,13.26,B
1000,32.74,13.72,B
1000,32.74,13.86,B
1000,32.74,14.26,B
1000,32.74,14.4,B
1000,32.74,14.76,B
1000,32.74,15.18,B
1000,32.74,15.35,B
1000,32.74,15.51,B
1000,32.74,16.08,B
1000,32.74,16.11,B
1000,32.74,16.18,B
1000,32.74,16.2,B
1000,32.74,16.63,B
1000,32.74,16.8,B
1000,32.74,16.99,B
1000,32.74,17.31,B
1000,32.74,17.52,B
1000,32.74,17.64,B
1000,32.74,17.77,B
1000,32.74,17.78,B
1000,32.74,18.01,B
1000,32.74,18.13,B
1000,32.74,18.24,B
1000,32.74,18.3,B
1000,32.74,18.79,B
1000,32.74,18.8,B
1000,32.74,19.66,B
1000,32.74,20.04,B
1000,32.74,20.44,B
1000,32.74,20.5,B
1000,32.74,20.82,B
1000,32.74,21.29,B
1000,32.74,22.03,B
1000,32.74,22.07,B
1000,32.74,22.14,B
1000,32.74,22.19,B
1000,32.74,22.3,B
1000,32.74,22.5,B
1000,32.74,22.59,B
1000,32.74,22.71,B
1000,32.74,22.85,B
1000,32.74,23.06,B
1000,32.74,23.12,B
1000,32.74,23.26,B
1000,32.74,23.55,B
1000,32.74,24.16,B
1000,32.74,25.16,B
1000,32.74,25.61,B
1000,32.74,25.74,B
1000,32.74,26.25,B
1000,32.74,26.3,B
1000,32.74,27.08,B
1000,32.74,27.29,B
1000,32.74,27.3,B
1000,32.74,27.68,B
1000,32.74,29.88,B
1000,32.74,29.89,B
1000,32.74,34.66,B
1000,32.74,38.19,B
1000,32.74,38.96,B
1000,32.77,0,B
1000,32.77,1.5,B
1000,32.77,1.59,B
1000,32.77,2.39,B
1000,32.77,2.68,B
1000,32.77,2.7,B
1000,32.77,3.77,B
1000,32.77,4.19,B
1000,32.77,4.8,B
1000,32.77,4.91,B
1000,32.77,4.92,B
1000,32.77,5.13,B
1000,32.77,5.43,B
1000,32.77,5.68,B
1000,32.77,6,B
1000,32.77,6.23,B
1000,32.77,6.75,B
1000,32.77,7.24,B
1000,32.77,7.79,B
1000,32.77,8.47,B
1000,32.77,10.18,B
1000,32.77,11.16,B
1000,32.77,11.19,B
1000,32.77,13.31,B
1000,32.77,14.44,B
1000,32.77,14.65,B
1000,32.77,14.86,B
1000,32.77,15.07,B
1000,32.77,15.14,B
1000,32.77,15.26,B
1000,32.77,15.96,B
1000,32.77,17.39,B
1000,32.77,17.6,B
1000,32.77,17.65,B
1000,32.77,17.8,B
1000,32.77,18.04,B
1000,32.77,18.98,B
1000,32.77,19.81,B
1000,32.77,20,B
1000,32.77,20.96,B
1000,32.77,21,B
1000,32.77,24,B
1000,32.77,24.77,B
1000,32.77,25.56,B
1000,32.77,26.87,B
1000,32.77,28.03,B
1000,32.77,28.96,B
1000,32.77,29.43,B
1000,32.77,32.58,B
1000,32.77,34.2,B
1000,32.77,45.44,B
1000,32.8,4.71,B
1000,32.8,12.89,B
1000,32.81,4.38,B
1000,32.81,8.78,B
1000,32.81,9.5,B
1000,32.81,11.32,B
1000,32.81,11.64,B
1000,32.81,14.21,B
1000,32.81,14.62,B
1000,32.81,24.42,B
1000,32.81,25.54,B
1000,32.81,26.52,B
1000,32.81,26.74,B
1000,32.81,26.8,B
1000,32.81,33.36,B
1000,32.85,6.9,B
1000,32.85,7,B
1000,32.85,10.92,B
1000,32.85,12.99,B
1000,32.85,17.32,B
1000,32.85,18.27,B
1000,32.85,19.28,B
1000,32.85,21.4,B
1000,32.85,22.46,B
1000,32.85,22.51,B
1000,32.85,23.01,B
1000,32.85,23.91,B
1000,32.85,24.96,B
1000,32.85,25.26,B
1000,32.85,27.08,B
1000,32.85,29.12,B
1000,32.85,34.1,B
1000,32.85,34.41,B
1000,32.87,15.41,B
1000,32.88,15.69,C
1000,32.88,17.96,C
1000,32.89,0,B
1000,32.89,1.73,B
1000,32.89,2.05,B
1000,32.89,2.33,B
1000,32.89,12.3,B
1000,32.89,17.18,B
1000,32.89,17.41,B
1000,32.89,19.15,B
1000,32.89,20.34,B
1000,32.89,21.33,B
1000,32.89,23.12,B
1000,32.89,31.9,B
1000,32.92,0,B
1000,32.92,7.69,B
1000,32.93,1.88,B
1000,32.93,4.03,B
1000,32.93,5.4,B
1000,32.93,5.68,B
1000,32.93,6.25,B
1000,32.93,7.44,B
1000,32.93,7.94,B
1000,32.93,8.37,B
1000,32.93,8.61,B
1000,32.93,8.77,B
1000,32.93,8.85,B
1000,32.93,9.1,B
1000,32.93,9.2,B
1000,32.93,9.37,B
1000,32.93,10.15,B
1000,32.93,10.56,B
1000,32.93,10.66,B
1000,32.93,10.79,B
1000,32.93,10.82,B
1000,32.93,12.13,B
1000,32.93,12.15,B
1000,32.93,12.54,B
1000,32.93,12.79,B
1000,32.93,13.13,B
1000,32.93,13.55,B
1000,32.93,14.12,B
1000,32.93,14.65,B
1000,32.93,14.92,B
1000,32.93,15.11,B
1000,32.93,15.24,B
1000,32.93,15.3,B
1000,32.93,15.41,B
1000,32.93,15.89,B
1000,32.93,15.97,B
1000,32.93,16.54,B
1000,32.93,17.06,B
1000,32.93,17.26,B
1000,32.93,17.31,B
1000,32.93,17.98,B
1000,32.93,18.11,B
1000,32.93,18.42,B
1000,32.93,19.11,B
1000,32.93,19.26,B
1000,32.93,19.46,B
1000,32.93,19.95,B
1000,32.93,20.62,B
1000,32.93,20.65,B
1000,32.93,21.03,B
1000,32.93,21.35,B
1000,32.93,21.65,B
1000,32.93,21.75,B
1000,32.93,22.82,B
1000,32.93,22.99,B
1000,32.93,23.61,B
1000,32.93,23.79,B
1000,32.93,24.05,B
1000,32.93,24.37,B
1000,32.93,24.96,B
1000,32.93,25.26,B
1000,32.93,26.31,B
1000,32.93,26.67,B
1000,32.93,26.7,B
1000,32.93,26.71,B
1000,32.93,27.54,B
1000,32.93,27.65,B
1000,32.93,28.11,B
1000,32.93,28.28,B
1000,32.93,28.58,B
1000,32.93,29.12,B
1000,32.93,29.62,B
1000,32.93,32.33,B
1000,32.93,32.65,B
1000,32.93,33.46,B
1000,32.95,0.43,B
1000,32.95,0.69,B
1000,32.95,1.89,B
1000,32.95,3,B
1000,32.95,3.06,B
1000,32.95,4.14,B
1000,32.95,4.79,B
1000,32.95,5.5,B
1000,32.95,6.09,B
1000,32.95,6.48,B
1000,32.95,6.57,B
1000,32.95,6.64,B
1000,32.95,6.79,B
1000,32.95,7.2,B
1000,32.95,7.5,B
1000,32.95,7.87,B
1000,32.95,8.31,B
1000,32.95,8.88,B
1000,32.95,9.02,B
1000,32.95,9.45,B
1000,32.95,9.48,B
1000,32.95,9.57,B
1000,32.95,10.2,B
1000,32.95,10.42,B
1000,32.95,10.82,B
1000,32.95,11.11,B
1000,32.95,12.29,B
1000,32.95,12.32,B
1000,32.95,12.66,B
1000,32.95,12.85,B
1000,32.95,13.08,B
1000,32.95,13.14,B
1000,32.95,13.33,B
1000,32.95,13.73,B
1000,32.95,14.47,B
1000,32.95,14.67,B
1000,32.95,14.74,B
1000,32.95,15.16,B
1000,32.95,15.98,B
1000,32.95,16.2,B
1000,32.95,16.21,B
1000,32.95,16.41,B
1000,32.95,16.42,B
1000,32.95,16.43,B
1000,32.95,16.72,B
1000,32.95,17.13,B
1000,32.95,18.21,B
1000,32.95,18.27,B
1000,32.95,18.41,B
1000,32.95,18.58,B
1000,32.95,18.62,B
1000,32.95,18.74,B
1000,32.95,18.89,B
1000,32.95,19.13,B
1000,32.95,19.5,B
1000,32.95,20.72,B
1000,32.95,21.13,B
1000,32.95,21.19,B
1000,32.95,21.24,B
1000,32.95,21.98,B
1000,32.95,22.2,B
1000,32.95,22.27,B
1000,32.95,22.61,B
1000,32.95,23.18,B
1000,32.95,23.34,B
1000,32.95,23.95,B
1000,32.95,24.25,B
1000,32.95,24.48,B
1000,32.95,24.68,B
1000,32.95,24.72,B
1000,32.95,25.06,B
1000,32.95,25.12,B
1000,32.95,26.16,B
1000,32.95,26.99,B
1000,32.95,27.3,B
1000,32.95,27.46,B
1000,32.95,28.7,B
1000,32.95,28.86,B
1000,32.95,29.04,B
1000,32.95,29.11,B
1000,32.95,29.57,B
1000,32.95,29.93,B
1000,32.95,30.15,B
1000,32.95,30.99,B
1000,32.95,31.8,B
1000,32.95,31.89,B
1000,32.95,32.24,B
1000,32.95,33.54,B
1000,32.97,0.29,B
1000,32.97,1.03,B
1000,32.97,5.49,B
1000,32.97,6,B
1000,32.97,6.05,B
1000,32.97,7.04,B
1000,32.97,7.26,B
1000,32.97,7.49,B
1000,32.97,8.77,B
1000,32.97,9.83,B
1000,32.97,10.39,B
1000,32.97,10.91,B
1000,32.97,11.05,B
1000,32.97,11.33,B
1000,32.97,11.57,B
1000,32.97,12.24,B
1000,32.97,12.97,B
1000,32.97,13.13,B
1000,32.97,13.22,B
1000,32.97,13.41,B
1000,32.97,13.54,B
1000,32.97,13.72,B
1000,32.97,13.87,B
1000,32.97,15.11,B
1000,32.97,15.14,B
1000,32.97,15.49,B
1000,32.97,15.73,B
1000,32.97,16.14,B
1000,32.97,16.79,B
1000,32.97,17.01,B
1000,32.97,17.37,B
1000,32.97,17.61,B
1000,32.97,17.77,B
1000,32.97,18.36,B
1000,32.97,18.7,B
1000,32.97,19.1,B
1000,32.97,19.14,B
1000,32.97,19.6,B
1000,32.97,19.62,B
1000,32.97,20.09,B
1000,32.97,20.22,B
1000,32.97,20.5,B
1000,32.97,20.59,B
1000,32.97,20.64,B
1000,32.97,21.07,B
1000,32.97,21.14,B
1000,32.97,23.89,B
1000,32.97,24.46,B
1000,32.97,25.25,B
1000,32.97,27.44,B
1000,32.97,27.62,B
1000,32.97,29.2,B
1000,32.97,31.93,B
1000,32.97,32.04,B
1000,32.97,32.87,B
1000,32.97,34.05,B
1000,32.97,34.32,B
1000,32.97,34.67,B
1000,32.97,34.81,B
1000,32.97,38.68,B
1000,32.98,0.18,B
1000,32.98,1.53,B
1000,32.98,1.7,B
1000,32.98,1.72,B
1000,32.98,2.05,B
1000,32.98,2.37,B
1000,32.98,2.44,B
1000,32.98,3.26,B
1000,32.98,3.82,B
1000,32.98,4.01,B
1000,32.98,4.29,B
1000,32.98,4.5,B
1000,32.98,4.53,B
1000,32.98,4.73,B
1000,32.98,4.98,B
1000,32.98,6.22,B
1000,32.98,6.61,B
1000,32.98,7.14,B
1000,32.98,7.37,B
1000,32.98,7.42,B
1000,32.98,7.75,B
1000,32.98,7.81,B
1000,32.98,7.92,B
1000,32.98,8.03,B
1000,32.98,8.09,B
1000,32.98,8.15,B
1000,32.98,8.25,B
1000,32.98,8.27,B
1000,32.98,8.34,B
1000,32.98,8.43,B
1000,32.98,8.5,B
1000,32.98,8.58,B
1000,32.98,8.65,B
1000,32.98,9.1,B
1000,32.98,9.15,B
1000,32.98,9.17,B
1000,32.98,9.2,B
1000,32.98,9.3,B
1000,32.98,9.75,B
1000,32.98,9.79,B
1000,32.98,9.88,B
1000,32.98,10.31,B
1000,32.98,10.44,B
1000,32.98,10.47,B
1000,32.98,10.83,B
1000,32.98,10.99,B
1000,32.98,11.12,B
1000,32.98,11.21,B
1000,32.98,11.3,B
1000,32.98,11.44,B
1000,32.98,11.54,B
1000,32.98,11.57,B
1000,32.98,11.69,B
1000,32.98,12.08,B
1000,32.98,12.09,B
1000,32.98,12.18,B
1000,32.98,12.45,B
1000,32.98,12.54,B
1000,32.98,12.62,B
1000,32.98,12.66,B
1000,32.98,13.04,B
1000,32.98,13.06,B
1000,32.98,13.09,B
1000,32.98,13.13,B
1000,32.98,13.15,B
1000,32.98,13.24,B
1000,32.98,13.39,B
1000,32.98,13.6,B
1000,32.98,13.61,B
1000,32.98,13.64,B
1000,32.98,13.66,B
1000,32.98,13.69,B
1000,32.98,13.74,B
1000,32.98,13.77,B
1000,32.98,14,B
1000,32.98,14.26,B
1000,32.98,14.44,B
1000,32.98,14.71,B
1000,32.98,14.79,B
1000,32.98,14.81,B
1000,32.98,14.87,B
1000,32.98,14.96,B
1000,32.98,15,B
1000,32.98,15.02,B
1000,32.98,15.13,B
1000,32.98,15.16,B
1000,32.98,15.24,B
1000,32.98,15.26,B
1000,32.98,15.29,B
1000,32.98,15.35,B
1000,32.98,15.4,B
1000,32.98,15.64,B
1000,32.98,15.71,B
1000,32.98,15.8,B
1000,32.98,15.84,B
1000,32.98,16.02,B
1000,32.98,16.07,B
1000,32.98,16.36,B
1000,32.98,16.56,B
1000,32.98,16.57,B
1000,32.98,16.68,B
1000,32.98,16.7,B
1000,32.98,16.89,B
1000,32.98,17.48,B
1000,32.98,17.59,B
1000,32.98,17.61,B
1000,32.98,17.64,B
1000,32.98,17.65,B
1000,32.98,17.7,B
1000,32.98,17.72,B
1000,32.98,17.83,B
1000,32.98,17.89,B
1000,32.98,17.96,B
1000,32.98,18,B
1000,32.98,18.08,B
1000,32.98,18.14,B
1000,32.98,18.3,B
1000,32.98,18.43,B
1000,32.98,18.63,B
1000,32.98,18.8,B
1000,32.98,18.82,B
1000,32.98,19.34,B
1000,32.98,19.4,B
1000,32.98,19.5,B
1000,32.98,19.51,B
1000,32.98,19.79,B
1000,32.98,19.81,B
1000,32.98,20.28,B
1000,32.98,20.42,B
1000,32.98,20.44,B
1000,32.98,20.48,B
1000,32.98,20.65,B
1000,32.98,20.69,B
1000,32.98,20.73,B
1000,32.98,20.94,B
1000,32.98,21.2,B
1000,32.98,21.23,B
1000,32.98,21.36,B
1000,32.98,21.44,B
1000,32.98,21.56,B
1000,32.98,21.68,B
1000,32.98,21.72,B
1000,32.98,22.04,B
1000,32.98,22.42,B
1000,32.98,22.62,B
1000,32.98,22.8,B
1000,32.98,23.15,B
1000,32.98,23.42,B
1000,32.98,23.65,B
1000,32.98,24.06,B
1000,32.98,24.21,B
1000,32.98,24.49,B
1000,32.98,24.58,B
1000,32.98,24.59,B
1000,32.98,24.68,B
1000,32.98,24.73,B
1000,32.98,24.83,B
1000,32.98,24.86,B
1000,32.98,25.37,B
1000,32.98,25.38,B
1000,32.98,25.43,B
1000,32.98,25.73,B
1000,32.98,25.83,B
1000,32.98,25.89,B
1000,32.98,26.19,B
1000,32.98,26.24,B
1000,32.98,26.44,B
1000,32.98,26.52,B
1000,32.98,26.58,B
1000,32.98,26.6,B
1000,32.98,26.75,B
1000,32.98,27.02,B
1000,32.98,27.06,B
1000,32.98,27.24,B
1000,32.98,27.55,B
1000,32.98,27.78,B
1000,32.98,27.8,B
1000,32.98,28.26,B
1000,32.98,28.27,B
1000,32.98,28.44,B
1000,32.98,28.49,B
1000,32.98,28.51,B
1000,32.98,28.63,B
1000,32.98,28.65,B
1000,32.98,29.23,B
1000,32.98,29.58,B
1000,32.98,29.77,B
1000,32.98,29.92,B
1000,32.98,30.17,B
1000,32.98,30.18,B
1000,32.98,30.74,B
1000,32.98,31.47,B
1000,32.98,31.84,B
1000,32.98,32.75,B
1000,32.98,32.9,B
1000,32.98,33.3,B
1000,32.98,34.04,B
1000,32.98,34.32,B
1000,32.98,34.77,B
1000,32.98,34.94,B
1000,33,0.71,B
1000,33,1.42,B
1000,33,1.88,B
1000,33,2.21,B
1000,33,2.55,B
1000,33,2.91,B
1000,33,3.25,B
1000,33,3.49,B
1000,33,3.58,B
1000,33,3.73,B
1000,33,4.6,B
1000,33,6.22,B
1000,33,6.28,B
1000,33,6.39,B
1000,33,7.13,B
1000,33,8.08,B
1000,33,8.8,B
1000,33,9.32,B
1000,33,9.87,B
1000,33,9.99,B
1000,33,10.09,B
1000,33,10.97,B
1000,33,11.5,B
1000,33,11.8,B
1000,33,12.53,B
1000,33,12.85,B
1000,33,12.9,B
1000,33,13.66,B
1000,33,14.29,B
1000,33,14.72,B
1000,33,14.77,B
1000,33,14.82,B
1000,33,15.31,B
1000,33,15.43,B
1000,33,15.46,B
1000,33,15.65,B
1000,33,15.71,B
1000,33,17.35,B
1000,33,17.61,B
1000,33,17.9,B
1000,33,17.96,B
1000,33,18.02,B
1000,33,18.03,B
1000,33,18.05,B
1000,33,18.28,B
1000,33,18.52,B
1000,33,18.8,B
1000,33,19.2,B
1000,33,19.22,B
1000,33,19.43,B
1000,33,19.57,B
1000,33,19.98,B
1000,33,20.02,B
1000,33,20.03,B
1000,33,20.24,B
1000,33,20.89,B
1000,33,21.6,B
1000,33,22.26,B
1000,33,22.7,B
1000,33,22.8,B
1000,33,23.08,B
1000,33,23.71,B
1000,33,23.85,B
1000,33,26.53,B
1000,33,27.91,B
1000,33,28.21,B
1000,33,28.5,B
1000,33,29.77,B
1000,33,30.59,B
1000,33,31.42,B
1000,33,31.87,B
1000,33,32.14,B
1000,33,32.98,B
1000,33,33.09,B
1000,33,35.15,B
1000,33,36.12,B
1000,33,36.37,B
1000,33,36.53,B
1000,33.06,4.12,B
1000,33.06,7.08,B
1000,33.06,7.92,B
1000,33.06,9.22,B
1000,33.06,15.5,B
1000,33.06,17.03,B
1000,33.06,17.33,B
1000,33.06,18.29,B
1000,33.06,18.42,B
1000,33.06,19.17,B
1000,33.06,19.73,B
1000,33.06,19.9,B
1000,33.06,23.1,B
1000,33.06,28.46,B
1000,33.08,3.28,B
1000,33.08,13.4,B
1000,33.08,15.27,B
1000,33.12,1,B
1000,33.12,5.15,B
1000,33.12,5.45,B
1000,33.12,7.18,B
1000,33.12,10.29,B
1000,33.12,12.51,B
1000,33.12,13.05,B
1000,33.12,13.36,B
1000,33.12,13.82,B
1000,33.12,14.05,B
1000,33.12,14.85,B
1000,33.12,15.75,B
1000,33.12,17.88,B
1000,33.12,22.43,B
1000,33.12,23.08,B
1000,33.12,28.38,B
1000,33.12,30.15,B
1000,33.12,30.83,B
1000,33.12,32.45,B
1000,33.14,16.8,B
1000,33.15,3.42,D
1000,33.15,11,B
1000,33.17,5.57,B
1000,33.21,0,B
1000,33.21,0.38,B
1000,33.21,0.5,B
1000,33.21,1.25,B
1000,33.21,1.29,C
1000,33.21,1.3,C
1000,33.21,1.41,B
1000,33.21,1.87,B
1000,33.21,2.49,C
1000,33.21,2.57,B
1000,33.21,2.92,C
1000,33.21,2.95,C
1000,33.21,3.04,B
1000,33.21,3.13,C
1000,33.21,3.24,B
1000,33.21,3.3,B
1000,33.21,3.38,B
1000,33.21,4.26,B
1000,33.21,4.39,B
1000,33.21,4.5,C
1000,33.21,4.67,B
1000,33.21,5.05,B
1000,33.21,5.06,C
1000,33.21,5.26,B
1000,33.21,5.29,B
1000,33.21,5.38,B
1000,33.21,5.78,B
1000,33.21,6.19,B
1000,33.21,6.19,C
1000,33.21,6.42,B
1000,33.21,6.69,B
1000,33.21,6.7,B
1000,33.21,7.47,C
1000,33.21,7.5,C
1000,33.21,7.52,C
1000,33.21,7.54,B
1000,33.21,8.06,C
1000,33.21,8.33,B
1000,33.21,8.4,C
1000,33.21,8.81,B
1000,33.21,8.98,B
1000,33.21,9.07,B
1000,33.21,9.08,C
1000,33.21,9.3,B
1000,33.21,9.51,B
1000,33.21,9.51,C
1000,33.21,9.6,C
1000,33.21,9.66,B
1000,33.21,9.7,B
1000,33.21,9.76,B
1000,33.21,9.9,B
1000,33.21,10.04,B
1000,33.21,10.07,B
1000,33.21,10.13,B
1000,33.21,10.27,B
1000,33.21,10.3,B
1000,33.21,10.35,C
1000,33.21,10.43,B
1000,33.21,10.52,B
1000,33.21,10.56,B
1000,33.21,10.59,B
1000,33.21,10.72,C
1000,33.21,10.74,C
1000,33.21,10.75,B
1000,33.21,10.77,B
1000,33.21,10.78,B
1000,33.21,10.78,C
1000,33.21,10.8,C
1000,33.21,11.24,B
1000,33.21,11.45,B
1000,33.21,11.5,C
1000,33.21,11.54,C
1000,33.21,11.6,B
1000,33.21,11.65,B
1000,33.21,11.93,C
1000,33.21,11.97,B
1000,33.21,12.02,C
1000,33.21,12.2,B
1000,33.21,12.26,B
1000,33.21,12.51,B
1000,33.21,12.57,C
1000,33.21,12.63,B
1000,33.21,12.71,B
1000,33.21,12.75,B
1000,33.21,12.76,B
1000,33.21,13.03,B
1000,33.21,13.19,B
1000,33.21,13.53,B
1000,33.21,13.53,C
1000,33.21,13.65,B
1000,33.21,13.71,B
1000,33.21,13.72,C
1000,33.21,13.79,B
1000,33.21,13.92,B
1000,33.21,13.97,B
1000,33.21,14,B
1000,33.21,14.08,B
1000,33.21,14.12,B
1000,33.21,14.13,B
1000,33.21,14.16,B
1000,33.21,14.2,C
1000,33.21,14.39,C
1000,33.21,14.46,B
1000,33.21,14.48,B
1000,33.21,14.65,B
1000,33.21,14.7,C
1000,33.21,14.72,B
1000,33.21,14.82,C
1000,33.21,14.86,C
1000,33.21,15.01,B
1000,33.21,15.05,B
1000,33.21,15.2,B
1000,33.21,15.22,B
1000,33.21,15.38,B
1000,33.21,15.5,B
1000,33.21,15.58,C
1000,33.21,15.65,B
1000,33.21,15.73,B
1000,33.21,15.87,B
1000,33.21,15.93,B
1000,33.21,16.04,B
1000,33.21,16.14,B
1000,33.21,16.16,B
1000,33.21,16.2,B
1000,33.21,16.22,C
1000,33.21,16.38,B
1000,33.21,16.44,C
1000,33.21,16.48,B
1000,33.21,16.5,C
1000,33.21,16.52,B
1000,33.21,16.52,C
1000,33.21,16.68,C
1000,33.21,16.96,B
1000,33.21,17.05,C
1000,33.21,17.09,B
1000,33.21,17.42,B
1000,33.21,17.48,C
1000,33.21,17.57,C
1000,33.21,17.73,C
1000,33.21,17.77,C
1000,33.21,17.87,B
1000,33.21,17.92,B
1000,33.21,18.05,B
1000,33.21,18.15,B
1000,33.21,18.2,B
1000,33.21,18.25,C
1000,33.21,18.3,C
1000,33.21,18.44,B
1000,33.21,18.48,C
1000,33.21,18.57,C
1000,33.21,18.64,B
1000,33.21,18.73,C
1000,33.21,18.84,C
1000,33.21,18.85,C
1000,33.21,18.99,C
1000,33.21,19.2,B
1000,33.21,19.23,B
1000,33.21,19.41,C
1000,33.21,19.62,B
1000,33.21,19.85,B
1000,33.21,19.89,C
1000,33.21,19.9,B
1000,33.21,20.01,B
1000,33.21,20.13,C
1000,33.21,20.28,B
1000,33.21,20.29,B
1000,33.21,20.37,C
1000,33.21,20.56,B
1000,33.21,20.67,B
1000,33.21,20.69,B
1000,33.21,20.8,B
1000,33.21,21.06,B
1000,33.21,21.08,B
1000,33.21,21.12,C
1000,33.21,21.21,B
1000,33.21,21.26,C
1000,33.21,21.48,B
1000,33.21,21.51,B
1000,33.21,21.52,C
1000,33.21,21.64,B
1000,33.21,21.79,C
1000,33.21,21.8,C
1000,33.21,21.92,C
1000,33.21,21.93,C
1000,33.21,21.96,B
1000,33.21,21.96,C
1000,33.21,21.97,B
1000,33.21,22.03,B
1000,33.21,22.05,C
1000,33.21,22.07,C
1000,33.21,22.09,B
1000,33.21,22.24,C
1000,33.21,22.29,B
1000,33.21,22.4,B
1000,33.21,22.48,C
1000,33.21,23.06,B
1000,33.21,23.15,B
1000,33.21,23.25,C
1000,33.21,23.66,B
1000,33.21,23.69,B
1000,33.21,23.75,C
1000,33.21,23.77,B
1000,33.21,24,C
1000,33.21,24.1,C
1000,33.21,24.2,B
1000,33.21,24.21,C
1000,33.21,24.32,B
1000,33.21,24.49,B
1000,33.21,24.63,C
1000,33.21,24.69,B
1000,33.21,24.84,B
1000,33.21,24.91,B
1000,33.21,25.02,B
1000,33.21,25.12,C
1000,33.21,25.19,B
1000,33.21,25.26,B
1000,33.21,25.54,B
1000,33.21,25.56,B
1000,33.21,25.6,B
1000,33.21,25.68,B
1000,33.21,25.71,B
1000,33.21,25.72,B
1000,33.21,25.74,C
1000,33.21,25.94,B
1000,33.21,26,B
1000,33.21,26.29,B
1000,33.21,26.32,C
1000,33.21,26.72,B
1000,33.21,27.13,B
1000,33.21,27.17,C
1000,33.21,27.19,B
1000,33.21,27.58,C
1000,33.21,27.99,B
1000,33.21,28.05,B
1000,33.21,28.08,B
1000,33.21,28.23,B
1000,33.21,28.27,C
1000,33.21,28.33,C
1000,33.21,28.4,C
1000,33.21,28.73,B
1000,33.21,28.82,C
1000,33.21,28.9,B
1000,33.21,29.15,C
1000,33.21,29.34,B
1000,33.21,29.55,B
1000,33.21,29.56,B
1000,33.21,29.57,B
1000,33.21,29.85,B
1000,33.21,29.95,B
1000,33.21,30.03,B
1000,33.21,30.07,C
1000,33.21,30.09,C
1000,33.21,30.26,C
1000,33.21,30.67,B
1000,33.21,31.43,B
1000,33.21,31.7,B
1000,33.21,31.79,B
1000,33.21,32.06,B
1000,33.21,32.49,B
1000,33.21,32.71,C
1000,33.21,32.96,B
1000,33.21,33.03,B
1000,33.21,33.73,B
1000,33.21,34.29,B
1000,33.21,34.58,C
1000,33.21,35.56,B
1000,33.21,35.72,C
1000,33.21,37.07,B
1000,33.21,37.92,B
1000,33.21,39.12,B
1000,33.21,39.34,C
1000,33.21,39.4,B
1000,33.21,41.53,B
1000,33.21,91.38,B
1000,33.21,169.9,B
1000,33.24,13.58,C
1000,33.24,16.56,C
1000,33.24,17.98,C
1000,33.24,18.09,C
1000,33.24,26.8,C
1000,33.24,27.15,C
1000,33.24,31.26,C
1000,33.28,1.16,B
1000,33.28,1.5,B
1000,33.28,4.1,B
1000,33.28,4.66,B
1000,33.28,5.92,B
1000,33.28,5.96,B
1000,33.28,6.26,B
1000,33.28,7.08,B
1000,33.28,7.74,B
1000,33.28,7.97,B
1000,33.28,8.75,B
1000,33.28,9.87,B
1000,33.28,10.6,B
1000,33.28,11.54,B
1000,33.28,14.07,B
1000,33.28,14.14,B
1000,33.28,15.74,B
1000,33.28,15.88,B
1000,33.28,16.47,B
1000,33.28,17.49,B
1000,33.28,17.68,B
1000,33.28,18.41,B
1000,33.28,18.74,B
1000,33.28,18.82,B
1000,33.28,20.42,B
1000,33.28,20.7,B
1000,33.28,20.79,B
1000,33.28,21.03,B
1000,33.28,21.41,B
1000,33.28,22.08,B
1000,33.28,22.26,B
1000,33.28,22.3,B
1000,33.28,22.9,B
1000,33.28,25.54,B
1000,33.28,27.13,B
1000,33.28,29.77,B
1000,33.28,31.77,B
1000,33.28,32.09,B
1000,33.28,34.17,B
1000,33.28,35.04,B
1000,33.3,13.56,B
1000,33.36,1.2,C
1000,33.36,1.62,C
1000,33.36,3.12,C
1000,33.36,3.84,C
1000,33.36,4.13,C
1000,33.36,4.58,C
1000,33.36,5.4,C
1000,33.36,6.12,C
1000,33.36,7.82,C
1000,33.36,8.66,C
1000,33.36,8.7,C
1000,33.36,10.41,C
1000,33.36,11.1,C
1000,33.36,11.67,C
1000,33.36,12.88,C
1000,33.36,13.26,C
1000,33.36,13.46,C
1000,33.36,13.82,C
1000,33.36,13.99,C
1000,33.36,14.52,C
1000,33.36,14.62,C
1000,33.36,14.96,C
1000,33.36,16.17,C
1000,33.36,16.2,C
1000,33.36,16.84,C
1000,33.36,18.24,C
1000,33.36,18.63,C
1000,33.36,18.88,C
1000,33.36,18.99,C
1000,33.36,19.13,C
1000,33.36,19.48,C
1000,33.36,19.77,C
1000,33.36,20.1,C
1000,33.36,20.95,C
1000,33.36,21.17,C
1000,33.36,21.34,C
1000,33.36,21.53,C
1000,33.36,21.6,C
1000,33.36,22.61,C
1000,33.36,23.19,C
1000,33.36,23.2,C
1000,33.36,23.92,C
1000,33.36,24.04,C
1000,33.36,25.11,C
1000,33.36,25.34,C
1000,33.36,25.5,C
1000,33.36,25.8,C
1000,33.36,25.92,C
1000,33.36,25.93,C
1000,33.36,26.08,C
1000,33.36,26.25,C
1000,33.36,26.58,C
1000,33.36,27.12,C
1000,33.36,27.56,C
1000,33.36,28.84,C
1000,33.36,29.28,C
1000,33.36,32.41,C
1000,33.36,38.23,C
1000,33.39,7.11,B
1000,33.39,17.43,B
1000,33.39,31.47,B
1000,33.41,6.03,C
1000,33.41,9.07,C
1000,33.41,9.52,C
1000,33.41,11.4,C
1000,33.41,13.92,C
1000,33.41,15.41,C
1000,33.41,16.77,C
1000,33.41,17.37,C
1000,33.41,18.38,C
1000,33.41,21.09,C
1000,33.41,25.86,C
1000,33.41,27.63,C
1000,33.42,12.77,B
1000,33.42,21.29,B
1000,33.45,3.95,B
1000,33.45,5.21,D
1000,33.45,5.25,B
1000,33.45,6.07,B
1000,33.45,7.47,B
1000,33.45,11.97,B
1000,33.45,12.21,B
1000,33.45,12.62,B
1000,33.45,14.45,B
1000,33.45,15.78,B
1000,33.45,16.26,B
1000,33.45,19.27,B
1000,33.45,22.45,B
1000,33.45,23.13,B
1000,33.45,24.17,B
1000,33.45,24.43,B
1000,33.45,26.2,B
1000,33.45,26.93,B
1000,33.45,27.9,B
1000,33.45,27.94,B
1000,33.45,29.22,B
1000,33.45,30.04,B
1000,33.45,33.56,B
1000,33.47,1.25,B
1000,33.47,20.19,B
1000,33.47,21.12,B
1000,33.5,3.07,C
1000,33.5,3.94,C
1000,33.5,8.93,C
1000,33.5,12.36,C
1000,33.5,12.69,C
1000,33.5,13.24,C
1000,33.5,13.49,C
1000,33.5,14.03,C
1000,33.5,15.92,C
1000,33.5,16.92,C
1000,33.5,17.76,C
1000,33.5,18.96,C
1000,33.5,19.78,C
1000,33.5,20.76,C
1000,33.5,20.81,C
1000,33.5,21.22,C
1000,33.5,22.57,C
1000,33.5,23.02,C
1000,33.5,25.92,C
1000,33.5,25.97,C
1000,33.5,27.18,C
1000,33.5,28.6,C
1000,33.5,36.14,C
1000,33.51,0.85,D
1000,33.51,2.27,C
1000,33.51,8.85,C
1000,33.51,9.64,C
1000,33.51,11.82,C
1000,33.51,14.61,C
1000,33.51,17.04,C
1000,33.51,17.21,C
1000,33.51,20.76,C
1000,33.51,21.66,C
1000,33.51,21.89,C
1000,33.51,22.22,C
1000,33.51,22.93,C
1000,33.51,23.33,C
1000,33.52,,C
1000,33.52,0,C
1000,33.52,1.3,C
1000,33.52,1.44,C
1000,33.52,2.13,C
1000,33.52,3.2,C
1000,33.52,3.24,C
1000,33.52,3.45,C
1000,33.52,3.61,C
1000,33.52,3.87,C
1000,33.52,3.94,C
1000,33.52,4.56,C
1000,33.52,4.89,C
1000,33.52,5.02,C
1000,33.52,5.16,C
1000,33.52,5.76,C
1000,33.52,5.82,C
1000,33.52,6.42,C
1000,33.52,6.44,C
1000,33.52,6.61,C
1000,33.52,7.08,C
1000,33.52,7.12,C
1000,33.52,7.23,C
1000,33.52,7.29,C
1000,33.52,7.45,C
1000,33.52,7.5,C
1000,33.52,7.86,C
1000,33.52,7.92,C
1000,33.52,8.21,C
1000,33.52,8.26,C
1000,33.52,8.47,C
1000,33.52,9.12,C
1000,33.52,9.47,C
1000,33.52,10.39,C
1000,33.52,10.43,C
1000,33.52,10.52,C
1000,33.52,10.59,C
1000,33.52,10.78,C
1000,33.52,11.24,C
1000,33.52,11.28,C
1000,33.52,11.84,C
1000,33.52,11.9,C
1000,33.52,12.4,C
1000,33.52,12.58,C
1000,33.52,12.77,C
1000,33.52,12.78,C
1000,33.52,12.79,C
1000,33.52,13.06,C
1000,33.52,13.13,C
1000,33.52,13.17,C
1000,33.52,13.62,C
1000,33.52,13.74,C
1000,33.52,13.8,C
1000,33.52,13.81,C
1000,33.52,13.84,C
1000,33.52,13.85,C
1000,33.52,14.38,C
1000,33.52,14.43,C
1000,33.52,14.5,C
1000,33.52,14.78,C
1000,33.52,14.9,C
1000,33.52,15.29,C
1000,33.52,15.53,C
1000,33.52,15.7,C
1000,33.52,15.78,C
1000,33.52,15.81,C
1000,33.52,15.83,C
1000,33.52,16.02,C
1000,33.52,16.14,C
1000,33.52,16.72,C
1000,33.52,16.73,C
1000,33.52,16.78,C
1000,33.52,16.87,C
1000,33.52,17.02,C
1000,33.52,17.13,C
1000,33.52,17.15,C
1000,33.52,17.23,C
1000,33.52,17.33,C
1000,33.52,17.37,C
1000,33.52,17.44,C
1000,33.52,17.55,C
1000,33.52,17.62,C
1000,33.52,17.63,C
1000,33.52,17.87,C
1000,33.52,18.14,C
1000,33.52,18.43,C
1000,33.52,18.66,C
1000,33.52,18.7,C
1000,33.52,18.93,C
1000,33.52,19.24,C
1000,33.52,19.25,C
1000,33.52,19.31,C
1000,33.52,19.32,C
1000,33.52,19.5,C
1000,33.52,19.64,C
1000,33.52,20.04,C
1000,33.52,20.17,C
1000,33.52,20.19,C
1000,33.52,20.37,C
1000,33.52,20.83,C
1000,33.52,20.91,C
1000,33.52,20.92,C
1000,33.52,20.96,C
1000,33.52,21.12,C
1000,33.52,21.17,C
1000,33.52,21.3,C
1000,33.52,21.58,C
1000,33.52,21.78,C
1000,33.52,21.81,C
1000,33.52,21.92,C
1000,33.52,22.23,C
1000,33.52,22.53,C
1000,33.52,22.61,C
1000,33.52,22.74,C
1000,33.52,23.22,C
1000,33.52,24,C
1000,33.52,24.1,C
1000,33.52,24.56,C
1000,33.52,24.67,C
1000,33.52,24.94,C
1000,33.52,25.02,C
1000,33.52,25.38,C
1000,33.52,25.42,C
1000,33.52,25.7,C
1000,33.52,25.96,C
1000,33.52,26.07,C
1000,33.52,26.1,C
1000,33.52,26.31,C
1000,33.52,26.59,C
1000,33.52,26.8,C
1000,33.52,27.1,C
1000,33.52,27.17,C
1000,33.52,27.2,C
1000,33.52,27.56,C
1000,33.52,27.58,C
1000,33.52,27.61,C
1000,33.52,27.75,C
1000,33.52,27.81,C
1000,33.52,28.45,C
1000,33.52,28.58,C
1000,33.52,29.3,C
1000,33.52,29.38,C
1000,33.52,30.09,C
1000,33.52,30.48,C
1000,33.52,30.66,C
1000,33.52,30.87,C
1000,33.52,31.03,C
1000,33.52,31.36,C
1000,33.52,31.4,C
1000,33.52,31.51,C
1000,33.52,31.93,C
1000,33.52,32.52,C
1000,33.52,33.02,C
1000,33.52,33.8,C
1000,33.52,33.84,C
1000,33.52,34.15,C
1000,33.52,34.18,C
1000,33.52,39.39,C
1000,33.52,88.06,C
1000,33.55,1.16,C
1000,33.55,1.58,C
1000,33.55,1.95,B
1000,33.55,2.7,C
1000,33.55,3.68,C
1000,33.55,6.31,C
1000,33.55,6.6,C
1000,33.55,7.07,C
1000,33.55,7.2,C
1000,33.55,8.47,C
1000,33.55,8.55,C
1000,33.55,9.27,C
1000,33.55,9.74,C
1000,33.55,11.1,C
1000,33.55,11.5,C
1000,33.55,11.84,C
1000,33.55,11.85,C
1000,33.55,12.78,C
1000,33.55,13.5,C
1000,33.55,13.75,C
1000,33.55,14.05,C
1000,33.55,14.46,C
1000,33.55,14.58,C
1000,33.55,14.83,C
1000,33.55,15.09,C
1000,33.55,15.81,C
1000,33.55,16.08,C
1000,33.55,16.2,C
1000,33.55,16.21,C
1000,33.55,16.26,C
1000,33.55,16.32,C
1000,33.55,16.36,B
1000,33.55,16.6,C
1000,33.55,17.13,B
1000,33.55,17.16,C
1000,33.55,17.51,C
1000,33.55,17.63,C
1000,33.55,17.71,C
1000,33.55,18.29,C
1000,33.55,19.09,C
1000,33.55,19.23,C
1000,33.55,19.52,C
1000,33.55,19.55,C
1000,33.55,20.08,C
1000,33.55,20.36,C
1000,33.55,21.53,C
1000,33.55,21.54,C
1000,33.55,21.6,C
1000,33.55,21.97,C
1000,33.55,22,C
1000,33.55,22.06,C
1000,33.55,22.98,C
1000,33.55,23.28,C
1000,33.55,23.83,C
1000,33.55,23.94,C
1000,33.55,24.16,C
1000,33.55,24.65,C
1000,33.55,25.07,C
1000,33.55,25.34,C
1000,33.55,25.54,C
1000,33.55,25.63,C
1000,33.55,27.1,C
1000,33.55,27.2,C
1000,33.55,27.71,C
1000,33.55,27.99,C
1000,33.55,28.16,C
1000,33.55,28.34,C
1000,33.55,29.89,C
1000,33.55,30.7,C
1000,33.55,30.79,C
1000,33.55,31.07,C
1000,33.55,31.08,C
1000,33.55,31.33,C
1000,33.55,32.75,C
1000,33.55,33.76,C
1000,33.55,34.67,C
1000,33.57,,B
1000,33.57,0.6,B
1000,33.57,1,B
1000,33.57,1.2,B
1000,33.57,1.52,C
1000,33.57,1.87,B
1000,33.57,2.04,B
1000,33.57,2.34,C
1000,33.57,3.28,C
1000,33.57,3.64,C
1000,33.57,3.67,C
1000,33.57,4.28,C
1000,33.57,4.54,B
1000,33.57,4.65,B
1000,33.57,4.67,C
1000,33.57,4.76,C
1000,33.57,4.92,B
1000,33.57,5.1,B
1000,33.57,5.77,C
1000,33.57,5.92,C
1000,33.57,6.43,C
1000,33.57,6.49,B
1000,33.57,7.16,B
1000,33.57,7.23,C
1000,33.57,7.26,C
1000,33.57,7.43,C
1000,33.57,7.75,C
1000,33.57,8.1,C
1000,33.57,8.39,C
1000,33.57,8.48,B
1000,33.57,8.53,B
1000,33.57,8.55,C
1000,33.57,8.63,C
1000,33.57,8.69,C
1000,33.57,8.81,C
1000,33.57,8.98,B
1000,33.57,9.02,B
1000,33.57,9.2,C
1000,33.57,9.57,B
1000,33.57,9.59,C
1000,33.57,9.72,C
1000,33.57,9.76,C
1000,33.57,9.8,B
1000,33.57,9.91,B
1000,33.57,10.21,B
1000,33.57,10.53,C
1000,33.57,10.92,B
1000,33.57,11.08,C
1000,33.57,11.12,C
1000,33.57,11.16,C
1000,33.57,11.57,C
1000,33.57,11.71,C
1000,33.57,11.91,C
1000,33.57,12.22,C
1000,33.57,12.31,C
1000,33.57,12.72,B
1000,33.57,12.83,C
1000,33.57,12.84,B
1000,33.57,12.93,C
1000,33.57,13.24,B
1000,33.57,13.3,C
1000,33.57,13.54,C
1000,33.57,13.55,B
1000,33.57,13.56,C
1000,33.57,13.75,C
1000,33.57,13.87,C
1000,33.57,13.89,C
1000,33.57,13.92,C
1000,33.57,14.12,B
1000,33.57,14.19,C
1000,33.57,14.28,C
1000,33.57,14.45,B
1000,33.57,14.54,C
1000,33.57,14.6,C
1000,33.57,14.7,C
1000,33.57,14.78,C
1000,33.57,15,C
1000,33.57,15.07,C
1000,33.57,15.13,C
1000,33.57,15.23,C
1000,33.57,15.4,B
1000,33.57,15.42,C
1000,33.57,15.48,C
1000,33.57,15.97,C
1000,33.57,16.06,C
1000,33.57,16.76,C
1000,33.57,16.9,C
1000,33.57,17.1,B
1000,33.57,17.25,B
1000,33.57,17.33,C
1000,33.57,17.38,C
1000,33.57,17.4,C
1000,33.57,17.6,B
1000,33.57,17.64,C
1000,33.57,17.69,C
1000,33.57,17.76,B
1000,33.57,17.8,B
1000,33.57,17.93,C
1000,33.57,18.07,C
1000,33.57,18.15,C
1000,33.57,18.22,C
1000,33.57,18.27,C
1000,33.57,18.41,C
1000,33.57,18.59,C
1000,33.57,18.71,B
1000,33.57,18.88,C
1000,33.57,18.89,B
1000,33.57,18.96,C
1000,33.57,19,C
1000,33.57,19.02,C
1000,33.57,19.16,C
1000,33.57,19.3,C
1000,33.57,19.58,B
1000,33.57,19.66,C
1000,33.57,19.79,C
1000,33.57,20.02,C
1000,33.57,20.04,C
1000,33.57,20.52,C
1000,33.57,20.88,B
1000,33.57,20.95,C
1000,33.57,21.07,B
1000,33.57,21.17,B
1000,33.57,21.21,C
1000,33.57,21.69,B
1000,33.57,21.99,C
1000,33.57,22.04,C
1000,33.57,22.25,B
1000,33.57,22.43,C
1000,33.57,22.47,C
1000,33.57,22.7,C
1000,33.57,23.04,C
1000,33.57,23.38,B
1000,33.57,23.43,C
1000,33.57,23.53,C
1000,33.57,24,C
1000,33.57,24.44,B
1000,33.57,24.78,C
1000,33.57,24.85,C
1000,33.57,25.21,C
1000,33.57,25.3,C
1000,33.57,25.35,C
1000,33.57,25.62,C
1000,33.57,25.75,C
1000,33.57,25.8,C
1000,33.57,25.92,C
1000,33.57,26,C
1000,33.57,26.3,C
1000,33.57,26.38,B
1000,33.57,27.35,B
1000,33.57,27.6,B
1000,33.57,27.61,C
1000,33.57,27.8,B
1000,33.57,28.78,C
1000,33.57,28.79,C
1000,33.57,28.8,B
1000,33.57,28.87,C
1000,33.57,28.96,C
1000,33.57,29.28,C
1000,33.57,29.38,C
1000,33.57,30.21,C
1000,33.57,30.29,C
1000,33.57,30.9,C
1000,33.57,32.48,B
1000,33.57,32.9,B
1000,33.57,33.14,C
1000,33.57,33.18,C
1000,33.57,33.4,C
1000,33.57,34.42,C
1000,33.57,34.45,C
1000,33.57,34.47,C
1000,33.57,34.69,B
1000,33.57,38,B
1000,33.6,1.46,C
1000,33.6,2.55,C
1000,33.6,2.61,C
1000,33.6,2.78,C
1000,33.6,3.81,C
1000,33.6,4.14,C
1000,33.6,4.29,C
1000,33.6,5.34,C
1000,33.6,5.79,C
1000,33.6,7.24,C
1000,33.6,7.39,C
1000,33.6,7.77,C
1000,33.6,8.2,C
1000,33.6,8.34,C
1000,33.6,8.83,C
1000,33.6,8.96,C
1000,33.6,9.08,C
1000,33.6,9.16,C
1000,33.6,11.78,C
1000,33.6,12.27,C
1000,33.6,12.46,C
1000,33.6,13.29,C
1000,33.6,13.51,C
1000,33.6,13.97,C
1000,33.6,14.58,C
1000,33.6,14.73,C
1000,33.6,14.89,C
1000,33.6,16.16,C
1000,33.6,16.4,C
1000,33.6,16.46,C
1000,33.6,17.02,C
1000,33.6,17.5,C
1000,33.6,17.73,C
1000,33.6,17.95,C
1000,33.6,18.64,C
1000,33.6,18.75,C
1000,33.6,18.76,C
1000,33.6,19.26,C
1000,33.6,19.38,C
1000,33.6,19.97,C
1000,33.6,20.07,C
1000,33.6,20.11,C
1000,33.6,20.82,C
1000,33.6,21.04,C
1000,33.6,21.6,C
1000,33.6,22.1,C
1000,33.6,22.23,C
1000,33.6,22.29,C
1000,33.6,22.63,C
1000,33.6,22.7,C
1000,33.6,22.98,C
1000,33.6,22.99,C
1000,33.6,23.75,C
1000,33.6,24.94,C
1000,33.6,24.96,C
1000,33.6,25.02,C
1000,33.6,25.94,C
1000,33.6,26.55,C
1000,33.6,26.57,C
1000,33.6,27.18,C
1000,33.6,27.31,C
1000,33.6,29.1,C
1000,33.6,29.13,C
1000,33.6,29.19,C
1000,33.6,29.7,C
1000,33.6,29.87,C
1000,33.6,29.93,C
1000,33.6,30.21,C
1000,33.6,30.46,C
1000,33.6,31.52,C
1000,33.6,32.26,C
1000,33.6,33.43,C
1000,33.62,24.35,C
1000,33.63,24.65,B
1000,33.63,26.02,B
1000,33.64,0.43,C
1000,33.64,6.1,C
1000,33.64,9.61,C
1000,33.64,10.37,C
1000,33.64,10.52,C
1000,33.64,20.03,C
1000,33.64,22.11,C
1000,33.64,23.81,C
1000,33.64,24.93,C
1000,33.64,39.11,C
1000,33.69,0.25,C
1000,33.69,1.16,B
1000,33.69,3.47,C
1000,33.69,3.49,B
1000,33.69,4.96,B
1000,33.69,6.2,C
1000,33.69,6.28,C
1000,33.69,7.23,C
1000,33.69,9.1,B
1000,33.69,9.39,C
1000,33.69,9.69,B
1000,33.69,10.13,C
1000,33.69,10.68,C
1000,33.69,10.73,C
1000,33.69,11.25,C
1000,33.69,11.67,C
1000,33.69,11.7,C
1000,33.69,11.76,C
1000,33.69,11.78,B
1000,33.69,11.85,B
1000,33.69,11.95,C
1000,33.69,12.27,B
1000,33.69,12.69,B
1000,33.69,12.78,C
1000,33.69,13.19,B
1000,33.69,13.51,C
1000,33.69,13.54,C
1000,33.69,13.64,B
1000,33.69,13.69,C
1000,33.69,13.73,C
1000,33.69,13.75,C
1000,33.69,14.55,C
1000,33.69,14.65,C
1000,33.69,14.78,C
1000,33.69,14.84,C
1000,33.69,14.88,C
1000,33.69,15.02,B
1000,33.69,15.04,C
1000,33.69,15.07,C
1000,33.69,15.28,C
1000,33.69,15.6,C
1000,33.69,15.72,C
1000,33.69,16,C
1000,33.69,16.28,B
1000,33.69,16.37,C
1000,33.69,16.72,C
1000,33.69,16.79,C
1000,33.69,16.94,C
1000,33.69,16.95,C
1000,33.69,17.24,B
1000,33.69,17.26,C
1000,33.69,17.34,C
1000,33.69,17.56,C
1000,33.69,17.63,B
1000,33.69,17.75,B
1000,33.69,17.83,C
1000,33.69,18.27,C
1000,33.69,18.34,B
1000,33.69,18.57,C
1000,33.69,18.69,C
1000,33.69,18.95,C
1000,33.69,19.03,B
1000,33.69,19.16,C
1000,33.69,19.24,C
1000,33.69,19.25,C
1000,33.69,19.36,C
1000,33.69,19.39,C
1000,33.69,19.6,B
1000,33.69,19.68,C
1000,33.69,19.85,C
1000,33.69,19.99,C
1000,33.69,20.13,C
1000,33.69,20.31,C
1000,33.69,20.59,C
1000,33.69,20.71,C
1000,33.69,20.9,B
1000,33.69,21.45,C
1000,33.69,21.84,B
1000,33.69,22.09,B
1000,33.69,22.27,B
1000,33.69,22.42,C
1000,33.69,22.49,B
1000,33.69,22.52,C
1000,33.69,22.82,C
1000,33.69,22.87,C
1000,33.69,22.9,C
1000,33.69,23.41,C
1000,33.69,23.76,B
1000,33.69,24.69,C
1000,33.69,25.02,C
1000,33.69,25.28,B
1000,33.69,25.41,C
1000,33.69,25.61,C
1000,33.69,25.72,C
1000,33.69,25.98,C
1000,33.69,27.39,C
1000,33.69,27.5,C
1000,33.69,27.94,C
1000,33.69,28.32,B
1000,33.69,28.43,C
1000,33.69,28.61,B
1000,33.69,28.93,C
1000,33.69,29.04,C
1000,33.69,29.06,C
1000,33.69,29.64,C
1000,33.69,30.01,C
1000,33.69,30.4,C
1000,33.69,30.83,C
1000,33.69,31.05,C
1000,33.69,31.88,C
1000,33.69,31.89,C
1000,33.69,32.98,C
1000,33.69,33.07,C
1000,33.69,33.32,C
1000,33.69,34.91,C
1000,33.69,35.99,C
1000,33.69,39.5,B
1000,33.69,56.53,B
1000,33.69,75.03,C
1000,33.72,22.98,B
1000,33.72,24.49,B
1000,33.72,29.31,B
1000,33.73,1.87,C
1000,33.73,8.85,C
1000,33.73,9.41,C
1000,33.73,10.59,C
1000,33.73,12.07,C
1000,33.73,14.89,C
1000,33.73,15.84,C
1000,33.73,16.77,C
1000,33.73,18.79,C
1000,33.73,20.79,C
1000,33.73,21.4,C
1000,33.73,26.92,C
1000,33.73,28.59,C
1000,33.73,29.11,C
1000,33.75,0.29,B
1000,33.75,4.48,B
1000,33.75,4.62,B
1000,33.75,5.01,B
1000,33.75,6.09,B
1000,33.75,8.78,B
1000,33.75,9.78,B
1000,33.75,15.39,B
1000,33.75,16.63,B
1000,33.75,17.38,B
1000,33.75,18.26,B
1000,33.75,20.48,B
1000,33.75,21.38,B
1000,33.75,21.93,B
1000,33.75,30.71,B
1000,33.75,31.3,B
1000,33.75,32.15,B
1000,33.78,19.63,C
1000,33.79,4.04,C
1000,33.79,5.48,C
1000,33.79,8.36,C
1000,33.79,11.88,C
1000,33.79,13.24,C
1000,33.79,17,C
1000,33.79,17.76,C
1000,33.79,18.6,C
1000,33.79,18.87,C
1000,33.79,19.4,C
1000,33.79,19.63,C
1000,33.79,19.77,C
1000,33.79,20.33,C
1000,33.79,20.37,C
1000,33.79,21.34,C
1000,33.79,22.3,C
1000,33.79,22.36,C
1000,33.79,23.76,C
1000,33.79,27.73,C
1000,33.79,28.02,C
1000,33.79,29.93,C
1000,33.79,30.06,C
1000,33.79,30.3,C
1000,33.79,32.16,C
1000,33.79,33.85,C
1000,33.79,34.41,C
1000,33.79,35.93,C
1000,33.79,37.47,C
1000,33.79,38.5,C
1000,33.79,38.79,C
1000,33.81,7.02,C
1000,33.81,9.6,C
1000,33.81,14.51,C
1000,33.81,19.02,C
1000,33.86,2.62,C
1000,33.86,3.57,C
1000,33.86,6.82,C
1000,33.86,8.02,C
1000,33.86,8.32,C
1000,33.86,8.34,C
1000,33.86,8.59,C
1000,33.86,8.76,C
1000,33.86,9.12,C
1000,33.86,9.83,C
1000,33.86,10.2,C
1000,33.86,10.46,C
1000,33.86,11.59,C
1000,33.86,12.2,C
1000,33.86,12.66,C
1000,33.86,12.75,C
1000,33.86,13.1,C
1000,33.86,13.18,C
1000,33.86,14.64,C
1000,33.86,14.93,C
1000,33.86,15.31,C
1000,33.86,15.55,C
1000,33.86,15.68,C
1000,33.86,16.3,C
1000,33.86,16.56,C
1000,33.86,16.61,C
1000,33.86,16.9,C
1000,33.86,18.08,C
1000,33.86,18.3,C
1000,33.86,19,C
1000,33.86,19.98,C
1000,33.86,20.35,C
1000,33.86,20.44,C
1000,33.86,20.93,C
1000,33.86,21.25,C
1000,33.86,21.73,C
1000,33.86,21.88,C
1000,33.86,23.63,C
1000,33.86,24.74,C
1000,33.86,25.18,C
1000,33.86,25.47,C
1000,33.86,25.83,C
1000,33.86,26.27,C
1000,33.86,26.76,C
1000,33.86,27.28,C
1000,33.86,27.48,C
1000,33.86,28.55,C
1000,33.86,28.7,C
1000,33.86,29.57,C
1000,33.86,30.54,C
1000,33.86,30.83,C
1000,33.86,31.43,C
1000,33.86,31.55,C
1000,33.86,32.6,C
1000,33.86,33,C
1000,33.86,33.02,C
1000,33.86,33.09,C
1000,33.86,33.18,C
1000,33.86,33.71,C
1000,33.86,36.62,C
1000,33.86,39.75,C
1000,33.87,4.05,C
1000,33.87,4.11,C
1000,33.87,9.34,C
1000,33.87,11.27,C
1000,33.87,12.12,C
1000,33.87,12.46,C
1000,33.87,16.41,C
1000,33.87,19.07,C
1000,33.87,20.03,C
1000,33.87,21.64,C
1000,33.87,21.9,C
1000,33.87,22.23,C
1000,33.87,22.67,C
1000,33.87,24.6,C
1000,33.87,25.35,C
1000,33.87,25.86,C
1000,33.87,26.51,C
1000,33.87,26.64,C
1000,33.87,28.52,C
1000,33.87,31.45,C
1000,33.87,32.5,C
1000,33.87,32.61,C
1000,33.87,32.82,C
1000,33.91,1.2,C
1000,33.91,3.07,C
1000,33.91,20.15,C
1000,33.91,20.24,C
1000,33.91,20.88,C
1000,33.91,23.62,C
1000,33.91,23.67,C
1000,33.91,27.11,C
1000,33.91,28.29,C
1000,33.93,10.34,C
1000,33.93,18.21,C
1000,33.94,0.12,C
1000,33.94,0.6,C
1000,33.94,3.6,C
1000,33.94,3.91,C
1000,33.94,3.95,C
1000,33.94,4.49,C
1000,33.94,4.62,C
1000,33.94,4.65,C
1000,33.94,4.96,C
1000,33.94,5.16,C
1000,33.94,5.26,C
1000,33.94,5.46,C
1000,33.94,5.54,C
1000,33.94,5.59,C
1000,33.94,5.81,C
1000,33.94,6.19,C
1000,33.94,6.51,C
1000,33.94,6.53,C
1000,33.94,6.74,C
1000,33.94,6.82,C
1000,33.94,7.11,C
1000,33.94,7.2,C
1000,33.94,7.75,C
1000,33.94,7.92,C
1000,33.94,8.02,C
1000,33.94,8.42,C
1000,33.94,9.1,C
1000,33.94,9.19,C
1000,33.94,9.22,C
1000,33.94,9.78,C
1000,33.94,9.85,C
1000,33.94,9.9,C
1000,33.94,10.66,C
1000,33.94,10.69,C
1000,33.94,10.77,C
1000,33.94,10.78,C
1000,33.94,10.82,C
1000,33.94,11.3,C
1000,33.94,11.33,C
1000,33.94,11.53,C
1000,33.94,11.57,C
1000,33.94,12.04,C
1000,33.94,12.22,C
1000,33.94,12.4,C
1000,33.94,12.41,C
1000,33.94,12.72,C
1000,33.94,13,C
1000,33.94,13.1,C
1000,33.94,13.17,C
1000,33.94,13.18,C
1000,33.94,13.32,C
1000,33.94,13.58,C
1000,33.94,13.59,C
1000,33.94,13.63,C
1000,33.94,13.7,C
1000,33.94,13.72,C
1000,33.94,13.81,C
1000,33.94,13.83,C
1000,33.94,13.92,C
1000,33.94,14.32,C
1000,33.94,14.48,C
1000,33.94,14.5,C
1000,33.94,14.58,C
1000,33.94,14.93,C
1000,33.94,15.1,C
1000,33.94,15.13,C
1000,33.94,15.16,C
1000,33.94,15.21,C
1000,33.94,15.31,C
1000,33.94,15.38,C
1000,33.94,15.51,C
1000,33.94,15.54,C
1000,33.94,15.98,C
1000,33.94,16.13,C
1000,33.94,16.19,C
1000,33.94,16.37,C
1000,33.94,16.56,C
1000,33.94,16.9,C
1000,33.94,17.1,C
1000,33.94,17.12,C
1000,33.94,17.17,C
1000,33.94,17.2,C
1000,33.94,17.24,C
1000,33.94,17.35,C
1000,33.94,17.55,C
1000,33.94,17.56,C
1000,33.94,17.6,C
1000,33.94,17.67,C
1000,33.94,17.82,C
1000,33.94,18,C
1000,33.94,18.21,C
1000,33.94,18.52,C
1000,33.94,18.71,C
1000,33.94,18.73,C
1000,33.94,18.78,C
1000,33.94,18.82,C
1000,33.94,18.95,C
1000,33.94,19.09,C
1000,33.94,19.21,C
1000,33.94,19.31,C
1000,33.94,19.53,C
1000,33.94,19.63,C
1000,33.94,20.3,C
1000,33.94,20.36,C
1000,33.94,20.46,C
1000,33.94,20.64,C
1000,33.94,20.67,C
1000,33.94,20.85,C
1000,33.94,21.2,C
1000,33.94,21.38,C
1000,33.94,21.51,C
1000,33.94,21.53,C
1000,33.94,21.93,C
1000,33.94,22.34,C
1000,33.94,22.44,C
1000,33.94,22.5,C
1000,33.94,22.56,C
1000,33.94,22.57,C
1000,33.94,22.63,C
1000,33.94,22.68,C
1000,33.94,22.8,C
1000,33.94,22.91,C
1000,33.94,22.96,C
1000,33.94,23.3,C
1000,33.94,23.31,C
1000,33.94,23.34,C
1000,33.94,23.39,C
1000,33.94,23.52,C
1000,33.94,23.7,C
1000,33.94,23.89,C
1000,33.94,24.06,C
1000,33.94,24.09,C
1000,33.94,24.32,C
1000,33.94,24.87,C
1000,33.94,25.16,C
1000,33.94,25.21,C
1000,33.94,25.25,C
1000,33.94,25.33,C
1000,33.94,25.36,C
1000,33.94,25.46,C
1000,33.94,25.6,C
1000,33.94,26.17,C
1000,33.94,26.33,C
1000,33.94,26.56,C
1000,33.94,26.66,C
1000,33.94,26.71,C
1000,33.94,26.83,C
1000,33.94,27.39,C
1000,33.94,27.43,C
1000,33.94,27.48,C
1000,33.94,27.64,C
1000,33.94,28.55,C
1000,33.94,28.61,C
1000,33.94,28.71,C
1000,33.94,28.74,C
1000,33.94,28.75,C
1000,33.94,28.82,C
1000,33.94,28.85,C
1000,33.94,28.95,C
1000,33.94,29.03,C
1000,33.94,29.06,C
1000,33.94,29.44,C
1000,33.94,29.47,C
1000,33.94,29.81,C
1000,33.94,30.09,C
1000,33.94,30.39,C
1000,33.94,30.65,C
1000,33.94,30.89,C
1000,33.94,31.1,C
1000,33.94,31.23,C
1000,33.94,31.54,C
1000,33.94,31.74,C
1000,33.94,31.8,C
1000,33.94,32.11,C
1000,33.94,32.71,C
1000,33.94,32.84,C
1000,33.94,32.98,C
1000,33.94,34.55,C
1000,33.94,34.57,C
1000,33.94,34.99,C
1000,33.95,4.9,B
1000,33.95,7.2,B
1000,33.95,20.77,B
1000,33.97,0,C
1000,33.97,1.66,C
1000,33.97,2.31,C
1000,33.97,2.68,C
1000,33.97,3.52,C
1000,33.97,3.6,C
1000,33.97,3.94,C
1000,33.97,4.49,C
1000,33.97,4.5,C
1000,33.97,5.42,C
1000,33.97,5.76,C
1000,33.97,6.53,C
1000,33.97,6.85,C
1000,33.97,7.34,C
1000,33.97,8.03,C
1000,33.97,9.04,C
1000,33.97,9.1,C
1000,33.97,9.12,C
1000,33.97,9.36,C
1000,33.97,9.43,C
1000,33.97,9.9,C
1000,33.97,10.08,C
1000,33.97,11.84,C
1000,33.97,12.61,C
1000,33.97,12.65,C
1000,33.97,12.76,C
1000,33.97,12.8,C
1000,33.97,13.09,C
1000,33.97,13.84,C
1000,33.97,13.88,C
1000,33.97,14,C
1000,33.97,15.23,C
1000,33.97,15.68,C
1000,33.97,15.92,C
1000,33.97,16.14,C
1000,33.97,16.31,C
1000,33.97,16.36,C
1000,33.97,16.4,C
1000,33.97,16.63,C
1000,33.97,16.73,C
1000,33.97,17.62,C
1000,33.97,18.12,C
1000,33.97,18.47,C
1000,33.97,18.9,C
1000,33.97,19.01,C
1000,33.97,19.03,C
1000,33.97,20.25,C
1000,33.97,20.93,C
1000,33.97,22.21,C
1000,33.97,23.19,C
1000,33.97,23.66,C
1000,33.97,24.18,C
1000,33.97,25.17,C
1000,33.97,25.83,C
1000,33.97,26.15,C
1000,33.97,27.26,C
1000,33.97,27.84,C
1000,33.97,28.1,C
1000,33.97,29.04,C
1000,33.97,29.45,C
1000,33.97,29.46,C
1000,33.97,29.75,C
1000,33.97,31.26,C
1000,33.97,31.44,C
1000,33.97,31.87,C
1000,33.97,33.35,C
1000,33.97,34.11,C
1000,33.97,39.73,C
1000,33.97,54.48,C
1000,33.98,0.32,C
1000,33.98,0.67,C
1000,33.98,1.25,C
1000,33.98,1.44,C
1000,33.98,1.71,C
1000,33.98,1.86,C
1000,33.98,1.91,C
1000,33.98,1.94,C
1000,33.98,2.68,C
1000,33.98,3.39,C
1000,33.98,4.12,C
1000,33.98,4.24,C
1000,33.98,4.9,C
1000,33.98,5.33,C
1000,33.98,5.52,C
1000,33.98,5.55,C
1000,33.98,5.67,C
1000,33.98,5.78,C
1000,33.98,6.04,C
1000,33.98,6.98,C
1000,33.98,7.02,C
1000,33.98,7.16,C
1000,33.98,7.23,C
1000,33.98,7.41,C
1000,33.98,7.6,C
1000,33.98,7.83,C
1000,33.98,8.09,C
1000,33.98,8.52,C
1000,33.98,8.65,C
1000,33.98,8.68,C
1000,33.98,9.78,C
1000,33.98,9.87,C
1000,33.98,9.99,C
1000,33.98,10.2,C
1000,33.98,10.41,C
1000,33.98,10.49,C
1000,33.98,10.54,C
1000,33.98,10.66,C
1000,33.98,10.77,C
1000,33.98,10.83,C
1000,33.98,10.91,C
1000,33.98,10.97,C
1000,33.98,11.36,C
1000,33.98,11.43,C
1000,33.98,11.55,C
1000,33.98,11.68,C
1000,33.98,11.95,C
1000,33.98,12.28,C
1000,33.98,12.55,C
1000,33.98,12.6,C
1000,33.98,12.64,C
1000,33.98,12.71,C
1000,33.98,12.75,C
1000,33.98,12.81,C
1000,33.98,13.06,C
1000,33.98,13.65,C
1000,33.98,13.78,C
1000,33.98,14.08,C
1000,33.98,14.36,C
1000,33.98,14.43,C
1000,33.98,14.45,C
1000,33.98,14.65,C
1000,33.98,14.79,C
1000,33.98,14.94,C
1000,33.98,15.09,C
1000,33.98,15.1,C
1000,33.98,15.12,C
1000,33.98,15.37,C
1000,33.98,15.5,C
1000,33.98,15.52,C
1000,33.98,15.62,C
1000,33.98,15.77,C
1000,33.98,16.23,C
1000,33.98,16.38,C
1000,33.98,16.41,C
1000,33.98,16.64,C
1000,33.98,16.75,C
1000,33.98,17.09,C
1000,33.98,17.3,C
1000,33.98,17.35,C
1000,33.98,18.24,C
1000,33.98,18.43,C
1000,33.98,18.47,C
1000,33.98,18.89,C
1000,33.98,18.95,C
1000,33.98,19.07,C
1000,33.98,19.13,C
1000,33.98,19.42,C
1000,33.98,19.61,C
1000,33.98,19.86,C
1000,33.98,20.08,C
1000,33.98,20.09,C
1000,33.98,20.15,C
1000,33.98,20.4,C
1000,33.98,20.5,C
1000,33.98,20.53,C
1000,33.98,20.75,C
1000,33.98,20.87,C
1000,33.98,20.92,C
1000,33.98,20.99,C
1000,33.98,21.11,C
1000,33.98,21.27,C
1000,33.98,21.5,C
1000,33.98,21.77,C
1000,33.98,21.84,C
1000,33.98,21.97,C
1000,33.98,22,C
1000,33.98,22.1,C
1000,33.98,22.36,C
1000,33.98,22.52,C
1000,33.98,22.72,C
1000,33.98,22.95,C
1000,33.98,23.33,C
1000,33.98,24,C
1000,33.98,24.04,C
1000,33.98,24.19,C
1000,33.98,24.95,C
1000,33.98,24.98,C
1000,33.98,25.06,C
1000,33.98,25.29,C
1000,33.98,25.91,C
1000,33.98,26.01,C
1000,33.98,26.02,C
1000,33.98,26.04,C
1000,33.98,26.17,C
1000,33.98,26.34,C
1000,33.98,26.67,C
1000,33.98,26.78,C
1000,33.98,26.88,C
1000,33.98,26.99,C
1000,33.98,27.47,C
1000,33.98,27.71,C
1000,33.98,27.92,C
1000,33.98,28.22,C
1000,33.98,28.3,C
1000,33.98,28.56,C
1000,33.98,29.65,C
1000,33.98,29.86,C
1000,33.98,29.97,C
1000,33.98,30.25,C
1000,33.98,30.48,C
1000,33.98,30.51,C
1000,33.98,30.9,C
1000,33.98,31.5,C
1000,33.98,34.23,C
1000,33.98,34.97,C
1000,33.98,35.9,C
1000,33.98,39.12,C
1000,33.98,65.87,C
1000,34.01,7.63,C
1000,34.01,8.64,C
1000,34.01,14.86,C
1000,34.01,15.63,C
1000,34.01,16.06,C
1000,34.01,16.5,C
1000,34.02,2,B
1000,34.02,2.03,C
1000,34.02,3.07,B
1000,34.02,3.16,C
1000,34.02,4.03,C
1000,34.02,4.33,C
1000,34.02,6.22,B
1000,34.02,7.08,C
1000,34.02,7.72,C
1000,34.02,8.16,C
1000,34.02,8.23,C
1000,34.02,9.06,C
1000,34.02,9.07,C
1000,34.02,9.17,C
1000,34.02,9.36,C
1000,34.02,9.44,C
1000,34.02,10.67,C
1000,34.02,10.82,C
1000,34.02,11.27,C
1000,34.02,11.4,C
1000,34.02,12.19,B
1000,34.02,12.83,C
1000,34.02,12.85,C
1000,34.02,13.14,B
1000,34.02,13.43,C
1000,34.02,13.52,C
1000,34.02,13.58,B
1000,34.02,13.73,C
1000,34.02,13.93,C
1000,34.02,14.33,C
1000,34.02,14.73,C
1000,34.02,14.93,C
1000,34.02,15.18,C
1000,34.02,15.19,C
1000,34.02,15.71,B
1000,34.02,16.31,C
1000,34.02,16.57,C
1000,34.02,16.75,B
1000,34.02,17.03,C
1000,34.02,17.79,C
1000,34.02,17.88,C
1000,34.02,18.57,C
1000,34.02,19.04,C
1000,34.02,19.15,C
1000,34.02,19.19,C
1000,34.02,19.27,C
1000,34.02,19.63,B
1000,34.02,20.23,C
1000,34.02,20.28,C
1000,34.02,20.36,C
1000,34.02,20.5,C
1000,34.02,20.51,C
1000,34.02,20.91,C
1000,34.02,21,C
1000,34.02,21.41,C
1000,34.02,21.54,C
1000,34.02,21.79,C
1000,34.02,21.98,C
1000,34.02,22.52,C
1000,34.02,22.65,C
1000,34.02,22.67,C
1000,34.02,23.08,C
1000,34.02,23.14,B
1000,34.02,23.28,C
1000,34.02,24.54,C
1000,34.02,24.62,C
1000,34.02,24.66,C
1000,34.02,25.17,C
1000,34.02,25.94,B
1000,34.02,26.52,C
1000,34.02,26.68,C
1000,34.02,27.62,C
1000,34.02,28.53,C
1000,34.02,29.09,C
1000,34.02,29.27,C
1000,34.02,29.69,C
1000,34.02,30.03,C
1000,34.02,31.31,C
1000,34.02,31.91,C
1000,34.02,32.03,C
1000,34.02,32.32,C
1000,34.02,32.33,C
1000,34.02,32.6,C
1000,34.02,32.64,C
1000,34.02,33.17,C
1000,34.02,33.29,C
1000,34.02,33.5,C
1000,34.02,33.65,C
1000,34.02,33.79,C
1000,34.02,33.96,C
1000,34.02,34.11,C
1000,34.02,35.46,C
1000,34.02,36.8,C
1000,34.02,38.96,C
1000,34.03,2.53,C
1000,34.03,5.96,C
1000,34.03,11.8,C
1000,34.03,16.48,C
1000,34.03,24.06,C
1000,34.05,2.72,C
1000,34.11,4.83,C
1000,34.17,1.36,C
1000,34.17,3.19,C
1000,34.17,6.63,C
1000,34.17,8.21,C
1000,34.17,12.07,C
1000,34.17,12.71,C
1000,34.17,12.75,C
1000,34.17,13.14,C
1000,34.17,13.23,C
1000,34.17,13.59,C
1000,34.17,14.6,C
1000,34.17,14.61,C
1000,34.17,14.66,C
1000,34.17,15.86,C
1000,34.17,15.91,C
1000,34.17,16.3,C
1000,34.17,17.18,C
1000,34.17,17.63,C
1000,34.17,17.64,C
1000,34.17,18.3,C
1000,34.17,18.31,C
1000,34.17,18.64,C
1000,34.17,19.63,C
1000,34.17,19.85,C
1000,34.17,20.4,C
1000,34.17,20.74,C
1000,34.17,21.93,C
1000,34.17,22.36,C
1000,34.17,23.65,C
1000,34.17,23.7,C
1000,34.17,23.91,C
1000,34.17,24.1,C
1000,34.17,24.12,C
1000,34.17,26.04,C
1000,34.17,26.1,C
1000,34.17,26.12,C
1000,34.17,26.6,C
1000,34.17,27.57,C
1000,34.17,29.15,C
1000,34.17,29.52,C
1000,34.17,31.76,C
1000,34.17,34.01,C
1000,34.17,39.35,C
1000,34.18,0,C
1000,34.18,0.33,C
1000,34.18,0.5,C
1000,34.18,0.55,C
1000,34.18,0.93,C
1000,34.18,1.56,C
1000,34.18,1.6,C
1000,34.18,1.87,C
1000,34.18,2.29,C
1000,34.18,2.48,C
1000,34.18,2.58,C
1000,34.18,2.98,C
1000,34.18,3.7,C
1000,34.18,3.96,C
1000,34.18,4.52,C
1000,34.18,4.96,C
1000,34.18,5.64,C
1000,34.18,5.75,C
1000,34.18,5.92,C
1000,34.18,5.93,C
1000,34.18,6.51,C
1000,34.18,6.9,C
1000,34.18,7,C
1000,34.18,7.29,C
1000,34.18,7.33,C
1000,34.18,7.77,C
1000,34.18,8.08,C
1000,34.18,8.13,C
1000,34.18,8.26,C
1000,34.18,8.57,C
1000,34.18,8.62,C
1000,34.18,8.96,C
1000,34.18,9.37,C
1000,34.18,9.54,C
1000,34.18,9.84,C
1000,34.18,10,C
1000,34.18,10.04,C
1000,34.18,10.06,C
1000,34.18,10.23,C
1000,34.18,10.32,C
1000,34.18,10.4,C
1000,34.18,10.53,C
1000,34.18,10.58,C
1000,34.18,10.62,C
1000,34.18,10.66,C
1000,34.18,10.67,C
1000,34.18,10.87,C
1000,34.18,10.92,C
1000,34.18,11.26,C
1000,34.18,11.59,C
1000,34.18,12.06,C
1000,34.18,12.2,C
1000,34.18,12.22,C
1000,34.18,12.64,C
1000,34.18,12.67,C
1000,34.18,12.84,C
1000,34.18,12.89,C
1000,34.18,12.93,C
1000,34.18,12.97,C
1000,34.18,13.07,C
1000,34.18,13.25,C
1000,34.18,13.29,C
1000,34.18,13.8,C
1000,34.18,13.96,C
1000,34.18,14.13,C
1000,34.18,14.16,C
1000,34.18,14.23,C
1000,34.18,14.28,C
1000,34.18,14.29,C
1000,34.18,14.33,C
1000,34.18,14.38,C
1000,34.18,14.46,C
1000,34.18,14.56,C
1000,34.18,14.74,C
1000,34.18,14.79,C
1000,34.18,14.9,C
1000,34.18,15.12,C
1000,34.18,15.31,C
1000,34.18,15.49,C
1000,34.18,15.51,C
1000,34.18,15.58,C
1000,34.18,15.7,C
1000,34.18,15.79,C
1000,34.18,15.82,C
1000,34.18,15.88,C
1000,34.18,15.91,C
1000,34.18,16.02,C
1000,34.18,16.06,C
1000,34.18,16.08,C
1000,34.18,16.14,C
1000,34.18,16.35,C
1000,34.18,16.47,C
1000,34.18,16.8,C
1000,34.18,16.92,C
1000,34.18,16.94,C
1000,34.18,17.04,C
1000,34.18,17.05,C
1000,34.18,17.1,C
1000,34.18,17.24,C
1000,34.18,17.29,C
1000,34.18,17.31,C
1000,34.18,17.35,C
1000,34.18,17.58,C
1000,34.18,17.73,C
1000,34.18,17.76,C
1000,34.18,17.92,C
1000,34.18,18.05,C
1000,34.18,18.07,C
1000,34.18,18.1,C
1000,34.18,18.21,C
1000,34.18,18.33,C
1000,34.18,18.38,C
1000,34.18,18.61,C
1000,34.18,18.7,C
1000,34.18,18.94,C
1000,34.18,19,C
1000,34.18,19.17,C
1000,34.18,19.99,C
1000,34.18,20.19,C
1000,34.18,20.21,C
1000,34.18,20.28,C
1000,34.18,20.35,C
1000,34.18,20.58,C
1000,34.18,20.77,C
1000,34.18,20.81,C
1000,34.18,20.84,C
1000,34.18,20.92,C
1000,34.18,21.04,C
1000,34.18,21.07,C
1000,34.18,21.19,C
1000,34.18,21.29,C
1000,34.18,21.4,C
1000,34.18,21.41,C
1000,34.18,21.6,C
1000,34.18,21.69,C
1000,34.18,21.73,C
1000,34.18,21.88,C
1000,34.18,21.99,C
1000,34.18,22.07,C
1000,34.18,22.32,C
1000,34.18,22.58,C
1000,34.18,22.83,C
1000,34.18,22.91,C
1000,34.18,23,C
1000,34.18,23.08,C
1000,34.18,23.22,C
1000,34.18,23.24,C
1000,34.18,23.32,C
1000,34.18,23.35,C
1000,34.18,23.41,C
1000,34.18,23.57,C
1000,34.18,23.7,C
1000,34.18,23.89,C
1000,34.18,23.9,C
1000,34.18,23.92,C
1000,34.18,23.99,C
1000,34.18,24,C
1000,34.18,24.13,C
1000,34.18,24.32,C
1000,34.18,24.53,C
1000,34.18,24.6,C
1000,34.18,24.83,C
1000,34.18,24.84,C
1000,34.18,25.31,C
1000,34.18,25.53,C
1000,34.18,25.77,C
1000,34.18,25.82,C
1000,34.18,25.89,C
1000,34.18,26.04,C
1000,34.18,26.08,C
1000,34.18,26.11,C
1000,34.18,26.17,C
1000,34.18,26.18,C
1000,34.18,26.61,C
1000,34.18,26.75,C
1000,34.18,26.82,C
1000,34.18,26.98,C
1000,34.18,26.99,C
1000,34.18,27.04,C
1000,34.18,27.16,C
1000,34.18,27.31,C
1000,34.18,27.5,C
1000,34.18,27.56,C
1000,34.18,27.77,C
1000,34.18,27.96,C
1000,34.18,27.99,C
1000,34.18,28.08,C
1000,34.18,28.53,C
1000,34.18,29.09,C
1000,34.18,29.12,C
1000,34.18,29.17,C
1000,34.18,29.29,C
1000,34.18,29.47,C
1000,34.18,29.7,C
1000,34.18,29.8,C
1000,34.18,29.95,C
1000,34.18,30,C
1000,34.18,30.07,C
1000,34.18,30.13,C
1000,34.18,30.26,C
1000,34.18,30.44,C
1000,34.18,30.78,C
1000,34.18,31.08,C
1000,34.18,31.2,C
1000,34.18,31.35,C
1000,34.18,31.58,C
1000,34.18,31.68,C
1000,34.18,31.8,C
1000,34.18,31.89,C
1000,34.18,31.98,C
1000,34.18,32.1,C
1000,34.18,32.15,C
1000,34.18,32.44,C
1000,34.18,32.74,C
1000,34.18,32.78,C
1000,34.18,33.04,C
1000,34.18,33.57,C
1000,34.18,33.65,C
1000,34.18,34.5,C
1000,34.18,34.51,C
1000,34.18,34.83,C
1000,34.18,34.91,C
1000,34.18,36.36,C
1000,34.18,37.23,C
1000,34.18,38.07,C
1000,34.18,38.12,C
1000,34.18,38.4,C
1000,34.2,0.73,C
1000,34.2,0.83,C
1000,34.2,0.91,C
1000,34.2,1.48,C
1000,34.2,1.68,C
1000,34.2,3.39,C
1000,34.2,9.32,C
1000,34.2,9.33,C
1000,34.2,11.67,C
1000,34.2,12.69,C
1000,34.2,13.18,C
1000,34.2,15.28,C
1000,34.2,15.76,C
1000,34.2,16,C
1000,34.2,16.37,C
1000,34.2,18.85,C
1000,34.2,24.64,C
1000,34.2,24.74,C
1000,34.2,28.28,C
1000,34.2,28.99,C
1000,34.2,30.03,C
1000,34.2,34.68,C
1000,34.21,16.27,E
1000,34.22,1.26,C
1000,34.22,2,C
1000,34.22,2.16,C
1000,34.22,3.03,C
1000,34.22,3.54,C
1000,34.22,3.88,C
1000,34.22,4.42,C
1000,34.22,4.5,C
1000,34.22,4.99,C
1000,34.22,5.13,C
1000,34.22,5.41,C
1000,34.22,5.75,C
1000,34.22,6.38,C
1000,34.22,6.5,C
1000,34.22,6.99,C
1000,34.22,7.02,C
1000,34.22,7.13,C
1000,34.22,7.24,C
1000,34.22,7.31,C
1000,34.22,7.85,C
1000,34.22,8.21,C
1000,34.22,8.31,C
1000,34.22,8.66,C
1000,34.22,8.88,C
1000,34.22,9.11,C
1000,34.22,9.28,C
1000,34.22,9.37,C
1000,34.22,9.38,C
1000,34.22,9.72,C
1000,34.22,9.84,C
1000,34.22,10.12,C
1000,34.22,10.54,C
1000,34.22,10.57,C
1000,34.22,10.71,C
1000,34.22,10.84,C
1000,34.22,10.85,C
1000,34.22,10.88,C
1000,34.22,10.97,C
1000,34.22,11.24,C
1000,34.22,11.97,C
1000,34.22,12.17,C
1000,34.22,12.22,C
1000,34.22,12.27,C
1000,34.22,12.65,C
1000,34.22,12.8,C
1000,34.22,12.9,C
1000,34.22,13,C
1000,34.22,13.22,C
1000,34.22,13.26,C
1000,34.22,13.35,C
1000,34.22,13.7,C
1000,34.22,13.73,C
1000,34.22,13.82,C
1000,34.22,14.63,C
1000,34.22,14.68,C
1000,34.22,14.9,C
1000,34.22,14.98,C
1000,34.22,15.15,C
1000,34.22,15.18,C
1000,34.22,15.4,C
1000,34.22,15.45,C
1000,34.22,15.54,C
1000,34.22,15.95,C
1000,34.22,16.09,C
1000,34.22,16.23,C
1000,34.22,16.6,C
1000,34.22,16.86,C
1000,34.22,17.14,C
1000,34.22,17.21,C
1000,34.22,17.26,C
1000,34.22,17.5,C
1000,34.22,17.79,C
1000,34.22,18.32,C
1000,34.22,18.57,C
1000,34.22,18.69,C
1000,34.22,19.28,C
1000,34.22,19.37,C
1000,34.22,19.6,C
1000,34.22,19.96,C
1000,34.22,19.99,C
1000,34.22,20.04,C
1000,34.22,20.1,C
1000,34.22,20.12,C
1000,34.22,20.34,C
1000,34.22,20.58,C
1000,34.22,21.01,C
1000,34.22,21.61,C
1000,34.22,21.69,C
1000,34.22,21.75,C
1000,34.22,21.85,C
1000,34.22,22.05,C
1000,34.22,22.14,C
1000,34.22,22.16,C
1000,34.22,22.4,C
1000,34.22,22.54,C
1000,34.22,22.59,C
1000,34.22,22.76,C
1000,34.22,22.86,C
1000,34.22,23.06,C
1000,34.22,23.31,C
1000,34.22,23.51,C
1000,34.22,23.79,C
1000,34.22,23.81,C
1000,34.22,24.13,C
1000,34.22,24.25,C
1000,34.22,24.32,C
1000,34.22,24.84,C
1000,34.22,25.27,C
1000,34.22,25.29,C
1000,34.22,25.35,C
1000,34.22,25.59,C
1000,34.22,25.85,C
1000,34.22,26.13,C
1000,34.22,26.18,C
1000,34.22,26.34,C
1000,34.22,26.57,C
1000,34.22,27.55,C
1000,34.22,27.58,C
1000,34.22,27.96,C
1000,34.22,27.97,C
1000,34.22,28.68,C
1000,34.22,28.81,C
1000,34.22,28.86,C
1000,34.22,29.09,C
1000,34.22,29.35,C
1000,34.22,29.67,C
1000,34.22,30.37,C
1000,34.22,30.44,C
1000,34.22,30.88,C
1000,34.22,30.98,C
1000,34.22,31.36,C
1000,34.22,32.29,C
1000,34.22,32.68,C
1000,34.22,33.06,C
1000,34.22,33.48,C
1000,34.22,34.16,C
1000,34.22,37.58,C
1000,34.22,38.8,C
1000,34.22,47.17,C
1000,34.23,1.37,B
1000,34.23,3.63,D
1000,34.23,8.01,B
1000,34.23,12.42,B
1000,34.23,12.67,B
1000,34.23,15.88,B
1000,34.23,17.11,B
1000,34.23,21.2,B
1000,34.23,23.94,B
1000,34.23,24.28,B
1000,34.23,25.01,B
1000,34.23,29.88,B
1000,34.23,30.69,B
1000,34.23,30.71,B
1000,34.26,9.19,C
1000,34.26,12.54,C
1000,34.26,20.62,C
1000,34.26,28.51,C
1000,34.27,22.7,C
1000,34.29,14.09,C
1000,34.31,3.55,C
1000,34.31,8.34,C
1000,34.31,12.26,C
1000,34.31,13.52,C
1000,34.31,13.54,C
1000,34.31,14.13,C
1000,34.31,22.23,C
1000,34.31,24.61,C
1000,34.33,5.14,C
1000,34.33,7.82,C
1000,34.33,9.44,C
1000,34.33,10.73,C
1000,34.33,10.81,C
1000,34.33,14.2,C
1000,34.33,14.83,C
1000,34.33,15.04,D
1000,34.33,15.65,C
1000,34.33,15.94,C
1000,34.33,16.97,C
1000,34.33,19.66,C
1000,34.33,19.73,C
1000,34.33,20.65,C
1000,34.33,22.11,C
1000,34.33,22.89,C
1000,34.33,23.12,C
1000,34.33,23.26,C
1000,34.33,23.31,C
1000,34.33,24.12,C
1000,34.33,26.17,C
1000,34.33,27.07,C
1000,34.33,27.45,C
1000,34.33,27.75,C
1000,34.33,28.29,C
1000,34.33,30.54,C
1000,34.33,32.28,C
1000,34.33,33.58,C
1000,34.33,35.82,C
1000,34.33,36.25,C
1000,34.33,39.78,C
1000,34.34,1.83,C
1000,34.34,3.01,C
1000,34.34,5.35,C
1000,34.34,6.83,C
1000,34.34,8.47,C
1000,34.34,8.9,C
1000,34.34,11.1,C
1000,34.34,13.89,C
1000,34.34,15.22,C
1000,34.34,18.91,C
1000,34.34,20.22,C
1000,34.34,20.65,C
1000,34.34,24.01,C
1000,34.34,25.92,C
1000,34.34,26.47,C
1000,34.34,31.5,C
1000,34.34,32.49,C
1000,34.34,34.96,C
1000,34.34,36.53,C
1000,34.34,36.64,C
1000,34.39,7.39,D
1000,34.41,1.73,C
1000,34.41,3.92,C
1000,34.41,4.11,C
1000,34.41,6.35,C
1000,34.41,8.7,C
1000,34.41,8.77,C
1000,34.41,8.89,C
1000,34.41,8.99,C
1000,34.41,9.64,C
1000,34.41,9.93,C
1000,34.41,10.11,C
1000,34.41,10.49,C
1000,34.41,11.26,C
1000,34.41,11.85,C
1000,34.41,11.99,C
1000,34.41,12.47,C
1000,34.41,12.64,C
1000,34.41,12.8,C
1000,34.41,13.21,C
1000,34.41,13.56,C
1000,34.41,14.09,C
1000,34.41,14.64,C
1000,34.41,14.9,C
1000,34.41,15.2,C
1000,34.41,15.31,C
1000,34.41,15.39,C
1000,34.41,15.66,C
1000,34.41,15.9,C
1000,34.41,16.09,C
1000,34.41,16.2,C
1000,34.41,16.55,C
1000,34.41,16.64,C
1000,34.41,17.74,C
1000,34.41,17.81,C
1000,34.41,18.16,C
1000,34.41,18.24,C
1000,34.41,18.41,C
1000,34.41,18.48,C
1000,34.41,18.73,C
1000,34.41,18.95,C
1000,34.41,19.5,C
1000,34.41,19.89,C
1000,34.41,20.13,C
1000,34.41,20.29,C
1000,34.41,20.71,C
1000,34.41,20.78,C
1000,34.41,21.58,C
1000,34.41,22.12,C
1000,34.41,22.18,C
1000,34.41,22.45,C
1000,34.41,23,C
1000,34.41,24.05,C
1000,34.41,26,C
1000,34.41,26.7,C
1000,34.41,27.16,C
1000,34.41,27.29,C
1000,34.41,28.81,C
1000,34.41,28.84,C
1000,34.41,28.97,C
1000,34.41,29.76,C
1000,34.41,29.88,C
1000,34.41,30.05,C
1000,34.41,30.86,C
1000,34.41,31.39,C
1000,34.41,31.49,C
1000,34.41,33.68,C
1000,34.41,34.18,C
1000,34.41,34.28,C
1000,34.41,35.7,C
1000,34.41,36.14,C
1000,34.41,36.33,C
1000,34.41,37.43,C
1000,34.41,37.96,C
1000,34.41,39.35,C
1000,34.41,55.04,C
1000,34.42,1.95,C
1000,34.42,2,C
1000,34.42,2.25,C
1000,34.42,2.88,C
1000,34.42,3.3,C
1000,34.42,4.69,C
1000,34.42,6.72,C
1000,34.42,6.99,C
1000,34.42,7.48,C
1000,34.42,8.04,C
1000,34.42,9.48,C
1000,34.42,9.68,C
1000,34.42,9.95,C
1000,34.42,10.23,C
1000,34.42,10.53,C
1000,34.42,10.88,C
1000,34.42,12,C
1000,34.42,12.09,C
1000,34.42,12.15,C
1000,34.42,12.25,C
1000,34.42,12.45,C
1000,34.42,12.46,C
1000,34.42,12.53,C
1000,34.42,12.76,C
1000,34.42,12.85,C
1000,34.42,13.19,C
1000,34.42,13.31,C
1000,34.42,13.55,C
1000,34.42,14.13,C
1000,34.42,14.33,C
1000,34.42,14.43,C
1000,34.42,14.62,C
1000,34.42,15.42,C
1000,34.42,15.64,C
1000,34.42,15.72,C
1000,34.42,15.92,C
1000,34.42,16.55,C
1000,34.42,16.69,C
1000,34.42,16.82,C
1000,34.42,16.83,C
1000,34.42,16.88,C
1000,34.42,17.23,C
1000,34.42,17.56,C
1000,34.42,17.84,C
1000,34.42,17.92,C
1000,34.42,18.4,C
1000,34.42,18.58,C
1000,34.42,18.95,C
1000,34.42,19.53,C
1000,34.42,19.92,C
1000,34.42,20.34,C
1000,34.42,20.6,C
1000,34.42,20.88,C
1000,34.42,21.14,C
1000,34.42,21.41,C
1000,34.42,21.46,C
1000,34.42,21.96,C
1000,34.42,22.04,C
1000,34.42,22.52,C
1000,34.42,22.65,C
1000,34.42,22.8,C
1000,34.42,22.92,C
1000,34.42,23.09,C
1000,34.42,23.2,C
1000,34.42,23.29,C
1000,34.42,23.45,C
1000,34.42,23.72,C
1000,34.42,24.12,C
1000,34.42,24.66,C
1000,34.42,24.77,C
1000,34.42,25.67,C
1000,34.42,25.76,C
1000,34.42,26.6,C
1000,34.42,27.12,C
1000,34.42,27.28,C
1000,34.42,27.46,C
1000,34.42,27.48,C
1000,34.42,27.62,C
1000,34.42,28.17,C
1000,34.42,28.25,C
1000,34.42,28.3,C
1000,34.42,28.75,C
1000,34.42,28.92,C
1000,34.42,29.44,C
1000,34.42,30.97,C
1000,34.42,31.02,C
1000,34.42,32.01,C
1000,34.42,32.05,C
1000,34.42,32.53,C
1000,34.42,34,C
1000,34.42,35.96,C
1000,34.42,36.06,C
1000,34.42,38.46,C
1000,34.44,4.4,C
1000,34.44,6.12,C
1000,34.44,7.82,C
1000,34.44,10.42,C
1000,34.44,10.43,C
1000,34.44,13.31,C
1000,34.44,13.61,C
1000,34.44,13.8,C
1000,34.44,16.25,C
1000,34.44,16.44,C
1000,34.44,17.6,C
1000,34.44,17.67,C
1000,34.44,17.86,C
1000,34.44,21.58,C
1000,34.44,23.32,C
1000,34.44,23.6,C
1000,34.44,24.65,C
1000,34.44,25.52,C
1000,34.44,32.77,C
1000,34.47,6.15,D
1000,34.48,17.75,D
1000,34.49,12.4,C
1000,34.49,13.41,C
1000,34.49,13.74,C
1000,34.49,15.28,C
1000,34.49,15.3,C
1000,34.49,24.75,C
1000,34.5,0.62,C
1000,34.5,4.58,C
1000,34.5,4.67,C
1000,34.5,5.9,C
1000,34.5,6,C
1000,34.5,7.62,C
1000,34.5,9.44,C
1000,34.5,9.47,C
1000,34.5,9.66,C
1000,34.5,9.85,C
1000,34.5,11.63,C
1000,34.5,12.19,C
1000,34.5,12.37,C
1000,34.5,12.56,C
1000,34.5,12.85,C
1000,34.5,13.24,C
1000,34.5,13.53,C
1000,34.5,13.72,C
1000,34.5,14.56,C
1000,34.5,15.02,C
1000,34.5,16.66,C
1000,34.5,16.76,C
1000,34.5,17.16,C
1000,34.5,17.76,C
1000,34.5,18.11,C
1000,34.5,19.03,C
1000,34.5,19.1,C
1000,34.5,19.43,C
1000,34.5,19.44,C
1000,34.5,19.87,C
1000,34.5,20.31,C
1000,34.5,20.7,C
1000,34.5,20.78,C
1000,34.5,21.83,C
1000,34.5,22.21,C
1000,34.5,22.24,C
1000,34.5,22.44,C
1000,34.5,22.53,C
1000,34.5,22.6,C
1000,34.5,23.44,C
1000,34.5,24.06,C
1000,34.5,24.41,C
1000,34.5,24.46,C
1000,34.5,24.54,C
1000,34.5,25.22,C
1000,34.5,25.34,C
1000,34.5,26.11,C
1000,34.5,26.15,C
1000,34.5,26.43,C
1000,34.5,27.33,C
1000,34.5,27.57,C
1000,34.5,28.11,C
1000,34.5,29.48,C
1000,34.5,30.38,C
1000,34.5,30.47,C
1000,34.5,31.36,C
1000,34.5,31.73,C
1000,34.5,32.15,C
1000,34.5,33.87,C
1000,34.5,36.75,C
1000,34.5,36.76,C
1000,34.5,38.48,C
1000,34.53,18.63,C
1000,34.53,23.43,C
1000,34.54,1.2,D
1000,34.54,1.49,D
1000,34.57,22.05,C
1000,34.57,23.75,C
1000,34.59,0,D
1000,34.59,3.93,D
1000,34.6,3.4,C
1000,34.6,3.97,C
1000,34.6,10.49,C
1000,34.6,13.86,C
1000,34.6,18.41,C
1000,34.6,18.56,C
1000,34.6,20.16,C
1000,34.6,21.65,C
1000,34.6,28.46,C
1000,34.6,29.43,C
1000,34.6,32.25,C
1000,34.63,6.6,D
1000,34.63,18.7,D
1000,34.65,1.76,D
1000,34.65,18.26,D
1000,34.65,20.98,D
1000,34.66,4.47,C
1000,34.66,7.96,C
1000,34.66,8.53,C
1000,34.66,23.6,C
1000,34.67,0.5,C
1000,34.67,0.81,C
1000,34.67,2.93,C
1000,34.67,3.46,C
1000,34.67,4.11,C
1000,34.67,4.66,C
1000,34.67,4.72,C
1000,34.67,4.74,C
1000,34.67,5.05,C
1000,34.67,5.3,C
1000,34.67,5.85,C
1000,34.67,6.57,C
1000,34.67,7.28,C
1000,34.67,7.34,C
1000,34.67,7.52,C
1000,34.67,7.77,C
1000,34.67,9.56,C
1000,34.67,9.72,C
1000,34.67,9.75,C
1000,34.67,10.54,C
1000,34.67,10.63,C
1000,34.67,10.7,C
1000,34.67,10.74,C
1000,34.67,10.9,C
1000,34.67,11.18,C
1000,34.67,11.45,C
1000,34.67,11.58,C
1000,34.67,11.66,C
1000,34.67,11.7,C
1000,34.67,12.16,C
1000,34.67,12.5,C
1000,34.67,12.58,C
1000,34.67,13.29,C
1000,34.67,13.34,C
1000,34.67,13.7,C
1000,34.67,13.97,C
1000,34.67,14.46,C
1000,34.67,14.49,C
1000,34.67,15.12,C
1000,34.67,15.41,C
1000,34.67,15.83,C
1000,34.67,15.99,C
1000,34.67,16.06,C
1000,34.67,16.37,C
1000,34.67,16.45,C
1000,34.67,16.64,C
1000,34.67,16.75,C
1000,34.67,16.81,C
1000,34.67,16.93,C
1000,34.67,17.18,C
1000,34.67,17.63,C
1000,34.67,17.7,C
1000,34.67,18,C
1000,34.67,18.42,C
1000,34.67,18.45,C
1000,34.67,18.48,C
1000,34.67,18.75,C
1000,34.67,18.89,C
1000,34.67,19.37,C
1000,34.67,19.68,C
1000,34.67,19.77,C
1000,34.67,19.99,C
1000,34.67,20.08,C
1000,34.67,20.1,C
1000,34.67,20.23,C
1000,34.67,20.3,C
1000,34.67,20.36,C
1000,34.67,20.4,C
1000,34.67,20.63,C
1000,34.67,20.84,C
1000,34.67,20.91,C
1000,34.67,20.96,C
1000,34.67,21.29,C
1000,34.67,21.31,C
1000,34.67,21.79,C
1000,34.67,21.9,C
1000,34.67,22.8,C
1000,34.67,22.95,C
1000,34.67,23.18,C
1000,34.67,23.26,C
1000,34.67,23.27,C
1000,34.67,23.91,C
1000,34.67,24.17,C
1000,34.67,24.64,C
1000,34.67,24.68,C
1000,34.67,24.79,C
1000,34.67,25,C
1000,34.67,25.09,C
1000,34.67,25.5,C
1000,34.67,25.68,C
1000,34.67,26.18,C
1000,34.67,26.51,C
1000,34.67,26.52,C
1000,34.67,26.57,C
1000,34.67,26.6,C
1000,34.67,27.26,C
1000,34.67,27.37,C
1000,34.67,27.39,C
1000,34.67,28.05,C
1000,34.67,28.3,C
1000,34.67,28.56,C
1000,34.67,28.58,C
1000,34.67,28.78,C
1000,34.67,29.29,C
1000,34.67,29.98,C
1000,34.67,30.31,C
1000,34.67,31.21,C
1000,34.67,31.24,C
1000,34.67,31.4,C
1000,34.67,31.41,C
1000,34.67,31.75,C
1000,34.67,32.22,C
1000,34.67,32.99,C
1000,34.67,33.6,C
1000,34.67,34.16,C
1000,34.67,34.85,C
1000,34.67,36.11,C
1000,34.67,39.99,C
1000,34.68,0,C
1000,34.68,0.45,C
1000,34.68,0.93,C
1000,34.68,1.52,C
1000,34.68,3.12,C
1000,34.68,4.4,C
1000,34.68,6.72,C
1000,34.68,7.33,C
1000,34.68,7.35,C
1000,34.68,7.93,C
1000,34.68,8.12,C
1000,34.68,8.23,C
1000,34.68,8.92,C
1000,34.68,8.97,C
1000,34.68,11.91,C
1000,34.68,12.22,C
1000,34.68,12.26,C
1000,34.68,12.76,C
1000,34.68,13.23,C
1000,34.68,13.29,C
1000,34.68,13.4,C
1000,34.68,13.92,C
1000,34.68,13.97,C
1000,34.68,14.78,C
1000,34.68,14.86,C
1000,34.68,15.92,C
1000,34.68,16.22,C
1000,34.68,16.35,C
1000,34.68,16.67,C
1000,34.68,17.03,C
1000,34.68,17.05,C
1000,34.68,17.43,C
1000,34.68,17.59,C
1000,34.68,17.97,C
1000,34.68,18.09,C
1000,34.68,18.13,C
1000,34.68,18.15,C
1000,34.68,19.46,C
1000,34.68,19.72,C
1000,34.68,19.88,C
1000,34.68,20,F
1000,34.68,21.49,C
1000,34.68,21.61,C
1000,34.68,23.45,C
1000,34.68,23.59,C
1000,34.68,23.7,C
1000,34.68,27.25,C
1000,34.68,28.19,C
1000,34.68,30.55,C
1000,34.68,33.12,C
1000,34.68,33.23,C
1000,34.68,34.64,C
1000,34.68,34.84,C
1000,34.68,36.06,C
1000,34.68,37.64,C
1000,34.69,,C
1000,34.69,0,C
1000,34.69,0.77,C
1000,34.69,1.51,C
1000,34.69,1.73,C
1000,34.69,2.06,C
1000,34.69,3.33,C
1000,34.69,3.49,C
1000,34.69,3.54,C
1000,34.69,3.88,C
1000,34.69,4.05,C
1000,34.69,4.19,C
1000,34.69,5.2,C
1000,34.69,5.24,C
1000,34.69,5.36,C
1000,34.69,5.64,C
1000,34.69,6.05,C
1000,34.69,6.42,C
1000,34.69,6.46,C
1000,34.69,6.48,C
1000,34.69,6.6,C
1000,34.69,7.02,C
1000,34.69,7.05,C
1000,34.69,7.25,C
1000,34.69,7.29,C
1000,34.69,7.38,C
1000,34.69,7.63,C
1000,34.69,7.78,C
1000,34.69,7.8,C
1000,34.69,8.5,C
1000,34.69,8.51,C
1000,34.69,8.52,C
1000,34.69,8.76,C
1000,34.69,9.52,C
1000,34.69,9.6,C
1000,34.69,9.75,C
1000,34.69,9.76,C
1000,34.69,9.78,C
1000,34.69,9.91,C
1000,34.69,10.18,C
1000,34.69,10.47,C
1000,34.69,10.51,C
1000,34.69,10.69,C
1000,34.69,11.24,C
1000,34.69,11.25,C
1000,34.69,11.62,C
1000,34.69,11.71,C
1000,34.69,11.79,C
1000,34.69,12,C
1000,34.69,12.22,C
1000,34.69,12.53,C
1000,34.69,12.64,C
1000,34.69,13.06,C
1000,34.69,13.28,C
1000,34.69,13.31,C
1000,34.69,13.45,C
1000,34.69,13.5,C
1000,34.69,13.51,C
1000,34.69,13.61,C
1000,34.69,14.01,C
1000,34.69,14.16,C
1000,34.69,14.17,C
1000,34.69,14.19,C
1000,34.69,14.35,C
1000,34.69,14.4,C
1000,34.69,14.54,C
1000,34.69,14.61,C
1000,34.69,14.7,C
1000,34.69,14.75,C
1000,34.69,14.82,C
1000,34.69,15.18,C
1000,34.69,15.3,C
1000,34.69,15.6,C
1000,34.69,15.78,C
1000,34.69,15.84,C
1000,34.69,15.92,C
1000,34.69,15.97,C
1000,34.69,16.21,C
1000,34.69,16.22,C
1000,34.69,16.53,C
1000,34.69,16.58,C
1000,34.69,16.76,C
1000,34.69,16.84,C
1000,34.69,17.13,C
1000,34.69,17.16,C
1000,34.69,17.32,C
1000,34.69,17.4,C
1000,34.69,17.81,C
1000,34.69,17.86,C
1000,34.69,18.37,C
1000,34.69,18.46,C
1000,34.69,18.47,C
1000,34.69,18.51,C
1000,34.69,18.52,C
1000,34.69,18.7,C
1000,34.69,19.04,C
1000,34.69,19.2,C
1000,34.69,19.29,C
1000,34.69,19.39,C
1000,34.69,19.67,C
1000,34.69,19.83,C
1000,34.69,19.84,C
1000,34.69,19.9,C
1000,34.69,19.95,C
1000,34.69,20.07,C
1000,34.69,20.68,C
1000,34.69,20.7,C
1000,34.69,20.73,C
1000,34.69,20.8,C
1000,34.69,20.86,C
1000,34.69,21.08,C
1000,34.69,21.12,C
1000,34.69,21.24,C
1000,34.69,21.33,C
1000,34.69,21.36,C
1000,34.69,21.42,C
1000,34.69,21.61,C
1000,34.69,21.7,C
1000,34.69,21.81,C
1000,34.69,21.87,C
1000,34.69,21.93,C
1000,34.69,21.95,C
1000,34.69,22.08,C
1000,34.69,22.09,C
1000,34.69,22.26,C
1000,34.69,22.37,C
1000,34.69,22.48,C
1000,34.69,22.68,C
1000,34.69,22.76,C
1000,34.69,22.84,C
1000,34.69,22.93,C
1000,34.69,23,C
1000,34.69,23.13,C
1000,34.69,23.35,C
1000,34.69,23.72,C
1000,34.69,23.91,C
1000,34.69,24.02,C
1000,34.69,24.34,C
1000,34.69,24.56,C
1000,34.69,24.6,C
1000,34.69,24.72,C
1000,34.69,25.02,C
1000,34.69,25.12,C
1000,34.69,25.32,C
1000,34.69,25.36,C
1000,34.69,25.7,C
1000,34.69,25.79,C
1000,34.69,25.95,C
1000,34.69,25.98,C
1000,34.69,26.55,C
1000,34.69,26.85,C
1000,34.69,26.91,C
1000,34.69,27.07,C
1000,34.69,27.34,C
1000,34.69,27.47,C
1000,34.69,27.81,C
1000,34.69,27.82,C
1000,34.69,28.05,C
1000,34.69,28.16,C
1000,34.69,28.22,C
1000,34.69,28.35,C
1000,34.69,28.37,C
1000,34.69,28.69,C
1000,34.69,29.2,C
1000,34.69,29.4,C
1000,34.69,29.43,C
1000,34.69,29.58,C
1000,34.69,30.59,C
1000,34.69,30.62,C
1000,34.69,30.64,C
1000,34.69,31,C
1000,34.69,31.37,C
1000,34.69,31.4,C
1000,34.69,32.03,C
1000,34.69,33.64,C
1000,34.69,34.15,C
1000,34.69,34.3,C
1000,34.69,34.79,C
1000,34.69,35.77,C
1000,34.69,36.01,C
1000,34.69,36.8,C
1000,34.72,9.36,C
1000,34.72,14.49,C
1000,34.72,22.9,C
1000,34.72,29.66,C
1000,34.77,12.95,D
1000,34.78,0.88,C
1000,34.78,5.83,C
1000,34.78,9.25,C
1000,34.78,13.32,C
1000,34.78,16.34,C
1000,34.78,16.55,C
1000,34.78,23.52,C
1000,34.78,24.24,C
1000,34.8,10.42,C
1000,34.8,10.77,C
1000,34.8,12.19,C
1000,34.8,21.91,C
1000,34.8,23.75,C
1000,34.81,15.73,D
1000,34.82,3.09,C
1000,34.82,3.45,C
1000,34.82,4.5,C
1000,34.82,4.58,C
1000,34.82,4.85,C
1000,34.82,7.22,C
1000,34.82,8.83,C
1000,34.82,8.91,C
1000,34.82,9.77,C
1000,34.82,10.63,C
1000,34.82,10.75,C
1000,34.82,12.26,C
1000,34.82,12.75,C
1000,34.82,13.36,C
1000,34.82,13.63,C
1000,34.82,14.91,C
1000,34.82,16.21,C
1000,34.82,17.12,C
1000,34.82,18.36,C
1000,34.82,18.52,C
1000,34.82,19.02,C
1000,34.82,19.53,C
1000,34.82,19.68,C
1000,34.82,19.69,C
1000,34.82,19.87,C
1000,34.82,20.26,C
1000,34.82,20.67,C
1000,34.82,21.28,C
1000,34.82,21.69,C
1000,34.82,22.16,C
1000,34.82,22.58,C
1000,34.82,22.64,C
1000,34.82,22.81,C
1000,34.82,23.29,C
1000,34.82,23.91,C
1000,34.82,24.65,C
1000,34.82,25.04,C
1000,34.82,25.17,C
1000,34.82,25.44,C
1000,34.82,25.74,C
1000,34.82,26.28,C
1000,34.82,26.77,C
1000,34.82,27.95,C
1000,34.82,28.9,C
1000,34.82,29.45,C
1000,34.82,30.31,C
1000,34.82,30.93,C
1000,34.82,31.8,C
1000,34.82,31.88,C
1000,34.82,35.58,C
1000,34.82,37.44,C
1000,34.82,38.79,C
1000,34.87,9.57,D
1000,34.87,9.66,D
1000,34.87,13.24,D
1000,34.87,15.23,D
1000,34.87,19.27,D
1000,34.87,20.41,D
1000,34.87,21.27,D
1000,34.87,25.07,D
1000,34.87,26.83,D
1000,34.87,28.57,D
1000,34.87,29.57,D
1000,34.87,33.93,D
1000,34.87,35.18,D
1000,34.87,37.31,D
1000,34.87,38.09,D
1000,34.91,2.26,C
1000,34.91,2.8,C
1000,34.91,5.26,C
1000,34.91,6.9,C
1000,34.91,6.95,C
1000,34.91,7.29,C
1000,34.91,7.5,C
1000,34.91,10.85,C
1000,34.91,12.93,C
1000,34.91,13.49,C
1000,34.91,14.02,C
1000,34.91,16.66,C
1000,34.91,16.81,C
1000,34.91,17.14,C
1000,34.91,17.95,C
1000,34.91,19.11,C
1000,34.91,20.82,C
1000,34.91,21.25,C
1000,34.91,22.64,C
1000,34.91,24.57,C
1000,34.91,24.72,C
1000,34.91,27.49,C
1000,34.91,29.14,C
1000,34.91,54.76,C
1000,34.95,12.12,D
1000,34.95,17.05,D
1000,34.96,0,C
1000,34.96,1.61,D
1000,34.96,1.8,C
1000,34.96,2.15,C
1000,34.96,3.07,C
1000,34.96,5.45,C
1000,34.96,6.05,D
1000,34.96,6.67,D
1000,34.96,7.13,C
1000,34.96,9.46,C
1000,34.96,9.75,C
1000,34.96,10.27,C
1000,34.96,10.29,C
1000,34.96,10.43,D
1000,34.96,11.02,C
1000,34.96,11.1,C
1000,34.96,11.13,C
1000,34.96,11.79,D
1000,34.96,12.47,C
1000,34.96,12.59,C
1000,34.96,12.83,C
1000,34.96,12.87,C
1000,34.96,13,C
1000,34.96,14.4,C
1000,34.96,14.52,C
1000,34.96,14.55,D
1000,34.96,14.74,C
1000,34.96,15.59,C
1000,34.96,17.37,C
1000,34.96,17.52,D
1000,34.96,17.73,D
1000,34.96,17.82,C
1000,34.96,17.89,C
1000,34.96,18.34,C
1000,34.96,18.44,C
1000,34.96,18.67,C
1000,34.96,18.86,C
1000,34.96,18.94,D
1000,34.96,19.11,D
1000,34.96,19.83,C
1000,34.96,19.87,C
1000,34.96,20.25,D
1000,34.96,20.29,D
1000,34.96,20.32,C
1000,34.96,20.51,D
1000,34.96,20.75,D
1000,34.96,20.93,C
1000,34.96,20.98,C
1000,34.96,21.05,D
1000,34.96,21.28,C
1000,34.96,21.56,C
1000,34.96,21.68,D
1000,34.96,21.8,C
1000,34.96,22,C
1000,34.96,22.08,D
1000,34.96,23.12,C
1000,34.96,23.33,C
1000,34.96,23.59,C
1000,34.96,24.42,C
1000,34.96,25.77,C
1000,34.96,26.54,C
1000,34.96,26.58,C
1000,34.96,26.67,C
1000,34.96,27.06,D
1000,34.96,27.61,C
1000,34.96,28.36,D
1000,34.96,28.42,C
1000,34.96,28.6,C
1000,34.96,29.41,C
1000,34.96,31.11,C
1000,34.96,31.88,D
1000,34.96,32.4,C
1000,34.96,33.19,D
1000,34.96,34.26,C
1000,34.96,35.45,D
1000,34.97,1.73,C
1000,34.97,2.61,C
1000,34.97,3.54,C
1000,34.97,4.29,D
1000,34.97,4.73,D
1000,34.97,5.51,D
1000,34.97,7.37,C
1000,34.97,8.04,D
1000,34.97,8.73,D
1000,34.97,9.62,D
1000,34.97,9.81,D
1000,34.97,9.92,D
1000,34.97,10.1,D
1000,34.97,11.11,C
1000,34.97,11.19,D
1000,34.97,11.56,D
1000,34.97,11.64,D
1000,34.97,12,D
1000,34.97,12.49,C
1000,34.97,12.76,D
1000,34.97,12.88,D
1000,34.97,13.05,D
1000,34.97,13.31,C
1000,34.97,13.64,D
1000,34.97,13.83,C
1000,34.97,14.18,D
1000,34.97,14.2,D
1000,34.97,14.23,D
1000,34.97,14.25,D
1000,34.97,14.46,D
1000,34.97,14.89,D
1000,34.97,15.54,D
1000,34.97,15.55,D
1000,34.97,15.71,C
1000,34.97,16.23,D
1000,34.97,16.54,D
1000,34.97,16.6,D
1000,34.97,16.66,D
1000,34.97,17.73,D
1000,34.97,17.78,C
1000,34.97,18.39,C
1000,34.97,18.4,D
1000,34.97,18.5,D
1000,34.97,18.8,D
1000,34.97,18.99,D
1000,34.97,19.38,D
1000,34.97,19.66,D
1000,34.97,20.44,D
1000,34.97,20.65,C
1000,34.97,20.82,D
1000,34.97,20.88,D
1000,34.97,21.34,D
1000,34.97,21.42,D
1000,34.97,21.5,D
1000,34.97,21.74,C
1000,34.97,22.44,D
1000,34.97,22.69,D
1000,34.97,22.73,D
1000,34.97,22.81,D
1000,34.97,22.83,D
1000,34.97,23.07,C
1000,34.97,23.36,D
1000,34.97,23.65,D
1000,34.97,23.7,D
1000,34.97,24.26,D
1000,34.97,24.71,D
1000,34.97,24.8,C
1000,34.97,25.03,D
1000,34.97,25.2,D
1000,34.97,25.62,D
1000,34.97,25.71,D
1000,34.97,25.78,D
1000,34.97,25.88,D
1000,34.97,27.04,D
1000,34.97,27.06,D
1000,34.97,27.29,D
1000,34.97,27.88,D
1000,34.97,28,D
1000,34.97,28.05,D
1000,34.97,28.85,D
1000,34.97,29.2,C
1000,34.97,29.72,D
1000,34.97,29.83,D
1000,34.97,31.06,D
1000,34.97,32.09,D
1000,34.97,32.34,D
1000,34.97,32.4,D
1000,34.97,33.01,D
1000,34.97,33.11,D
1000,34.97,34.13,D
1000,34.97,35.02,D
1000,34.97,35.07,D
1000,34.97,35.5,D
1000,34.97,36,D
1000,34.97,39.55,D
1000,34.99,14.1,D
1000,35.05,15.52,D
1000,35.05,21.47,D
1000,35.05,24.83,D
1000,35.05,37.09,D
1000,35.06,3.95,C
1000,35.06,8.82,C
1000,35.06,10.55,C
1000,35.06,12.46,C
1000,35.06,19.88,C
1000,35.06,20.19,C
1000,35.06,21.53,C
1000,35.06,28.94,C
1000,35.06,31.3,C
1000,35.06,33.05,C
1000,35.07,14.31,C
1000,35.07,18.34,C
1000,35.07,24.31,C
1000,35.07,24.4,C
1000,35.1,8.09,C
1000,35.1,16.03,C
1000,35.1,25.58,C
1000,35.14,1.06,D
1000,35.14,8.9,C
1000,35.16,2.4,C
1000,35.16,4.32,C
1000,35.16,4.75,C
1000,35.16,5.76,D
1000,35.16,6.55,C
1000,35.16,7.22,C
1000,35.16,7.32,D
1000,35.16,7.93,C
1000,35.16,9.05,C
1000,35.16,9.09,C
1000,35.16,9.11,C
1000,35.16,9.22,C
1000,35.16,9.39,D
1000,35.16,9.48,C
1000,35.16,9.82,C
1000,35.16,10.21,C
1000,35.16,10.38,C
1000,35.16,10.76,C
1000,35.16,11.35,C
1000,35.16,11.4,C
1000,35.16,12,C
1000,35.16,12.35,C
1000,35.16,12.62,D
1000,35.16,12.71,D
1000,35.16,12.84,C
1000,35.16,13.62,C
1000,35.16,13.63,C
1000,35.16,13.71,C
1000,35.16,14.9,C
1000,35.16,15.16,C
1000,35.16,15.44,C
1000,35.16,15.89,C
1000,35.16,15.94,D
1000,35.16,16,C
1000,35.16,16.27,C
1000,35.16,16.61,D
1000,35.16,17.16,C
1000,35.16,17.3,C
1000,35.16,17.44,C
1000,35.16,17.6,C
1000,35.16,17.74,C
1000,35.16,18.24,C
1000,35.16,18.27,D
1000,35.16,18.29,C
1000,35.16,18.38,C
1000,35.16,18.48,C
1000,35.16,18.98,C
1000,35.16,19.27,C
1000,35.16,19.44,C
1000,35.16,20.2,C
1000,35.16,20.22,C
1000,35.16,20.98,C
1000,35.16,21.69,D
1000,35.16,21.73,C
1000,35.16,22.21,C
1000,35.16,22.22,C
1000,35.16,22.28,C
1000,35.16,22.48,C
1000,35.16,22.82,C
1000,35.16,23.46,C
1000,35.16,23.65,C
1000,35.16,23.76,C
1000,35.16,24.17,C
1000,35.16,24.2,C
1000,35.16,24.7,C
1000,35.16,24.89,C
1000,35.16,24.96,C
1000,35.16,25.11,C
1000,35.16,25.2,D
1000,35.16,25.94,C
1000,35.16,26.02,C
1000,35.16,26.05,C
1000,35.16,26.11,C
1000,35.16,26.14,C
1000,35.16,26.38,D
1000,35.16,26.46,D
1000,35.16,26.66,C
1000,35.16,26.77,C
1000,35.16,26.9,C
1000,35.16,26.92,C
1000,35.16,27.55,C
1000,35.16,27.55,D
1000,35.16,27.72,C
1000,35.16,28.06,C
1000,35.16,28.23,C
1000,35.16,28.25,C
1000,35.16,28.32,C
1000,35.16,28.36,C
1000,35.16,28.62,C
1000,35.16,29.4,C
1000,35.16,29.64,C
1000,35.16,29.97,C
1000,35.16,30.19,C
1000,35.16,30.36,C
1000,35.16,30.89,C
1000,35.16,31.01,C
1000,35.16,32.45,C
1000,35.16,32.68,C
1000,35.16,33.1,C
1000,35.16,33.99,C
1000,35.16,34.11,C
1000,35.16,34.57,C
1000,35.17,1.61,C
1000,35.17,2.37,C
1000,35.17,2.4,C
1000,35.17,2.5,C
1000,35.17,2.7,C
1000,35.17,4.52,C
1000,35.17,5.4,C
1000,35.17,5.43,C
1000,35.17,5.57,C
1000,35.17,5.71,C
1000,35.17,6.24,C
1000,35.17,6.3,C
1000,35.17,6.41,C
1000,35.17,6.49,C
1000,35.17,6.71,C
1000,35.17,6.72,C
1000,35.17,6.87,C
1000,35.17,7.17,C
1000,35.17,7.39,C
1000,35.17,8.13,C
1000,35.17,8.35,C
1000,35.17,8.4,C
1000,35.17,8.58,C
1000,35.17,8.73,C
1000,35.17,9,C
1000,35.17,9.21,C
1000,35.17,9.35,C
1000,35.17,9.49,C
1000,35.17,9.64,C
1000,35.17,9.75,C
1000,35.17,10.24,C
1000,35.17,10.36,C
1000,35.17,10.42,C
1000,35.17,10.86,C
1000,35.17,10.9,C
1000,35.17,10.91,C
1000,35.17,11.26,C
1000,35.17,11.36,C
1000,35.17,11.41,C
1000,35.17,11.42,C
1000,35.17,11.55,C
1000,35.17,11.99,C
1000,35.17,12.03,C
1000,35.17,12.12,C
1000,35.17,12.13,C
1000,35.17,12.2,C
1000,35.17,12.34,C
1000,35.17,12.38,C
1000,35.17,12.48,C
1000,35.17,12.67,C
1000,35.17,12.93,C
1000,35.17,13.25,C
1000,35.17,13.35,C
1000,35.17,13.71,C
1000,35.17,14.2,C
1000,35.17,14.24,C
1000,35.17,14.52,C
1000,35.17,14.81,C
1000,35.17,15.3,C
1000,35.17,15.32,C
1000,35.17,15.43,C
1000,35.17,15.6,C
1000,35.17,15.65,C
1000,35.17,15.72,C
1000,35.17,15.77,C
1000,35.17,16.11,C
1000,35.17,16.77,C
1000,35.17,16.83,C
1000,35.17,17,C
1000,35.17,17.06,C
1000,35.17,17.09,C
1000,35.17,17.4,C
1000,35.17,17.43,C
1000,35.17,17.49,C
1000,35.17,17.97,C
1000,35.17,18.02,C
1000,35.17,18.12,C
1000,35.17,18.25,C
1000,35.17,18.63,C
1000,35.17,18.67,C
1000,35.17,18.69,C
1000,35.17,18.75,C
1000,35.17,18.87,C
1000,35.17,18.93,C
1000,35.17,19.08,C
1000,35.17,19.11,C
1000,35.17,19.17,C
1000,35.17,19.37,C
1000,35.17,19.4,C
1000,35.17,19.59,C
1000,35.17,19.6,C
1000,35.17,20.16,C
1000,35.17,20.19,C
1000,35.17,20.27,C
1000,35.17,20.28,C
1000,35.17,20.48,C
1000,35.17,20.51,C
1000,35.17,20.57,C
1000,35.17,20.6,C
1000,35.17,20.64,C
1000,35.17,20.87,C
1000,35.17,20.94,C
1000,35.17,20.95,C
1000,35.17,21.13,C
1000,35.17,21.19,C
1000,35.17,21.26,C
1000,35.17,21.4,C
1000,35.17,21.48,C
1000,35.17,21.66,C
1000,35.17,22.03,C
1000,35.17,22.07,C
1000,35.17,22.36,C
1000,35.17,22.39,C
1000,35.17,22.42,C
1000,35.17,22.49,C
1000,35.17,22.59,C
1000,35.17,22.71,C
1000,35.17,22.72,C
1000,35.17,22.88,C
1000,35.17,23.03,C
1000,35.17,23.04,C
1000,35.17,23.05,C
1000,35.17,23.13,C
1000,35.17,23.26,C
1000,35.17,23.38,C
1000,35.17,23.45,C
1000,35.17,23.96,C
1000,35.17,24.11,C
1000,35.17,24.22,C
1000,35.17,24.39,C
1000,35.17,25.18,C
1000,35.17,25.3,C
1000,35.17,25.77,C
1000,35.17,26.09,C
1000,35.17,26.18,C
1000,35.17,26.22,C
1000,35.17,27.01,C
1000,35.17,27.4,C
1000,35.17,28.15,C
1000,35.17,28.21,C
1000,35.17,28.57,C
1000,35.17,28.78,C
1000,35.17,28.92,C
1000,35.17,29.29,C
1000,35.17,29.41,C
1000,35.17,29.92,C
1000,35.17,30.09,C
1000,35.17,30.11,C
1000,35.17,30.2,C
1000,35.17,30.37,C
1000,35.17,30.83,C
1000,35.17,30.96,C
1000,35.17,30.99,C
1000,35.17,31.48,C
1000,35.17,31.83,C
1000,35.17,32.08,C
1000,35.17,32.5,C
1000,35.17,33.01,C
1000,35.17,33.38,C
1000,35.17,33.6,C
1000,35.17,33.85,C
1000,35.17,34.22,C
1000,35.17,34.28,C
1000,35.17,34.29,C
1000,35.17,34.31,C
1000,35.17,35.19,C
1000,35.17,35.43,C
1000,35.17,36.16,C
1000,35.17,36.61,C
1000,35.17,37.25,C
1000,35.17,38.65,C
1000,35.17,39.72,C
1000,35.17,51.61,C
1000,35.17,64.25,C
1000,35.17,95.67,C
1000,35.2,23.84,F
1000,35.23,0,C
1000,35.23,0.89,C
1000,35.23,3.64,C
1000,35.23,4.23,C
1000,35.23,5.56,C
1000,35.23,6.02,C
1000,35.23,6.8,C
1000,35.23,7.15,C
1000,35.23,8.04,C
1000,35.23,10.23,C
1000,35.23,10.67,C
1000,35.23,11.43,C
1000,35.23,11.54,C
1000,35.23,11.63,C
1000,35.23,11.71,C
1000,35.23,13.09,C
1000,35.23,13.25,C
1000,35.23,14.35,C
1000,35.23,14.86,C
1000,35.23,14.92,C
1000,35.23,15.18,C
1000,35.23,15.22,C
1000,35.23,15.8,C
1000,35.23,16.74,C
1000,35.23,17,C
1000,35.23,17.65,C
1000,35.23,17.81,C
1000,35.23,17.87,C
1000,35.23,17.88,C
1000,35.23,18.03,C
1000,35.23,19.38,C
1000,35.23,19.61,C
1000,35.23,20.33,C
1000,35.23,20.55,C
1000,35.23,20.57,C
1000,35.23,21.04,C
1000,35.23,21.43,C
1000,35.23,21.8,C
1000,35.23,22.1,C
1000,35.23,22.59,C
1000,35.23,22.74,C
1000,35.23,23.31,C
1000,35.23,23.37,C
1000,35.23,24.1,C
1000,35.23,24.15,C
1000,35.23,24.71,C
1000,35.23,24.8,C
1000,35.23,24.87,C
1000,35.23,25.02,C
1000,35.23,25.36,C
1000,35.23,26.67,C
1000,35.23,26.86,C
1000,35.23,27.61,C
1000,35.23,27.92,C
1000,35.23,28,C
1000,35.23,28.43,C
1000,35.23,29.26,C
1000,35.23,29.8,C
1000,35.23,30.27,C
1000,35.23,31.17,C
1000,35.23,31.4,C
1000,35.23,31.91,C
1000,35.23,32.39,C
1000,35.23,33.12,C
1000,35.23,33.74,C
1000,35.23,34.2,C
1000,35.23,34.3,C
1000,35.23,35.97,C
1000,35.23,37.41,C
1000,35.23,37.72,C
1000,35.23,50.24,C
1000,35.23,55.27,C
1000,35.26,8.72,C
1000,35.26,25.32,C
1000,35.26,25.46,C
1000,35.26,26.88,C
1000,35.28,3.43,C
1000,35.28,13.86,C
1000,35.28,19.75,C
1000,35.28,23.97,C
1000,35.28,24.34,C
1000,35.28,24.95,C
1000,35.28,26.41,C
1000,35.31,1.93,C
1000,35.31,5.6,C
1000,35.31,5.62,D
1000,35.31,5.96,D
1000,35.31,7.9,D
1000,35.31,8.73,D
1000,35.31,9.03,D
1000,35.31,9.26,D
1000,35.31,10.22,C
1000,35.31,10.74,D
1000,35.31,11.93,C
1000,35.31,12.47,D
1000,35.31,13.1,D
1000,35.31,13.39,D
1000,35.31,14.21,D
1000,35.31,14.23,D
1000,35.31,14.52,D
1000,35.31,14.62,C
1000,35.31,15,D
1000,35.31,15.13,D
1000,35.31,15.39,D
1000,35.31,15.46,C
1000,35.31,15.5,D
1000,35.31,16.2,C
1000,35.31,17.08,D
1000,35.31,17.45,D
1000,35.31,18,D
1000,35.31,18.32,C
1000,35.31,19,C
1000,35.31,19.18,D
1000,35.31,19.95,D
1000,35.31,20.31,D
1000,35.31,20.39,D
1000,35.31,20.71,D
1000,35.31,20.77,D
1000,35.31,21.48,D
1000,35.31,22.08,D
1000,35.31,22.25,D
1000,35.31,22.48,D
1000,35.31,23.12,C
1000,35.31,23.34,D
1000,35.31,23.52,D
1000,35.31,23.65,D
1000,35.31,23.75,D
1000,35.31,26.02,D
1000,35.31,26.41,D
1000,35.31,27.86,D
1000,35.31,28.93,D
1000,35.31,29.08,D
1000,35.31,29.49,C
1000,35.31,29.69,D
1000,35.31,30.51,D
1000,35.31,30.71,D
1000,35.31,31.57,D
1000,35.31,31.7,C
1000,35.31,33.6,D
1000,35.31,34.8,D
1000,35.31,36.72,D
1000,35.31,37.42,D
1000,35.31,41.42,D
1000,35.31,41.89,D
1000,35.31,44.8,D
1000,35.32,0,D
1000,35.32,5.33,D
1000,35.32,20.65,E
1000,35.38,4.98,E
1000,35.39,2.2,C
1000,35.39,4.75,C
1000,35.39,7.62,C
1000,35.39,8.4,C
1000,35.39,10.29,C
1000,35.39,10.54,C
1000,35.39,13.69,C
1000,35.39,15.94,C
1000,35.39,17.23,C
1000,35.39,17.92,C
1000,35.39,18.67,C
1000,35.39,19.14,C
1000,35.39,19.69,C
1000,35.39,20.55,C
1000,35.39,21.95,C
1000,35.39,22.29,C
1000,35.39,24.66,C
1000,35.39,24.71,C
1000,35.39,26.86,C
1000,35.39,27.37,C
1000,35.39,30.79,C
1000,35.4,9.02,D
1000,35.4,9.44,D
1000,35.4,12.3,D
1000,35.4,13.6,D
1000,35.4,14.65,D
1000,35.4,19.03,D
1000,35.4,26.18,D
1000,35.4,26.66,D
1000,35.4,26.71,D
1000,35.4,28,D
1000,35.4,31.67,D
1000,35.4,33.13,D
1000,35.4,33.17,D
1000,35.4,33.54,D
1000,35.4,33.8,D
1000,35.4,33.9,D
1000,35.4,34.81,D
1000,35.43,2.63,D
1000,35.43,3.36,D
1000,35.43,3.92,D
1000,35.43,5.91,D
1000,35.43,6,D
1000,35.43,7.33,D
1000,35.43,8.82,D
1000,35.43,9.2,D
1000,35.43,9.4,D
1000,35.43,9.52,D
1000,35.43,9.6,D
1000,35.43,9.88,D
1000,35.43,9.9,D
1000,35.43,11.15,D
1000,35.43,11.61,D
1000,35.43,12.35,D
1000,35.43,14.84,D
1000,35.43,15.34,D
1000,35.43,15.86,D
1000,35.43,16.39,D
1000,35.43,16.91,D
1000,35.43,17.24,D
1000,35.43,17.25,D
1000,35.43,17.3,D
1000,35.43,19.53,D
1000,35.43,20.24,D
1000,35.43,20.49,D
1000,35.43,20.68,D
1000,35.43,21.26,D
1000,35.43,21.66,D
1000,35.43,21.97,D
1000,35.43,22.22,D
1000,35.43,23.38,D
1000,35.43,23.96,D
1000,35.43,24.49,D
1000,35.43,24.51,D
1000,35.43,25.2,D
1000,35.43,26,D
1000,35.43,27.06,D
1000,35.43,27.49,D
1000,35.43,28.11,D
1000,35.43,28.46,D
1000,35.43,29.17,D
1000,35.43,29.86,D
1000,35.43,30.09,D
1000,35.43,31.32,D
1000,35.43,31.71,D
1000,35.43,31.78,D
1000,35.43,32.16,D
1000,35.43,34.03,D
1000,35.43,35.34,D
1000,35.43,35.99,D
1000,35.43,36,D
1000,35.43,38.66,D
1000,35.45,4.03,D
1000,35.45,11.87,D
1000,35.45,12.16,D
1000,35.45,16.64,D
1000,35.45,22.03,D
1000,35.45,25.63,D
1000,35.45,27.55,G
1000,35.45,30.24,D
1000,35.45,37.44,D
1000,35.5,15.67,E
1000,35.54,12.86,D
1000,35.55,0,C
1000,35.55,8.71,C
1000,35.55,14.05,C
1000,35.55,14.18,C
1000,35.55,21.65,C
1000,35.55,25.01,C
1000,35.61,0.98,C
1000,35.61,1.8,C
1000,35.61,2.6,C
1000,35.61,5.59,C
1000,35.61,5.73,C
1000,35.61,6.02,C
1000,35.61,7.09,C
1000,35.61,10,C
1000,35.61,10.04,C
1000,35.61,10.2,C
1000,35.61,10.34,C
1000,35.61,10.38,C
1000,35.61,11.56,C
1000,35.61,11.65,C
1000,35.61,13.02,C
1000,35.61,13.15,C
1000,35.61,13.69,C
1000,35.61,13.96,C
1000,35.61,14,C
1000,35.61,14.1,C
1000,35.61,15.14,C
1000,35.61,15.43,C
1000,35.61,15.47,C
1000,35.61,15.78,C
1000,35.61,16.31,C
1000,35.61,16.63,C
1000,35.61,16.65,C
1000,35.61,17.61,C
1000,35.61,17.85,C
1000,35.61,18.32,C
1000,35.61,18.47,C
1000,35.61,18.6,C
1000,35.61,19.38,C
1000,35.61,19.77,C
1000,35.61,20.49,C
1000,35.61,20.72,C
1000,35.61,21.47,C
1000,35.61,21.58,C
1000,35.61,21.78,C
1000,35.61,21.91,C
1000,35.61,22.29,C
1000,35.61,22.48,C
1000,35.61,22.69,C
1000,35.61,23.77,C
1000,35.61,24.7,C
1000,35.61,25.1,C
1000,35.61,26.36,C
1000,35.61,28.72,C
1000,35.61,29.15,C
1000,35.61,29.59,C
1000,35.61,30.37,C
1000,35.61,30.8,C
1000,35.61,31.62,C
1000,35.61,32.47,C
1000,35.61,33.92,C
1000,35.61,34.09,C
1000,35.61,35.04,C
1000,35.61,36.18,C
1000,35.61,36.54,C
1000,35.61,36.64,C
1000,35.61,36.97,C
1000,35.61,38.9,C
1000,35.61,41.24,C
1000,35.65,0,D
1000,35.65,0.71,D
1000,35.65,0.96,D
1000,35.65,1.28,D
1000,35.65,2.08,D
1000,35.65,2.43,D
1000,35.65,3.26,D
1000,35.65,4.04,D
1000,35.65,5,D
1000,35.65,5.36,D
1000,35.65,6.21,D
1000,35.65,6.41,D
1000,35.65,6.53,D
1000,35.65,7.6,D
1000,35.65,8.16,D
1000,35.65,8.33,D
1000,35.65,8.45,D
1000,35.65,8.53,D
1000,35.65,8.59,D
1000,35.65,8.64,D
1000,35.65,8.92,D
1000,35.65,9.56,D
1000,35.65,10.07,D
1000,35.65,10.2,D
1000,35.65,10.21,D
1000,35.65,10.38,D
1000,35.65,10.56,D
1000,35.65,10.94,D
1000,35.65,11.27,D
1000,35.65,11.35,D
1000,35.65,11.54,D
1000,35.65,11.57,D
1000,35.65,12.06,D
1000,35.65,12.63,D
1000,35.65,12.65,D
1000,35.65,12.87,D
1000,35.65,12.97,D
1000,35.65,13.02,D
1000,35.65,13.15,D
1000,35.65,13.39,D
1000,35.65,13.42,D
1000,35.65,13.65,D
1000,35.65,14,D
1000,35.65,14.03,D
1000,35.65,14.59,D
1000,35.65,14.61,D
1000,35.65,14.7,D
1000,35.65,14.75,D
1000,35.65,14.8,D
1000,35.65,14.9,D
1000,35.65,15.1,D
1000,35.65,15.64,D
1000,35.65,15.96,D
1000,35.65,16.18,D
1000,35.65,16.21,D
1000,35.65,16.37,D
1000,35.65,16.39,D
1000,35.65,16.53,D
1000,35.65,16.75,D
1000,35.65,16.98,D
1000,35.65,17.05,D
1000,35.65,17.08,D
1000,35.65,17.23,D
1000,35.65,17.55,D
1000,35.65,17.62,D
1000,35.65,17.75,D
1000,35.65,17.97,D
1000,35.65,18.09,D
1000,35.65,18.13,D
1000,35.65,18.17,D
1000,35.65,18.19,D
1000,35.65,18.34,D
1000,35.65,18.4,D
1000,35.65,18.43,D
1000,35.65,18.75,D
1000,35.65,19.13,D
1000,35.65,19.17,D
1000,35.65,19.3,D
1000,35.65,19.37,D
1000,35.65,19.66,D
1000,35.65,19.72,D
1000,35.65,19.75,D
1000,35.65,19.76,D
1000,35.65,19.78,D
1000,35.65,19.82,D
1000,35.65,20.02,D
1000,35.65,20.18,D
1000,35.65,20.19,D
1000,35.65,20.32,D
1000,35.65,20.52,D
1000,35.65,20.59,D
1000,35.65,20.71,D
1000,35.65,20.94,D
1000,35.65,21.04,D
1000,35.65,21.12,D
1000,35.65,21.47,D
1000,35.65,21.51,D
1000,35.65,21.56,D
1000,35.65,22.52,D
1000,35.65,22.9,D
1000,35.65,23,D
1000,35.65,23.12,D
1000,35.65,23.2,D
1000,35.65,23.67,D
1000,35.65,23.92,D
1000,35.65,24.12,D
1000,35.65,24.37,D
1000,35.65,24.61,D
1000,35.65,24.68,D
1000,35.65,25.4,D
1000,35.65,25.44,D
1000,35.65,25.88,D
1000,35.65,25.99,D
1000,35.65,26.44,D
1000,35.65,26.48,D
1000,35.65,26.59,D
1000,35.65,27.3,D
1000,35.65,27.42,D
1000,35.65,27.83,D
1000,35.65,28.08,D
1000,35.65,28.13,D
1000,35.65,28.15,D
1000,35.65,28.36,D
1000,35.65,29.37,D
1000,35.65,29.39,D
1000,35.65,29.73,D
1000,35.65,29.97,D
1000,35.65,30.06,D
1000,35.65,30.54,D
1000,35.65,30.92,D
1000,35.65,31.06,D
1000,35.65,31.76,D
1000,35.65,31.96,D
1000,35.65,32.77,D
1000,35.65,33.72,D
1000,35.65,33.84,D
1000,35.65,33.85,D
1000,35.65,34.37,D
1000,35.65,34.6,D
1000,35.65,35.49,D
1000,35.65,35.66,D
1000,35.65,39.57,D
1000,35.7,2.05,D
1000,35.7,2.6,D
1000,35.7,4.33,D
1000,35.7,4.51,D
1000,35.7,4.77,D
1000,35.7,6.09,D
1000,35.7,6.54,D
1000,35.7,6.86,D
1000,35.7,7.6,D
1000,35.7,7.68,D
1000,35.7,8.78,D
1000,35.7,8.97,D
1000,35.7,9.65,D
1000,35.7,9.89,D
1000,35.7,11.48,D
1000,35.7,11.95,D
1000,35.7,12.07,D
1000,35.7,12.54,D
1000,35.7,12.58,D
1000,35.7,12.74,D
1000,35.7,14.51,D
1000,35.7,14.7,D
1000,35.7,14.71,D
1000,35.7,14.98,D
1000,35.7,15.05,D
1000,35.7,15.11,D
1000,35.7,15.13,D
1000,35.7,15.15,D
1000,35.7,15.35,D
1000,35.7,16.06,D
1000,35.7,16.45,D
1000,35.7,17.61,D
1000,35.7,17.79,D
1000,35.7,20.44,D
1000,35.7,20.57,D
1000,35.7,21.38,D
1000,35.7,21.88,D
1000,35.7,22.14,D
1000,35.7,22.48,D
1000,35.7,23.34,D
1000,35.7,23.37,D
1000,35.7,24.25,D
1000,35.7,24.28,D
1000,35.7,24.65,D
1000,35.7,24.98,D
1000,35.7,25.5,D
1000,35.7,26.45,D
1000,35.7,26.84,D
1000,35.7,27.57,D
1000,35.7,27.9,D
1000,35.7,28.17,D
1000,35.7,28.86,D
1000,35.7,29.64,D
1000,35.7,32.27,D
1000,35.7,32.73,D
1000,35.7,32.91,D
1000,35.7,33.25,D
1000,35.7,38.56,D
1000,35.7,52.4,D
1000,35.71,2.13,C
1000,35.71,10.38,C
1000,35.71,10.46,C
1000,35.71,13.47,C
1000,35.71,24.49,C
1000,35.71,26.24,C
1000,35.73,16.75,D
1000,35.73,17.68,D
1000,35.73,18.23,D
1000,35.73,28.67,D
1000,35.73,30.07,D
1000,35.73,31.54,D
1000,35.73,32.08,D
1000,35.73,35.3,D
1000,35.73,35.71,D
1000,35.79,3,F
1000,35.79,4.37,D
1000,35.79,4.5,D
1000,35.79,6.17,C
1000,35.79,7.49,C
1000,35.79,8.62,D
1000,35.79,10.29,D
1000,35.79,10.51,D
1000,35.79,12.1,D
1000,35.79,12.23,D
1000,35.79,12.4,D
1000,35.79,12.47,C
1000,35.79,12.82,C
1000,35.79,12.84,C
1000,35.79,13.61,D
1000,35.79,14.03,D
1000,35.79,14.31,D
1000,35.79,14.87,D
1000,35.79,17.4,D
1000,35.79,19.75,D
1000,35.79,19.77,D
1000,35.79,20.19,D
1000,35.79,20.29,D
1000,35.79,20.78,D
1000,35.79,20.97,C
1000,35.79,21.67,D
1000,35.79,22.76,C
1000,35.79,23.18,D
1000,35.79,23.53,D
1000,35.79,24.23,D
1000,35.79,24.35,C
1000,35.79,26.4,D
1000,35.79,26.78,D
1000,35.79,28.12,C
1000,35.79,28.68,D
1000,35.79,29.65,D
1000,35.79,29.89,D
1000,35.79,29.92,D
1000,35.79,30.55,D
1000,35.79,34.16,D
1000,35.79,35.46,D
1000,35.79,36.82,D
1000,35.85,3.02,E
1000,35.89,2.53,D
1000,35.89,4.33,D
1000,35.89,6.8,D
1000,35.89,7.08,D
1000,35.89,7.8,D
1000,35.89,7.82,D
1000,35.89,10.41,D
1000,35.89,10.56,D
1000,35.89,16.14,D
1000,35.89,16.42,D
1000,35.89,16.8,D
1000,35.89,17.38,D
1000,35.89,19.11,D
1000,35.89,20.47,D
1000,35.89,20.83,D
1000,35.89,21.33,D
1000,35.89,21.57,D
1000,35.89,22.54,D
1000,35.89,23.26,D
1000,35.89,27.61,D
1000,35.89,34.54,D
1000,35.89,36.82,D
1000,35.89,39.25,D
1000,35.9,20.4,D
1000,35.94,1.07,D
1000,35.94,2.28,D
1000,35.94,3.94,D
1000,35.94,4.14,D
1000,35.94,4.29,D
1000,35.94,5.59,D
1000,35.94,7.57,D
1000,35.94,7.68,D
1000,35.94,9.07,D
1000,35.94,10.33,D
1000,35.94,11.31,D
1000,35.94,11.91,D
1000,35.94,12.33,D
1000,35.94,12.97,D
1000,35.94,13.34,D
1000,35.94,15.88,D
1000,35.94,16.07,D
1000,35.94,16.15,D
1000,35.94,16.36,D
1000,35.94,16.38,D
1000,35.94,16.68,D
1000,35.94,16.71,D
1000,35.94,16.81,D
1000,35.94,17.46,D
1000,35.94,17.5,D
1000,35.94,18,D
1000,35.94,18.48,D
1000,35.94,18.58,D
1000,35.94,18.83,D
1000,35.94,20.67,D
1000,35.94,21.41,D
1000,35.94,23.04,D
1000,35.94,24.12,D
1000,35.94,24.49,D
1000,35.94,25.07,D
1000,35.94,25.16,D
1000,35.94,26.18,D
1000,35.94,26.73,D
1000,35.94,27.53,D
1000,35.94,28.49,D
1000,35.94,29.36,D
1000,35.94,29.6,D
1000,35.94,29.67,D
1000,35.94,30.5,D
1000,35.94,31,D
1000,35.94,31.15,D
1000,35.94,32.88,D
1000,35.94,33.28,D
1000,35.94,33.31,D
1000,35.94,36.65,D
1000,35.94,37.25,D
1000,35.94,38.75,D
1000,35.95,14.39,D
1000,36.04,1,D
1000,36.04,2.29,D
1000,36.04,4.32,D
1000,36.04,14.57,D
1000,36.04,14.59,D
1000,36.04,15.89,D
1000,36.04,18.5,D
1000,36.04,21.96,D
1000,36.04,22.26,D
1000,36.04,22.76,D
1000,36.04,24.76,D
1000,36.04,28.54,D
1000,36.04,29.54,D
1000,36.04,29.61,D
1000,36.09,2.5,D
1000,36.09,2.75,D
1000,36.09,6.9,D
1000,36.09,7.93,D
1000,36.09,9.88,D
1000,36.09,9.92,D
1000,36.09,11.04,D
1000,36.09,14.66,D
1000,36.09,15.2,D
1000,36.09,15.96,D
1000,36.09,16.37,D
1000,36.09,17.17,D
1000,36.09,18.84,D
1000,36.09,19.95,D
1000,36.09,20.29,D
1000,36.09,20.47,D
1000,36.09,21.15,D
1000,36.09,22.91,D
1000,36.09,22.97,D
1000,36.09,23.85,D
1000,36.09,25.7,D
1000,36.09,26.2,D
1000,36.09,28.58,D
1000,36.09,30.08,D
1000,36.09,30.25,D
1000,36.09,30.28,D
1000,36.09,30.55,D
1000,36.09,30.67,D
1000,36.09,31.52,D
1000,36.09,32.31,D
1000,36.09,33.77,D
1000,36.09,35.24,D
1000,36.09,37.2,D
1000,36.09,37.32,D
1000,36.09,39.06,D
1000,36.14,0,D
1000,36.14,1.35,D
1000,36.14,1.64,D
1000,36.14,1.67,D
1000,36.14,1.73,D
1000,36.14,2.5,D
1000,36.14,2.89,D
1000,36.14,3.96,D
1000,36.14,4.29,D
1000,36.14,5.22,D
1000,36.14,6.41,D
1000,36.14,6.58,D
1000,36.14,9.39,D
1000,36.14,9.84,D
1000,36.14,9.97,D
1000,36.14,10.44,D
1000,36.14,12.1,D
1000,36.14,12.57,D
1000,36.14,12.9,D
1000,36.14,13.21,D
1000,36.14,13.73,D
1000,36.14,14.61,D
1000,36.14,15.07,D
1000,36.14,15.47,D
1000,36.14,15.63,D
1000,36.14,16.69,D
1000,36.14,16.86,D
1000,36.14,17.11,D
1000,36.14,17.64,D
1000,36.14,18.23,D
1000,36.14,19.47,D
1000,36.14,21,D
1000,36.14,21.91,D
1000,36.14,22.26,D
1000,36.14,22.56,D
1000,36.14,23.73,D
1000,36.14,24.03,D
1000,36.14,24.66,D
1000,36.14,26.75,D
1000,36.14,26.78,D
1000,36.14,26.97,D
1000,36.14,30.22,D
1000,36.14,30.51,D
1000,36.14,31.71,D
1000,36.14,33.06,D
1000,36.14,33.24,D
1000,36.14,33.92,D
1000,36.14,34.28,D
1000,36.14,37.26,D
1000,36.15,1,D
1000,36.15,2.28,D
1000,36.15,3.6,D
1000,36.15,3.74,D
1000,36.15,4.4,D
1000,36.15,4.57,D
1000,36.15,4.61,D
1000,36.15,4.94,D
1000,36.15,5.2,D
1000,36.15,6.77,D
1000,36.15,10.56,D
1000,36.15,10.7,D
1000,36.15,12.65,E
1000,36.15,13.39,D
1000,36.15,14.44,D
1000,36.15,14.73,D
1000,36.15,14.83,D
1000,36.15,15.27,D
1000,36.15,15.69,D
1000,36.15,15.92,D
1000,36.15,16.51,D
1000,36.15,16.52,D
1000,36.15,17.34,D
1000,36.15,17.82,D
1000,36.15,18.22,D
1000,36.15,19.42,D
1000,36.15,19.69,D
1000,36.15,19.77,D
1000,36.15,19.95,D
1000,36.15,20.68,D
1000,36.15,20.74,D
1000,36.15,20.87,D
1000,36.15,20.92,D
1000,36.15,21,D
1000,36.15,21.27,D
1000,36.15,21.65,D
1000,36.15,21.87,D
1000,36.15,22.3,D
1000,36.15,22.73,D
1000,36.15,22.8,D
1000,36.15,23.34,D
1000,36.15,23.35,D
1000,36.15,23.4,D
1000,36.15,24.29,D
1000,36.15,24.52,D
1000,36.15,24.55,D
1000,36.15,24.73,D
1000,36.15,24.9,D
1000,36.15,25.16,D
1000,36.15,25.64,D
1000,36.15,26.04,D
1000,36.15,26.23,D
1000,36.15,26.41,D
1000,36.15,26.53,D
1000,36.15,27.03,D
1000,36.15,27.06,D
1000,36.15,27.47,D
1000,36.15,28.5,D
1000,36.15,29.46,D
1000,36.15,29.5,D
1000,36.15,29.62,D
1000,36.15,30.58,D
1000,36.15,31.32,D
1000,36.15,31.41,D
1000,36.15,31.45,D
1000,36.15,32.13,D
1000,36.15,32.19,D
1000,36.15,33.2,D
1000,36.15,33.31,D
1000,36.15,33.84,D
1000,36.15,34.44,D
1000,36.15,34.83,D
1000,36.19,0.96,D
1000,36.19,1.14,D
1000,36.19,3.81,D
1000,36.19,4.08,D
1000,36.19,5.28,D
1000,36.19,5.48,D
1000,36.19,5.49,D
1000,36.19,6.5,D
1000,36.19,6.57,D
1000,36.19,6.59,D
1000,36.19,7.48,D
1000,36.19,7.71,D
1000,36.19,8.64,D
1000,36.19,8.66,D
1000,36.19,8.93,D
1000,36.19,9.51,D
1000,36.19,9.62,D
1000,36.19,9.96,D
1000,36.19,10.42,D
1000,36.19,11.07,D
1000,36.19,12.2,D
1000,36.19,12.8,D
1000,36.19,13.74,D
1000,36.19,14.02,D
1000,36.19,14.79,D
1000,36.19,15.4,D
1000,36.19,15.54,D
1000,36.19,15.6,D
1000,36.19,15.68,D
1000,36.19,16.31,D
1000,36.19,16.61,D
1000,36.19,16.79,D
1000,36.19,16.86,D
1000,36.19,16.89,D
1000,36.19,17.12,D
1000,36.19,17.4,D
1000,36.19,17.54,D
1000,36.19,17.74,D
1000,36.19,17.77,D
1000,36.19,18.5,D
1000,36.19,19.1,D
1000,36.19,19.24,D
1000,36.19,19.31,D
1000,36.19,19.32,D
1000,36.19,19.87,D
1000,36.19,19.9,D
1000,36.19,19.91,D
1000,36.19,19.92,D
1000,36.19,19.93,D
1000,36.19,20.21,D
1000,36.19,20.77,D
1000,36.19,21.17,D
1000,36.19,21.21,D
1000,36.19,21.6,D
1000,36.19,21.9,D
1000,36.19,22.37,D
1000,36.19,22.48,D
1000,36.19,22.61,D
1000,36.19,22.62,D
1000,36.19,22.76,D
1000,36.19,22.89,D
1000,36.19,23,D
1000,36.19,23.04,D
1000,36.19,23.21,D
1000,36.19,23.33,D
1000,36.19,23.4,D
1000,36.19,23.85,D
1000,36.19,23.95,D
1000,36.19,24.07,D
1000,36.19,24.08,D
1000,36.19,24.2,D
1000,36.19,24.8,D
1000,36.19,24.95,D
1000,36.19,24.99,D
1000,36.19,25.17,D
1000,36.19,26.15,D
1000,36.19,26.49,D
1000,36.19,26.62,D
1000,36.19,27.19,D
1000,36.19,27.89,D
1000,36.19,28.13,D
1000,36.19,28.34,D
1000,36.19,28.42,D
1000,36.19,28.66,D
1000,36.19,29.64,D
1000,36.19,31.35,D
1000,36.19,31.89,D
1000,36.19,32.06,D
1000,36.19,33.41,D
1000,36.19,33.53,D
1000,36.19,34.5,D
1000,36.19,35.86,D
1000,36.19,36.53,D
1000,36.19,37.71,D
1000,36.19,37.81,D
1000,36.19,41.99,D
1000,36.19,54.76,D
1000,36.26,25.75,E
1000,36.28,1.48,D
1000,36.28,2,E
1000,36.28,3.3,D
1000,36.28,4.43,D
1000,36.28,4.48,D
1000,36.28,5.98,D
1000,36.28,6,D
1000,36.28,6.06,D
1000,36.28,6.98,D
1000,36.28,7.15,D
1000,36.28,9.72,D
1000,36.28,10.72,D
1000,36.28,11.89,D
1000,36.28,12.39,E
1000,36.28,12.42,D
1000,36.28,13.1,D
1000,36.28,13.2,D
1000,36.28,13.26,D
1000,36.28,14.27,D
1000,36.28,14.4,D
1000,36.28,14.79,D
1000,36.28,14.82,D
1000,36.28,15.46,E
1000,36.28,15.63,D
1000,36.28,15.69,D
1000,36.28,16.28,E
1000,36.28,16.3,D
1000,36.28,16.61,D
1000,36.28,18.42,E
1000,36.28,19.46,D
1000,36.28,19.63,E
1000,36.28,19.92,D
1000,36.28,21.16,D
1000,36.28,21.35,D
1000,36.28,21.74,D
1000,36.28,22.01,D
1000,36.28,22.06,D
1000,36.28,22.37,D
1000,36.28,23.28,D
1000,36.28,24.08,D
1000,36.28,24.39,D
1000,36.28,25.04,D
1000,36.28,25.18,D
1000,36.28,25.58,D
1000,36.28,27,D
1000,36.28,29.11,D
1000,36.28,29.21,D
1000,36.28,29.39,E
1000,36.28,29.54,D
1000,36.28,29.72,D
1000,36.28,30.03,D
1000,36.28,30.29,D
1000,36.28,30.92,D
1000,36.28,30.93,D
1000,36.28,32.14,D
1000,36.28,32.27,D
1000,36.28,33.5,D
1000,36.28,35.49,D
1000,36.28,36.47,D
1000,36.28,37.2,E
1000,36.35,11.12,E
1000,36.38,0.87,D
1000,36.38,1.52,D
1000,36.38,2.04,D
1000,36.38,2.15,D
1000,36.38,9.21,D
1000,36.38,9.34,D
1000,36.38,9.71,D
1000,36.38,10.8,D
1000,36.38,12.08,D
1000,36.38,12.11,D
1000,36.38,12.18,D
1000,36.38,12.76,D
1000,36.38,12.88,D
1000,36.38,15.3,D
1000,36.38,15.47,D
1000,36.38,15.94,D
1000,36.38,17.64,D
1000,36.38,17.91,D
1000,36.38,20.26,D
1000,36.38,20.53,D
1000,36.38,21.27,D
1000,36.38,21.87,D
1000,36.38,25.64,D
1000,36.38,26.83,D
1000,36.38,30.11,D
1000,36.38,31.06,D
1000,36.38,32.12,D
1000,36.38,32.48,D
1000,36.38,33.27,D
1000,36.38,33.51,D
1000,36.38,37.9,D
1000,36.38,49.27,D
1000,36.4,8.24,D
1000,36.4,14.16,E
1000,36.4,18.12,D
1000,36.4,20.57,D
1000,36.4,22.48,D
1000,36.4,28.68,D
1000,36.4,31.85,E
1000,36.43,7.51,E
1000,36.43,17.05,E
1000,36.43,19.82,E
1000,36.43,20.87,E
1000,36.43,26.68,E
1000,36.43,38.59,E
1000,36.53,5.69,D
1000,36.53,6.67,D
1000,36.53,8.4,D
1000,36.53,9.22,D
1000,36.53,11.64,D
1000,36.53,16.35,D
1000,36.53,19.27,D
1000,36.53,19.34,D
1000,36.53,22.61,D
1000,36.53,23.34,D
1000,36.53,24.19,D
1000,36.53,26.91,D
1000,36.53,27.97,D
1000,36.58,3.8,E
1000,36.59,7.5,D
1000,36.59,10.13,D
1000,36.59,12.94,D
1000,36.59,20.6,D
1000,36.59,23.1,D
1000,36.62,3.45,D
1000,36.62,14.86,D
1000,36.62,29.39,D
1000,36.62,29.4,D
1000,36.63,1.17,D
1000,36.63,1.33,D
1000,36.63,2,D
1000,36.63,2.37,D
1000,36.63,2.5,D
1000,36.63,3.27,D
1000,36.63,4.16,D
1000,36.63,4.85,D
1000,36.63,6.38,D
1000,36.63,6.42,D
1000,36.63,6.65,D
1000,36.63,8.1,D
1000,36.63,8.57,D
1000,36.63,8.95,D
1000,36.63,9.41,D
1000,36.63,10.76,D
1000,36.63,11.04,D
1000,36.63,12.35,D
1000,36.63,13.53,D
1000,36.63,14.47,D
1000,36.63,15.23,D
1000,36.63,15.45,D
1000,36.63,15.49,D
1000,36.63,15.65,D
1000,36.63,15.66,D
1000,36.63,15.82,D
1000,36.63,15.94,D
1000,36.63,16.24,D
1000,36.63,17.67,D
1000,36.63,17.98,D
1000,36.63,18.4,D
1000,36.63,18.59,D
1000,36.63,18.64,D
1000,36.63,18.89,D
1000,36.63,19.51,D
1000,36.63,20.18,D
1000,36.63,21.35,D
1000,36.63,21.53,D
1000,36.63,22.63,D
1000,36.63,23.31,D
1000,36.63,23.67,D
1000,36.63,23.74,D
1000,36.63,24.89,D
1000,36.63,25.06,D
1000,36.63,25.12,D
1000,36.63,25.67,D
1000,36.63,25.72,D
1000,36.63,26.87,D
1000,36.63,27.07,D
1000,36.63,30.19,D
1000,36.63,30.36,D
1000,36.63,32.12,D
1000,36.63,35,D
1000,36.63,35.78,D
1000,36.63,36.64,D
1000,36.63,37.16,D
1000,36.66,0,D
1000,36.66,0.48,D
1000,36.66,2.85,D
1000,36.66,3.35,E
1000,36.66,3.44,D
1000,36.66,3.63,D
1000,36.66,3.74,D
1000,36.66,6.87,D
1000,36.66,7.88,D
1000,36.66,8.13,D
1000,36.66,8.35,D
1000,36.66,8.51,D
1000,36.66,9.36,D
1000,36.66,10,D
1000,36.66,11.05,D
1000,36.66,11.1,D
1000,36.66,11.19,D
1000,36.66,12.09,D
1000,36.66,12.41,D
1000,36.66,13.53,D
1000,36.66,14.07,E
1000,36.66,14.33,D
1000,36.66,14.56,E
1000,36.66,14.57,E
1000,36.66,16.37,D
1000,36.66,16.8,D
1000,36.66,17.23,D
1000,36.66,17.24,D
1000,36.66,17.31,D
1000,36.66,17.9,D
1000,36.66,18.1,E
1000,36.66,19.01,D
1000,36.66,20.05,E
1000,36.66,20.11,D
1000,36.66,20.14,D
1000,36.66,20.17,D
1000,36.66,20.47,D
1000,36.66,20.99,D
1000,36.66,21.42,D
1000,36.66,22.09,D
1000,36.66,22.43,D
1000,36.66,22.43,E
1000,36.66,22.61,D
1000,36.66,22.65,D
1000,36.66,22.85,E
1000,36.66,23.44,D
1000,36.66,23.61,D
1000,36.66,23.69,D
1000,36.66,23.83,D
1000,36.66,24.3,D
1000,36.66,24.94,D
1000,36.66,25.37,D
1000,36.66,26.11,D
1000,36.66,26.23,D
1000,36.66,26.4,D
1000,36.66,26.84,D
1000,36.66,27.6,D
1000,36.66,28.64,E
1000,36.66,28.93,D
1000,36.66,29.48,D
1000,36.66,30.16,D
1000,36.66,30.58,D
1000,36.66,31.36,D
1000,36.66,32.46,D
1000,36.66,32.79,D
1000,36.66,32.95,D
1000,36.66,33.45,D
1000,36.66,33.82,D
1000,36.66,33.92,D
1000,36.66,34.65,D
1000,36.66,35.83,D
1000,36.66,36.93,D
1000,36.66,37.24,D
1000,36.66,38.89,D
1000,36.68,1,D
1000,36.68,1.16,D
1000,36.68,2.23,D
1000,36.68,2.42,D
1000,36.68,2.73,D
1000,36.68,3.78,D
1000,36.68,4.62,D
1000,36.68,4.84,D
1000,36.68,4.94,D
1000,36.68,4.96,D
1000,36.68,6.17,D
1000,36.68,6.58,D
1000,36.68,6.96,D
1000,36.68,7.06,D
1000,36.68,7.26,D
1000,36.68,7.65,D
1000,36.68,9.29,D
1000,36.68,9.4,D
1000,36.68,9.56,D
1000,36.68,9.64,D
1000,36.68,9.7,D
1000,36.68,9.77,D
1000,36.68,9.81,D
1000,36.68,9.86,D
1000,36.68,9.97,D
1000,36.68,10.05,D
1000,36.68,10.68,D
1000,36.68,11.2,D
1000,36.68,11.26,D
1000,36.68,12.73,D
1000,36.68,12.9,D
1000,36.68,13.01,D
1000,36.68,13.41,D
1000,36.68,14.07,D
1000,36.68,14.13,D
1000,36.68,14.2,D
1000,36.68,14.51,D
1000,36.68,14.69,D
1000,36.68,15.53,D
1000,36.68,15.54,E
1000,36.68,15.94,D
1000,36.68,16.21,D
1000,36.68,16.7,D
1000,36.68,16.8,D
1000,36.68,16.85,D
1000,36.68,16.95,D
1000,36.68,17.28,D
1000,36.68,17.58,D
1000,36.68,18.15,D
1000,36.68,18.44,D
1000,36.68,18.72,D
1000,36.68,19.31,D
1000,36.68,19.69,D
1000,36.68,19.94,D
1000,36.68,20.08,D
1000,36.68,20.26,D
1000,36.68,21.62,D
1000,36.68,21.69,D
1000,36.68,21.85,E
1000,36.68,22.52,D
1000,36.68,22.65,D
1000,36.68,22.96,D
1000,36.68,23.51,D
1000,36.68,23.63,D
1000,36.68,23.69,D
1000,36.68,23.77,D
1000,36.68,23.88,D
1000,36.68,24.18,D
1000,36.68,24.58,D
1000,36.68,25.25,D
1000,36.68,25.74,D
1000,36.68,25.77,D
1000,36.68,25.79,D
1000,36.68,27.2,D
1000,36.68,28.08,D
1000,36.68,28.14,D
1000,36.68,28.47,D
1000,36.68,29.14,D
1000,36.68,29.42,D
1000,36.68,29.73,D
1000,36.68,30.8,D
1000,36.68,30.92,D
1000,36.68,30.93,D
1000,36.68,32.04,D
1000,36.68,33.37,D
1000,36.68,33.88,D
1000,36.68,33.92,D
1000,36.68,36.51,D
1000,36.68,39.21,D
1000,36.69,1.8,D
1000,36.69,11.78,D
1000,36.69,15.81,D
1000,36.69,16.26,D
1000,36.69,16.94,D
1000,36.69,18.9,D
1000,36.69,19.43,D
1000,36.69,21.49,D
1000,36.69,22.09,D
1000,36.69,33.75,D
1000,36.76,2.47,D
1000,36.76,3.67,D
1000,36.76,11.34,E
1000,36.76,11.93,D
1000,36.76,13.02,D
1000,36.76,17.92,D
1000,36.76,20.97,D
1000,36.76,24.38,E
1000,36.76,24.78,D
1000,36.76,25.12,E
1000,36.76,25.65,D
1000,36.76,27.91,E
1000,36.76,29.48,D
1000,36.76,30.47,D
1000,36.76,35.2,E
1000,36.76,35.3,E
1000,36.77,15.99,D
1000,36.77,22.95,D
1000,36.78,5.7,E
1000,36.78,24.63,E
1000,36.78,25.45,E
1000,36.87,0,D
1000,36.87,0.71,D
1000,36.87,2.31,D
1000,36.87,2.98,D
1000,36.87,6.64,D
1000,36.87,7.82,D
1000,36.87,7.85,D
1000,36.87,8.28,D
1000,36.87,8.82,D
1000,36.87,9.12,D
1000,36.87,9.56,D
1000,36.87,9.91,D
1000,36.87,11.7,D
1000,36.87,13.6,D
1000,36.87,15.09,D
1000,36.87,15.8,D
1000,36.87,16.36,D
1000,36.87,16.55,D
1000,36.87,18.66,D
1000,36.87,21.73,D
1000,36.87,22.98,D
1000,36.87,23.07,D
1000,36.87,23.88,D
1000,36.87,24.36,D
1000,36.87,24.84,D
1000,36.87,25.77,D
1000,36.87,27.33,D
1000,36.87,31.25,D
1000,36.87,32.54,D
1000,36.87,37.88,D
1000,36.9,0.84,D
1000,36.9,12.18,E
1000,36.9,20.1,E
1000,36.9,23.29,D
1000,36.9,28.4,D
1000,36.92,1.18,D
1000,36.92,2.04,D
1000,36.92,4.77,D
1000,36.92,5.29,E
1000,36.92,7.29,E
1000,36.92,7.71,D
1000,36.92,11.02,D
1000,36.92,12.46,E
1000,36.92,12.78,D
1000,36.92,12.79,D
1000,36.92,13.36,D
1000,36.92,13.67,E
1000,36.92,14.88,D
1000,36.92,15.04,E
1000,36.92,15.46,E
1000,36.92,17.14,D
1000,36.92,17.91,D
1000,36.92,22.46,D
1000,36.92,22.67,D
1000,36.92,23.84,D
1000,36.92,25.45,E
1000,36.92,26.4,D
1000,36.92,26.4,E
1000,36.92,26.77,E
1000,36.92,27.43,D
1000,36.92,28.07,E
1000,36.92,28.09,D
1000,36.92,29.35,D
1000,36.92,29.73,D
1000,36.92,29.74,D
1000,36.92,30.4,E
1000,36.92,33.26,E
1000,36.92,33.41,E
1000,36.93,8.67,D
1000,36.93,12.87,D
1000,36.93,15.29,D
1000,36.93,21.17,D
1000,36.93,29.22,D
1000,36.93,34.75,D
1000,37.03,3.83,D
1000,37.03,12.64,D
1000,37.03,13.32,D
1000,37.03,13.43,D
1000,37.03,21.6,D
1000,37.03,21.83,D
1000,37.06,22.17,F
1000,37.13,0.45,D
1000,37.13,0.71,D
1000,37.13,2.45,D
1000,37.13,4.08,D
1000,37.13,4.77,D
1000,37.13,5.36,D
1000,37.13,6.6,D
1000,37.13,6.82,D
1000,37.13,9.96,D
1000,37.13,10.43,D
1000,37.13,11.24,D
1000,37.13,11.48,D
1000,37.13,12.69,D
1000,37.13,12.95,D
1000,37.13,13,D
1000,37.13,13.17,D
1000,37.13,13.86,D
1000,37.13,14.09,D
1000,37.13,14.58,D
1000,37.13,15.09,D
1000,37.13,15.23,D
1000,37.13,15.64,D
1000,37.13,15.69,D
1000,37.13,15.83,D
1000,37.13,17.28,D
1000,37.13,18.03,D
1000,37.13,18.26,D
1000,37.13,18.28,D
1000,37.13,18.44,D
1000,37.13,18.58,D
1000,37.13,19.12,D
1000,37.13,19.4,D
1000,37.13,19.57,D
1000,37.13,22.22,D
1000,37.13,22.84,D
1000,37.13,23.91,D
1000,37.13,23.97,D
1000,37.13,24.19,D
1000,37.13,24.28,D
1000,37.13,25.17,D
1000,37.13,25.41,D
1000,37.13,25.59,D
1000,37.13,25.88,D
1000,37.13,29.07,D
1000,37.13,29.12,D
1000,37.13,30.36,D
1000,37.13,32.07,D
1000,37.13,33.87,D
1000,37.13,37.56,D
1000,37.15,2.1,D
1000,37.15,13.34,D
1000,37.15,18.16,D
1000,37.15,19.51,D
1000,37.15,21.6,D
1000,37.15,22.88,D
1000,37.15,23.37,D
1000,37.15,23.67,D
1000,37.15,27.31,D
1000,37.16,0,D
1000,37.16,2.09,D
1000,37.16,3.86,D
1000,37.16,4.35,D
1000,37.16,5.16,D
1000,37.16,6.01,D
1000,37.16,6.05,D
1000,37.16,6.53,D
1000,37.16,7.82,E
1000,37.16,8.44,D
1000,37.16,9.11,D
1000,37.16,9.11,E
1000,37.16,9.27,D
1000,37.16,9.61,D
1000,37.16,10.15,D
1000,37.16,11.06,D
1000,37.16,11.42,D
1000,37.16,12.09,D
1000,37.16,12.7,E
1000,37.16,13.66,D
1000,37.16,14.43,E
1000,37.16,14.55,D
1000,37.16,14.91,D
1000,37.16,15.73,D
1000,37.16,17.23,D
1000,37.16,18.55,D
1000,37.16,18.95,D
1000,37.16,20.1,D
1000,37.16,20.34,D
1000,37.16,21,D
1000,37.16,21.09,D
1000,37.16,21.17,D
1000,37.16,21.23,D
1000,37.16,21.47,E
1000,37.16,21.6,D
1000,37.16,22.45,D
1000,37.16,22.62,D
1000,37.16,22.7,D
1000,37.16,22.89,D
1000,37.16,24.26,E
1000,37.16,24.71,D
1000,37.16,24.8,D
1000,37.16,25.66,E
1000,37.16,25.71,D
1000,37.16,26.75,E
1000,37.16,27.12,D
1000,37.16,27.37,D
1000,37.16,27.97,D
1000,37.16,28.23,D
1000,37.16,28.41,D
1000,37.16,28.47,D
1000,37.16,28.95,D
1000,37.16,29.42,E
1000,37.16,29.66,D
1000,37.16,30.03,D
1000,37.16,31.97,D
1000,37.16,32.09,D
1000,37.16,33.1,E
1000,37.17,2.36,D
1000,37.17,2.82,D
1000,37.17,3.44,D
1000,37.17,4.93,D
1000,37.17,6.29,D
1000,37.17,6.81,D
1000,37.17,6.9,D
1000,37.17,7.44,D
1000,37.17,7.5,D
1000,37.17,7.57,D
1000,37.17,8.44,D
1000,37.17,9.15,D
1000,37.17,9.82,D
1000,37.17,10.39,D
1000,37.17,11.87,D
1000,37.17,12.91,D
1000,37.17,13.57,D
1000,37.17,13.69,D
1000,37.17,13.83,D
1000,37.17,13.89,D
1000,37.17,15.36,D
1000,37.17,16.36,D
1000,37.17,16.52,D
1000,37.17,16.88,D
1000,37.17,17.22,D
1000,37.17,17.38,D
1000,37.17,17.47,D
1000,37.17,17.8,D
1000,37.17,18.49,D
1000,37.17,19.38,D
1000,37.17,20.29,D
1000,37.17,20.51,D
1000,37.17,20.72,D
1000,37.17,21.14,D
1000,37.17,21.43,D
1000,37.17,21.96,D
1000,37.17,22.32,D
1000,37.17,22.51,D
1000,37.17,22.7,D
1000,37.17,23.18,D
1000,37.17,23.35,D
1000,37.17,23.6,D
1000,37.17,24.49,D
1000,37.17,26.18,D
1000,37.17,27.26,D
1000,37.17,27.49,D
1000,37.17,27.51,D
1000,37.17,27.95,D
1000,37.17,28.17,D
1000,37.17,28.43,D
1000,37.17,28.6,D
1000,37.17,29.05,D
1000,37.17,30.54,D
1000,37.17,32.46,D
1000,37.17,33.22,D
1000,37.17,33.77,D
1000,37.17,33.95,D
1000,37.17,33.99,D
1000,37.27,2.25,D
1000,37.27,3.34,D
1000,37.27,6.97,E
1000,37.27,9.27,E
1000,37.27,10.57,E
1000,37.27,13.88,E
1000,37.27,13.94,D
1000,37.27,14.15,D
1000,37.27,14.23,E
1000,37.27,14.4,D
1000,37.27,16.08,E
1000,37.27,19.36,D
1000,37.27,22.69,E
1000,37.27,22.79,E
1000,37.27,23.58,E
1000,37.27,25.54,D
1000,37.27,26.99,E
1000,37.27,29.31,D
1000,37.33,1.6,D
1000,37.33,6.1,D
1000,37.33,11.78,D
1000,37.33,12.16,D
1000,37.33,18.77,D
1000,37.33,19.88,D
1000,37.33,20.26,D
1000,37.33,20.44,D
1000,37.33,20.5,D
1000,37.33,25.03,D
1000,37.33,26.76,D
1000,37.33,27.17,D
1000,37.33,32.46,D
1000,37.37,2,D
1000,37.37,2.93,D
1000,37.37,5.69,D
1000,37.37,7.19,D
1000,37.37,7.89,D
1000,37.37,9.02,D
1000,37.37,9.95,D
1000,37.37,10.97,D
1000,37.37,11.03,D
1000,37.37,11.23,D
1000,37.37,11.31,D
1000,37.37,11.8,D
1000,37.37,12.05,D
1000,37.37,12.11,D
1000,37.37,12.63,D
1000,37.37,12.69,D
1000,37.37,12.75,D
1000,37.37,13.55,D
1000,37.37,13.73,D
1000,37.37,13.8,D
1000,37.37,14.18,D
1000,37.37,16.25,D
1000,37.37,16.87,D
1000,37.37,17.55,D
1000,37.37,17.81,D
1000,37.37,18,D
1000,37.37,19.25,D
1000,37.37,20.07,D
1000,37.37,20.45,D
1000,37.37,20.53,D
1000,37.37,20.97,D
1000,37.37,24.62,D
1000,37.37,25.5,D
1000,37.37,26.15,D
1000,37.37,27.8,D
1000,37.37,28.85,D
1000,37.37,29.24,D
1000,37.37,30.56,D
1000,37.37,33.46,D
1000,37.37,38.01,D
1000,37.37,117.29,D
1000,37.42,4.46,E
1000,37.42,7.31,E
1000,37.42,8.77,E
1000,37.42,8.8,E
1000,37.42,12.41,E
1000,37.42,12.54,E
1000,37.42,14.06,E
1000,37.42,14.22,E
1000,37.42,16.14,E
1000,37.42,18.08,E
1000,37.42,19.03,E
1000,37.42,25.97,E
1000,37.42,33.42,E
1000,37.42,33.51,E
1000,37.55,13.53,E
1000,37.55,22.77,E
1000,37.55,23.44,E
1000,37.55,23.71,E
1000,37.55,31.43,E
1000,37.55,35.86,E
1000,37.55,35.93,E
1000,37.58,20.4,E
1000,37.62,1.1,D
1000,37.62,5.66,D
1000,37.62,6.53,D
1000,37.62,6.7,D
1000,37.62,7.62,D
1000,37.62,8.3,D
1000,37.62,8.77,D
1000,37.62,9.28,D
1000,37.62,9.5,D
1000,37.62,9.9,D
1000,37.62,9.97,D
1000,37.62,9.98,D
1000,37.62,10.06,D
1000,37.62,10.42,D
1000,37.62,10.61,D
1000,37.62,11.22,D
1000,37.62,12.2,D
1000,37.62,12.45,D
1000,37.62,12.58,D
1000,37.62,13.76,D
1000,37.62,14.23,D
1000,37.62,16.57,D
1000,37.62,16.73,D
1000,37.62,17.35,D
1000,37.62,18.75,D
1000,37.62,18.99,D
1000,37.62,19.31,D
1000,37.62,20.37,D
1000,37.62,20.85,D
1000,37.62,21,D
1000,37.62,21.07,D
1000,37.62,21.47,D
1000,37.62,21.73,D
1000,37.62,21.98,D
1000,37.62,22.54,D
1000,37.62,24.58,D
1000,37.62,26,D
1000,37.62,26.14,D
1000,37.62,27.65,D
1000,37.62,28.46,D
1000,37.62,31,D
1000,37.62,35.03,D
1000,37.62,35.13,D
1000,37.62,37.38,D
1000,37.62,45.1,D
1000,37.62,56.28,D
1000,37.67,10.24,E
1000,37.67,10.53,E
1000,37.67,12.76,E
1000,37.67,16.43,E
1000,37.67,20.88,E
1000,37.67,25.56,E
1000,37.67,27.15,E
1000,37.67,28.67,E
1000,37.67,32.79,E
1000,37.67,39.66,E
1000,37.68,17.91,E
1000,37.68,20.02,E
1000,37.68,21.32,E
1000,37.68,23.4,E
1000,37.68,24.12,E
1000,37.68,25.12,E
1000,37.68,29.88,E
1000,37.76,4.1,E
1000,37.76,10.36,E
1000,37.76,13.03,E
1000,37.76,17.03,E
1000,37.76,17.97,E
1000,37.76,19.65,E
1000,37.76,20.86,E
1000,37.76,24.91,E
1000,37.77,1.43,E
1000,37.77,2.76,E
1000,37.77,8.64,E
1000,37.77,16.87,E
1000,37.77,22.05,E
1000,37.77,22.3,E
1000,37.77,22.47,E
1000,37.77,22.73,E
1000,37.77,31.11,E
1000,37.77,38.79,E
1000,37.91,1.67,D
1000,37.91,2.26,D
1000,37.91,3.28,D
1000,37.91,4.52,D
1000,37.91,4.72,D
1000,37.91,4.8,D
1000,37.91,5.1,D
1000,37.91,6.15,D
1000,37.91,6.29,D
1000,37.91,6.35,D
1000,37.91,6.48,D
1000,37.91,7.05,D
1000,37.91,8.85,D
1000,37.91,9.31,D
1000,37.91,9.61,D
1000,37.91,10.56,D
1000,37.91,10.75,D
1000,37.91,10.89,D
1000,37.91,11.44,D
1000,37.91,11.61,D
1000,37.91,11.91,D
1000,37.91,12.27,D
1000,37.91,12.47,D
1000,37.91,12.6,D
1000,37.91,12.77,D
1000,37.91,13.31,D
1000,37.91,13.6,D
1000,37.91,14.36,D
1000,37.91,15.46,D
1000,37.91,15.97,D
1000,37.91,17.64,D
1000,37.91,17.9,D
1000,37.91,18,D
1000,37.91,18.08,D
1000,37.91,18.76,D
1000,37.91,19,D
1000,37.91,19.31,D
1000,37.91,19.51,D
1000,37.91,19.56,D
1000,37.91,19.91,D
1000,37.91,20.69,D
1000,37.91,21.05,D
1000,37.91,21.97,D
1000,37.91,21.99,D
1000,37.91,22.67,D
1000,37.91,22.88,D
1000,37.91,23.18,D
1000,37.91,23.84,D
1000,37.91,24.53,D
1000,37.91,25.52,D
1000,37.91,25.87,D
1000,37.91,27.04,D
1000,37.91,27.43,D
1000,37.91,28.32,D
1000,37.91,30.48,D
1000,37.91,31.57,D
1000,37.91,31.66,D
1000,37.91,32.15,D
1000,37.91,33.13,D
1000,37.93,6.9,D
1000,37.93,7.2,E
1000,37.93,8.27,D
1000,37.93,8.62,D
1000,37.93,8.73,E
1000,37.93,9.63,E
1000,37.93,10.93,E
1000,37.93,12,D
1000,37.93,13.31,E
1000,37.93,15.87,D
1000,37.93,16,D
1000,37.93,18.06,D
1000,37.93,20.68,E
1000,37.93,20.84,E
1000,37.93,20.99,E
1000,37.93,21.29,E
1000,37.93,22.55,D
1000,37.93,22.87,D
1000,37.93,24.68,D
1000,37.93,25.68,D
1000,37.93,28.87,E
1000,37.93,29.06,D
1000,37.93,30.7,D
1000,37.93,31.2,D
1000,37.93,31.39,D
1000,37.93,32.48,D
1000,37.93,34.74,D
1000,37.99,14.8,E
1000,37.99,20.79,E
1000,37.99,29.45,E
1000,38.02,10.87,E
1000,38.04,0.9,E
1000,38.12,3.06,D
1000,38.12,3.1,D
1000,38.12,4.4,D
1000,38.12,6.93,D
1000,38.12,8.57,D
1000,38.12,9.76,D
1000,38.12,12.97,D
1000,38.12,14.76,D
1000,38.12,15.6,D
1000,38.12,15.78,D
1000,38.12,17.02,D
1000,38.12,17.46,D
1000,38.12,17.6,D
1000,38.12,17.79,D
1000,38.12,17.92,D
1000,38.12,18.84,D
1000,38.12,19.87,D
1000,38.12,20.5,D
1000,38.12,21.73,D
1000,38.12,23.26,D
1000,38.12,23.54,D
1000,38.12,23.58,D
1000,38.12,24.26,D
1000,38.12,27.28,D
1000,38.12,29.75,D
1000,38.12,35.35,D
1000,38.12,63.04,D
1000,38.18,26.57,E
1000,38.19,1.2,E
1000,38.19,9.28,F
1000,38.19,11.4,E
1000,38.19,16.75,E
1000,38.19,18.61,E
1000,38.19,19.87,E
1000,38.19,26.93,E
1000,38.19,28.02,F
1000,38.27,17.6,E
1000,38.27,18.39,E
1000,38.27,25.78,E
1000,38.27,27.65,E
1000,38.27,29.73,E
1000,38.3,12.69,E
1000,38.3,14.28,E
1000,38.3,16.44,E
1000,38.3,17.68,E
1000,38.3,25.04,E
1000,38.38,3.43,D
1000,38.38,4.72,D
1000,38.38,6.36,D
1000,38.38,7.27,D
1000,38.38,7.67,D
1000,38.38,8.47,D
1000,38.38,9.73,D
1000,38.38,11.46,D
1000,38.38,12.61,D
1000,38.38,14.56,D
1000,38.38,15.72,D
1000,38.38,16.48,D
1000,38.38,17.3,D
1000,38.38,17.41,D
1000,38.38,17.77,D
1000,38.38,19.64,D
1000,38.38,20.2,D
1000,38.38,21.11,D
1000,38.38,21.4,D
1000,38.38,21.71,D
1000,38.38,22.06,D
1000,38.38,27.4,D
1000,38.38,27.81,D
1000,38.38,27.97,D
1000,38.38,33.75,D
1000,38.38,34.11,D
1000,38.38,39.97,D
1000,38.4,2.52,E
1000,38.4,5.17,E
1000,38.4,8.69,E
1000,38.4,9.13,E
1000,38.4,9.29,E
1000,38.4,11.61,E
1000,38.4,17.14,E
1000,38.4,19.02,E
1000,38.4,20.37,E
1000,38.4,21.85,E
1000,38.4,22.63,E
1000,38.4,23.8,E
1000,38.4,25.36,E
1000,38.4,25.41,E
1000,38.4,26.25,E
1000,38.4,31.1,E
1000,38.4,32.21,E
1000,38.43,4.8,E
1000,38.43,22.84,E
1000,38.43,26.07,E
1000,38.44,3.4,E
1000,38.44,6.6,E
1000,38.44,16.4,E
1000,38.44,16.74,E
1000,38.44,19.94,E
1000,38.44,26.23,E
1000,38.44,29.24,E
1000,38.58,0.93,E
1000,38.58,4.76,E
1000,38.58,5.58,E
1000,38.58,5.61,E
1000,38.58,6.61,E
1000,38.58,9.43,E
1000,38.58,10.39,E
1000,38.58,11.48,E
1000,38.58,14.71,E
1000,38.58,15.04,E
1000,38.58,15.76,E
1000,38.58,18.25,E
1000,38.58,24.18,E
1000,38.58,27.96,E
1000,38.58,29.27,E
1000,38.58,29.47,E
1000,38.58,30.69,E
1000,38.6,27.55,F
1000,38.66,1,E
1000,38.66,1.75,E
1000,38.66,2.4,E
1000,38.66,3.48,E
1000,38.66,6.46,E
1000,38.66,7.26,E
1000,38.66,7.44,E
1000,38.66,8.87,E
1000,38.66,9.26,E
1000,38.66,9.55,E
1000,38.66,10.56,E
1000,38.66,11.69,E
1000,38.66,12.19,E
1000,38.66,12.99,E
1000,38.66,13.28,E
1000,38.66,14.38,E
1000,38.66,14.41,E
1000,38.66,14.44,E
1000,38.66,15.14,E
1000,38.66,15.84,E
1000,38.66,15.89,E
1000,38.66,16.02,E
1000,38.66,17.52,E
1000,38.66,17.66,E
1000,38.66,17.85,E
1000,38.66,18.47,E
1000,38.66,18.69,E
1000,38.66,19.89,E
1000,38.66,22.32,E
1000,38.66,22.37,E
1000,38.66,22.51,E
1000,38.66,24.13,E
1000,38.66,24.68,E
1000,38.66,25.22,E
1000,38.66,25.65,E
1000,38.66,27.36,E
1000,38.66,32.31,E
1000,38.66,33.95,E
1000,38.66,35.56,E
1000,38.66,35.78,E
1000,38.67,1.25,E
1000,38.67,1.56,E
1000,38.67,2.31,E
1000,38.67,2.76,E
1000,38.67,3.88,E
1000,38.67,4.39,E
1000,38.67,5.28,E
1000,38.67,7.84,E
1000,38.67,11.47,E
1000,38.67,12.12,E
1000,38.67,12.24,E
1000,38.67,12.27,E
1000,38.67,12.88,E
1000,38.67,13.36,E
1000,38.67,13.37,E
1000,38.67,13.56,E
1000,38.67,16.57,E
1000,38.67,17.85,E
1000,38.67,19.74,E
1000,38.67,23.79,E
1000,38.67,23.9,E
1000,38.67,26.66,E
1000,38.67,29.27,E
1000,38.67,29.42,E
1000,38.67,30.64,E
1000,38.67,31.84,E
1000,38.67,35.31,E
1000,38.67,35.33,E
1000,38.67,35.36,E
1000,38.67,35.71,E
1000,38.67,36.9,E
1000,38.67,39.55,E
1000,38.69,0.9,F
1000,38.69,13.75,F
1000,38.69,19.12,F
1000,38.69,19.6,F
1000,38.69,21.94,F
1000,38.71,21.9,F
1000,38.71,30.4,F
1000,38.71,31.54,F
1000,38.77,7.96,E
1000,38.77,11.64,E
1000,38.77,13.37,E
1000,38.78,1.71,F
1000,38.78,4.78,F
1000,38.78,15.19,F
1000,38.78,15.67,F
1000,38.78,36.16,F
1000,38.86,2.55,F
1000,38.86,13.14,F
1000,38.86,15.29,F
1000,38.86,16,F
1000,38.88,20.31,E
1000,38.92,0,E
1000,38.92,0.02,E
1000,38.92,1,E
1000,38.92,1.13,E
1000,38.92,1.15,E
1000,38.92,1.22,E
1000,38.92,1.4,E
1000,38.92,1.5,E
1000,38.92,1.62,E
1000,38.92,1.71,E
1000,38.92,1.8,E
1000,38.92,2.43,E
1000,38.92,2.47,E
1000,38.92,2.61,E
1000,38.92,2.64,E
1000,38.92,2.73,E
1000,38.92,2.88,E
1000,38.92,2.95,E
1000,38.92,3,E
1000,38.92,3.07,E
1000,38.92,3.13,E
1000,38.92,3.31,E
1000,38.92,3.81,E
1000,38.92,4.46,E
1000,38.92,4.72,E
1000,38.92,5.58,E
1000,38.92,5.63,E
1000,38.92,5.67,E
1000,38.92,5.89,E
1000,38.92,5.98,E
1000,38.92,6,E
1000,38.92,6.04,E
1000,38.92,6.07,E
1000,38.92,6.74,E
1000,38.92,6.88,E
1000,38.92,6.93,E
1000,38.92,6.98,E
1000,38.92,7.16,E
1000,38.92,7.32,E
1000,38.92,7.44,E
1000,38.92,7.49,E
1000,38.92,8.11,E
1000,38.92,8.76,E
1000,38.92,8.8,E
1000,38.92,8.86,E
1000,38.92,8.99,E
1000,38.92,9.05,E
1000,38.92,9.38,E
1000,38.92,9.52,E
1000,38.92,9.58,E
1000,38.92,9.62,E
1000,38.92,9.65,E
1000,38.92,9.9,E
1000,38.92,10.18,E
1000,38.92,10.39,E
1000,38.92,10.43,E
1000,38.92,10.49,E
1000,38.92,10.5,E
1000,38.92,10.56,E
1000,38.92,10.68,E
1000,38.92,10.88,E
1000,38.92,11.04,E
1000,38.92,11.13,E
1000,38.92,11.4,E
1000,38.92,11.58,E
1000,38.92,11.78,E
1000,38.92,11.88,E
1000,38.92,12.17,E
1000,38.92,12.24,E
1000,38.92,12.35,E
1000,38.92,12.37,E
1000,38.92,12.54,E
1000,38.92,12.55,E
1000,38.92,12.66,E
1000,38.92,12.91,E
1000,38.92,13.15,E
1000,38.92,13.47,E
1000,38.92,13.67,E
1000,38.92,13.8,E
1000,38.92,13.87,E
1000,38.92,14.16,E
1000,38.92,14.47,E
1000,38.92,14.65,E
1000,38.92,14.93,E
1000,38.92,14.94,E
1000,38.92,15.25,E
1000,38.92,15.31,E
1000,38.92,15.33,E
1000,38.92,15.36,E
1000,38.92,15.42,E
1000,38.92,15.62,E
1000,38.92,15.96,E
1000,38.92,16.03,E
1000,38.92,16.77,E
1000,38.92,16.87,E
1000,38.92,17.11,E
1000,38.92,17.14,E
1000,38.92,17.25,E
1000,38.92,17.47,E
1000,38.92,17.63,E
1000,38.92,17.83,E
1000,38.92,17.85,E
1000,38.92,17.91,E
1000,38.92,18.03,E
1000,38.92,18.04,E
1000,38.92,18.06,E
1000,38.92,18.51,E
1000,38.92,18.53,E
1000,38.92,18.88,E
1000,38.92,18.98,E
1000,38.92,19.03,E
1000,38.92,19.51,E
1000,38.92,19.52,E
1000,38.92,19.64,E
1000,38.92,19.68,E
1000,38.92,19.85,E
1000,38.92,19.92,E
1000,38.92,20.05,E
1000,38.92,20.12,E
1000,38.92,20.53,E
1000,38.92,20.78,E
1000,38.92,20.86,E
1000,38.92,20.95,E
1000,38.92,21.14,E
1000,38.92,21.46,E
1000,38.92,21.8,E
1000,38.92,22,E
1000,38.92,22.22,E
1000,38.92,22.26,E
1000,38.92,22.35,E
1000,38.92,22.69,E
1000,38.92,22.8,E
1000,38.92,23.8,E
1000,38.92,24.1,E
1000,38.92,24.11,E
1000,38.92,24.15,E
1000,38.92,24.17,E
1000,38.92,24.32,E
1000,38.92,24.37,E
1000,38.92,25.21,E
1000,38.92,25.22,E
1000,38.92,25.52,E
1000,38.92,26.59,E
1000,38.92,26.93,E
1000,38.92,27.25,E
1000,38.92,27.36,E
1000,38.92,27.54,E
1000,38.92,27.56,E
1000,38.92,27.76,E
1000,38.92,27.84,E
1000,38.92,27.98,E
1000,38.92,28,E
1000,38.92,28.38,E
1000,38.92,28.42,E
1000,38.92,28.45,E
1000,38.92,28.71,E
1000,38.92,29.19,E
1000,38.92,29.55,E
1000,38.92,29.56,E
1000,38.92,29.6,E
1000,38.92,29.92,E
1000,38.92,30.07,E
1000,38.92,30.11,E
1000,38.92,30.59,E
1000,38.92,30.85,E
1000,38.92,31.4,E
1000,38.92,31.96,E
1000,38.92,32.32,E
1000,38.92,32.55,E
1000,38.92,33.13,E
1000,38.92,33.95,E
1000,38.92,34.2,E
1000,38.92,34.84,E
1000,38.92,34.85,E
1000,38.92,35.3,E
1000,38.92,36.4,E
1000,38.92,36.45,E
1000,38.92,37.15,E
1000,38.92,37.38,E
1000,38.92,37.43,E
1000,38.92,37.88,E
1000,38.92,37.96,E
1000,38.92,39.76,E
1000,38.92,61.42,E
1000,38.94,7.35,F
1000,38.94,10.67,F
1000,38.94,11.26,F
1000,38.94,11.34,F
1000,38.94,14.17,F
1000,38.94,15.64,F
1000,38.94,16.21,F
1000,38.94,16.31,F
1000,38.94,16.55,F
1000,38.94,17.34,F
1000,38.94,18.24,F
1000,38.94,19.24,F
1000,38.94,19.82,F
1000,38.94,19.84,F
1000,38.94,20.1,F
1000,38.94,22.07,F
1000,38.94,25.3,F
1000,38.94,25.53,F
1000,38.94,27.02,F
1000,38.98,4.36,F
1000,39.04,3.6,F
1000,39.04,5.09,F
1000,39.04,14.03,F
1000,39.04,17.72,F
1000,39.04,22.88,F
1000,39.08,6.22,F
1000,39.08,10.49,F
1000,39.08,12.27,F
1000,39.08,12.92,F
1000,39.08,16.24,F
1000,39.08,16.63,F
1000,39.08,18.25,F
1000,39.08,18.56,F
1000,39.08,19.1,F
1000,39.08,19.4,F
1000,39.08,23.7,F
1000,39.17,0,E
1000,39.17,1.35,E
1000,39.17,1.8,E
1000,39.17,1.89,E
1000,39.17,2.25,E
1000,39.17,2.4,E
1000,39.17,3,E
1000,39.17,3.18,E
1000,39.17,3.53,E
1000,39.17,3.89,E
1000,39.17,4.44,E
1000,39.17,4.5,E
1000,39.17,4.7,E
1000,39.17,5.35,E
1000,39.17,6.39,E
1000,39.17,6.6,E
1000,39.17,7.99,E
1000,39.17,8.6,E
1000,39.17,8.71,E
1000,39.17,8.77,E
1000,39.17,8.8,E
1000,39.17,9.34,E
1000,39.17,9.99,E
1000,39.17,10.96,E
1000,39.17,11.07,E
1000,39.17,11.23,E
1000,39.17,11.32,E
1000,39.17,11.65,E
1000,39.17,11.75,E
1000,39.17,12.1,E
1000,39.17,12.86,E
1000,39.17,13.5,E
1000,39.17,13.81,E
1000,39.17,14.05,E
1000,39.17,14.91,E
1000,39.17,14.92,E
1000,39.17,15.13,E
1000,39.17,15.18,E
1000,39.17,15.24,E
1000,39.17,15.94,E
1000,39.17,16.01,E
1000,39.17,16.15,E
1000,39.17,16.63,E
1000,39.17,17.38,E
1000,39.17,17.64,E
1000,39.17,18.63,E
1000,39.17,18.84,E
1000,39.17,18.9,E
1000,39.17,19.11,E
1000,39.17,19.16,E
1000,39.17,19.4,E
1000,39.17,19.52,E
1000,39.17,19.63,E
1000,39.17,19.91,E
1000,39.17,20.1,E
1000,39.17,20.58,E
1000,39.17,20.6,E
1000,39.17,20.67,E
1000,39.17,20.69,E
1000,39.17,20.91,E
1000,39.17,21.09,E
1000,39.17,21.21,E
1000,39.17,21.3,E
1000,39.17,22.04,E
1000,39.17,22.39,E
1000,39.17,22.72,E
1000,39.17,22.85,E
1000,39.17,24,E
1000,39.17,24.17,E
1000,39.17,26.31,E
1000,39.17,27.52,E
1000,39.17,27.96,E
1000,39.17,28.76,E
1000,39.17,29.31,E
1000,39.17,29.86,E
1000,39.17,30.63,E
1000,39.17,33.43,E
1000,39.17,34.87,E
1000,39.17,35.75,E
1000,39.17,35.89,E
1000,39.17,37.86,E
1000,39.17,38.04,E
1000,39.17,39.33,E
1000,39.17,43.07,E
1000,39.23,2.81,E
1000,39.23,4.08,E
1000,39.23,4.29,E
1000,39.23,8.88,E
1000,39.23,17.06,E
1000,39.23,17.13,E
1000,39.23,18.77,E
1000,39.23,19.34,E
1000,39.23,20.16,F
1000,39.23,21.4,E
1000,39.23,23.91,E
1000,39.23,25.02,E
1000,39.23,30.59,F
1000,39.23,32.33,E
1000,39.23,32.62,E
1000,39.23,33.03,E
1000,39.23,33.45,E
1000,39.28,27.33,F
1000,39.28,31.68,F
1000,39.28,33.99,F
1000,39.3,3.23,F
1000,39.3,33.56,F
1000,39.43,0,E
1000,39.43,0.5,E
1000,39.43,0.94,E
1000,39.43,0.97,E
1000,39.43,1.34,E
1000,39.43,1.49,E
1000,39.43,2.05,E
1000,39.43,2.15,E
1000,39.43,2.63,E
1000,39.43,2.7,E
1000,39.43,2.85,E
1000,39.43,3.04,E
1000,39.43,3.14,E
1000,39.43,3.18,E
1000,39.43,3.47,E
1000,39.43,3.6,E
1000,39.43,3.95,E
1000,39.43,4,E
1000,39.43,5.14,E
1000,39.43,5.5,E
1000,39.43,5.84,E
1000,39.43,6.29,E
1000,39.43,6.51,E
1000,39.43,6.56,E
1000,39.43,6.66,E
1000,39.43,6.9,E
1000,39.43,7,E
1000,39.43,7.25,E
1000,39.43,7.54,E
1000,39.43,8.03,E
1000,39.43,8.34,E
1000,39.43,8.38,E
1000,39.43,8.4,E
1000,39.43,8.59,E
1000,39.43,8.69,E
1000,39.43,8.87,E
1000,39.43,9,E
1000,39.43,9.56,E
1000,39.43,9.8,E
1000,39.43,9.94,E
1000,39.43,9.98,E
1000,39.43,10.25,E
1000,39.43,10.62,E
1000,39.43,10.66,E
1000,39.43,10.75,E
1000,39.43,10.8,E
1000,39.43,10.87,E
1000,39.43,11.11,E
1000,39.43,11.22,E
1000,39.43,11.7,E
1000,39.43,12.1,E
1000,39.43,12.8,E
1000,39.43,12.89,E
1000,39.43,13.06,E
1000,39.43,13.15,E
1000,39.43,13.67,E
1000,39.43,13.91,E
1000,39.43,14.17,E
1000,39.43,14.56,E
1000,39.43,14.59,E
1000,39.43,15.04,E
1000,39.43,15.11,E
1000,39.43,15.18,E
1000,39.43,15.19,E
1000,39.43,15.2,E
1000,39.43,15.27,E
1000,39.43,15.32,E
1000,39.43,15.41,E
1000,39.43,15.65,E
1000,39.43,15.68,E
1000,39.43,15.79,E
1000,39.43,15.94,E
1000,39.43,16.08,E
1000,39.43,16.21,E
1000,39.43,16.36,E
1000,39.43,16.54,E
1000,39.43,16.68,E
1000,39.43,16.9,E
1000,39.43,17.14,E
1000,39.43,17.24,E
1000,39.43,17.31,E
1000,39.43,17.35,E
1000,39.43,17.46,E
1000,39.43,17.51,E
1000,39.43,17.78,E
1000,39.43,17.85,E
1000,39.43,17.87,E
1000,39.43,18.35,E
1000,39.43,18.65,E
1000,39.43,18.7,E
1000,39.43,18.99,E
1000,39.43,19.01,E
1000,39.43,19.25,E
1000,39.43,19.31,E
1000,39.43,19.33,E
1000,39.43,19.42,E
1000,39.43,19.6,E
1000,39.43,19.79,E
1000,39.43,19.92,E
1000,39.43,20.27,E
1000,39.43,20.36,E
1000,39.43,20.43,E
1000,39.43,20.54,E
1000,39.43,20.71,E
1000,39.43,21.27,E
1000,39.43,21.31,E
1000,39.43,21.34,E
1000,39.43,22.67,E
1000,39.43,22.75,E
1000,39.43,22.95,E
1000,39.43,23.16,E
1000,39.43,23.37,E
1000,39.43,23.82,E
1000,39.43,24.02,E
1000,39.43,24.39,E
1000,39.43,24.6,E
1000,39.43,24.72,E
1000,39.43,25.35,E
1000,39.43,25.86,E
1000,39.43,25.88,E
1000,39.43,26.45,E
1000,39.43,26.6,E
1000,39.43,27.2,E
1000,39.43,27.93,E
1000,39.43,28.17,E
1000,39.43,28.69,E
1000,39.43,29.1,E
1000,39.43,31.68,E
1000,39.43,34.55,E
1000,39.43,34.87,E
1000,39.43,35,E
1000,39.43,35.89,E
1000,39.43,35.97,E
1000,39.43,36.45,E
1000,39.43,37.54,E
1000,39.43,38.37,E
1000,39.5,6.43,E
1000,39.5,8.27,F
1000,39.5,10.02,E
1000,39.5,10.36,F
1000,39.5,13.49,E
1000,39.5,13.69,E
1000,39.5,14.22,F
1000,39.5,15.4,F
1000,39.5,17.67,F
1000,39.5,23.96,F
1000,39.5,25.61,F
1000,39.5,26.4,E
1000,39.63,10.12,E
1000,39.63,10.91,E
1000,39.63,14,E
1000,39.63,18.16,E
1000,39.63,22.02,E
1000,39.63,27.49,E
1000,39.63,31.32,E
1000,39.68,0,E
1000,39.68,2.01,E
1000,39.68,4.79,E
1000,39.68,4.8,E
1000,39.68,6.03,E
1000,39.68,6.4,E
1000,39.68,8.57,E
1000,39.68,11.12,E
1000,39.68,11.23,E
1000,39.68,13.3,E
1000,39.68,13.39,E
1000,39.68,15.45,E
1000,39.68,17.84,E
1000,39.68,18.4,E
1000,39.68,19.51,E
1000,39.68,19.52,E
1000,39.68,19.65,E
1000,39.68,20.85,E
1000,39.68,21.94,E
1000,39.68,22.1,E
1000,39.68,22.59,E
1000,39.68,25.12,E
1000,39.68,30.12,E
1000,39.68,37.08,E
1000,39.69,1.56,E
1000,39.69,2.03,E
1000,39.69,7,E
1000,39.69,9.72,E
1000,39.69,9.75,E
1000,39.69,12.42,E
1000,39.69,16.93,E
1000,39.69,17.02,E
1000,39.69,20.65,E
1000,39.69,21.09,E
1000,39.69,22.33,E
1000,39.69,22.91,E
1000,39.69,23.64,E
1000,39.69,25.75,E
1000,39.69,25.76,E
1000,39.69,26.28,E
1000,39.69,29.38,E
1000,39.69,29.58,E
1000,39.69,30.42,E
1000,39.69,37.09,E
1000,39.69,37.88,E
1000,39.69,68.72,E
1000,39.76,7.75,F
1000,39.76,9.11,E
1000,39.76,10.91,E
1000,39.76,14.95,E
1000,39.76,22.06,E
1000,39.76,30.96,E
1000,39.76,35.67,F
1000,39.82,27.75,F
1000,39.82,43.81,F
1000,39.94,0,E
1000,39.94,0.26,E
1000,39.94,0.27,E
1000,39.94,0.9,E
1000,39.94,1.8,E
1000,39.94,2.03,E
1000,39.94,2.6,E
1000,39.94,2.62,E
1000,39.94,3,E
1000,39.94,3.48,E
1000,39.94,3.53,E
1000,39.94,4.13,E
1000,39.94,4.38,E
1000,39.94,4.87,E
1000,39.94,4.99,E
1000,39.94,5.36,E
1000,39.94,6.1,E
1000,39.94,6.24,E
1000,39.94,6.62,E
1000,39.94,6.71,E
1000,39.94,6.97,E
1000,39.94,7.22,E
1000,39.94,8.55,E
1000,39.94,8.57,E
1000,39.94,8.72,E
1000,39.94,9,E
1000,39.94,9.26,E
1000,39.94,9.64,E
1000,39.94,10.06,E
1000,39.94,10.27,E
1000,39.94,10.46,E
1000,39.94,10.61,E
1000,39.94,11.09,E
1000,39.94,11.35,E
1000,39.94,11.66,E
1000,39.94,11.83,E
1000,39.94,12.51,E
1000,39.94,12.54,E
1000,39.94,12.6,E
1000,39.94,12.78,E
1000,39.94,13.01,E
1000,39.94,13.68,E
1000,39.94,13.7,E
1000,39.94,13.84,E
1000,39.94,14.15,E
1000,39.94,14.25,E
1000,39.94,14.33,E
1000,39.94,14.46,E
1000,39.94,14.74,E
1000,39.94,14.77,E
1000,39.94,14.85,E
1000,39.94,14.91,E
1000,39.94,15.23,E
1000,39.94,15.51,E
1000,39.94,15.76,E
1000,39.94,16.11,E
1000,39.94,16.84,E
1000,39.94,17.14,E
1000,39.94,17.18,E
1000,39.94,17.6,E
1000,39.94,17.83,E
1000,39.94,18.12,E
1000,39.94,18.39,E
1000,39.94,18.78,E
1000,39.94,18.86,E
1000,39.94,19.27,E
1000,39.94,19.28,E
1000,39.94,19.94,E
1000,39.94,20.11,E
1000,39.94,20.21,E
1000,39.94,20.72,E
1000,39.94,21.01,E
1000,39.94,21.12,E
1000,39.94,21.17,E
1000,39.94,21.32,E
1000,39.94,21.8,E
1000,39.94,21.85,E
1000,39.94,22.77,E
1000,39.94,22.8,E
1000,39.94,23.62,E
1000,39.94,23.87,E
1000,39.94,24.7,E
1000,39.94,24.82,E
1000,39.94,24.84,E
1000,39.94,24.96,E
1000,39.94,25.05,E
1000,39.94,25.07,E
1000,39.94,27.95,E
1000,39.94,29.84,E
1000,39.94,30.51,E
1000,39.94,31.56,E
1000,39.94,31.6,E
1000,39.94,31.79,E
1000,39.94,35.04,E
1000,39.94,38.23,E
1000,39.94,38.26,E
1000,39.94,39.91,E
1000,39.94,45.75,E
1000,40.02,8.48,E
1000,40.02,14.26,E
1000,40.02,19.31,E
1000,40.02,24.8,E
1000,40.02,29.65,E
1000,40.13,8.24,F
1000,40.13,18.13,F
1000,40.19,1.29,E
1000,40.19,1.6,E
1000,40.19,2.54,E
1000,40.19,4.37,E
1000,40.19,4.83,E
1000,40.19,6.56,E
1000,40.19,6.85,E
1000,40.19,9.82,E
1000,40.19,12.42,E
1000,40.19,14.29,E
1000,40.19,16.35,E
1000,40.19,17.21,G
1000,40.19,18.01,E
1000,40.19,19.73,E
1000,40.19,22.49,E
1000,40.19,24.41,E
1000,40.19,24.64,E
1000,40.19,27.56,E
1000,40.19,30.74,E
1000,40.2,1.04,E
1000,40.2,2.55,E
1000,40.2,5.92,E
1000,40.2,8.22,E
1000,40.2,10,E
1000,40.2,12.37,E
1000,40.2,13.11,E
1000,40.2,14.72,E
1000,40.2,17.41,E
1000,40.2,19.1,E
1000,40.2,20.51,E
1000,40.2,21.77,E
1000,40.2,25.26,E
1000,40.2,25.84,E
1000,40.2,27.64,E
1000,40.21,39.72,G
1000,40.23,16.51,F
1000,40.23,35.03,F
1000,40.23,35.72,F
1000,40.42,34.45,E
1000,40.46,0,E
1000,40.46,0.52,E
1000,40.46,1.13,E
1000,40.46,1.25,E
1000,40.46,1.88,E
1000,40.46,2.4,E
1000,40.46,2.84,E
1000,40.46,2.91,E
1000,40.46,4.5,E
1000,40.46,7.18,E
1000,40.46,7.22,E
1000,40.46,7.38,E
1000,40.46,7.66,E
1000,40.46,8.59,E
1000,40.46,8.85,E
1000,40.46,8.87,E
1000,40.46,8.9,E
1000,40.46,8.98,E
1000,40.46,9.64,E
1000,40.46,9.9,E
1000,40.46,10.52,E
1000,40.46,10.69,E
1000,40.46,10.76,E
1000,40.46,11.45,E
1000,40.46,11.82,E
1000,40.46,12.23,E
1000,40.46,12.71,E
1000,40.46,13.12,E
1000,40.46,14.27,E
1000,40.46,14.71,E
1000,40.46,15.19,E
1000,40.46,15.32,E
1000,40.46,15.35,E
1000,40.46,15.57,E
1000,40.46,15.58,E
1000,40.46,15.62,E
1000,40.46,15.78,E
1000,40.46,16.18,E
1000,40.46,16.33,E
1000,40.46,16.58,E
1000,40.46,16.6,E
1000,40.46,17.37,E
1000,40.46,17.76,E
1000,40.46,18.39,E
1000,40.46,18.45,E
1000,40.46,18.5,E
1000,40.46,18.65,E
1000,40.46,18.76,E
1000,40.46,19.1,E
1000,40.46,19.25,E
1000,40.46,20.02,E
1000,40.46,20.41,E
1000,40.46,20.55,E
1000,40.46,20.82,E
1000,40.46,21.87,E
1000,40.46,21.91,E
1000,40.46,23.48,E
1000,40.46,23.65,E
1000,40.46,24.17,E
1000,40.46,24.28,E
1000,40.46,25.23,E
1000,40.46,25.77,E
1000,40.46,26.15,E
1000,40.46,26.24,E
1000,40.46,26.64,E
1000,40.46,26.73,E
1000,40.46,27.54,E
1000,40.46,27.79,E
1000,40.46,31.51,E
1000,40.46,32.28,E
1000,40.46,35.81,E
1000,40.46,39.2,E
1000,40.71,0,E
1000,40.71,1.32,E
1000,40.71,1.56,E
1000,40.71,4.12,E
1000,40.71,8.13,E
1000,40.71,8.96,E
1000,40.71,9.31,E
1000,40.71,12.97,E
1000,40.71,14.09,E
1000,40.71,15.49,E
1000,40.71,15.75,E
1000,40.71,18.28,E
1000,40.71,18.61,E
1000,40.71,18.68,E
1000,40.71,21.56,E
1000,40.71,22.84,E
1000,40.71,23.88,E
1000,40.71,28.57,E
1000,40.71,29.52,E
1000,40.71,30.76,E
1000,40.71,34.77,E
1000,40.98,0.45,E
1000,40.98,0.5,E
1000,40.98,0.53,E
1000,40.98,0.55,E
1000,40.98,0.67,E
1000,40.98,0.79,E
1000,40.98,0.93,E
1000,40.98,0.96,E
1000,40.98,1.21,E
1000,40.98,1.36,E
1000,40.98,2.06,E
1000,40.98,2.16,E
1000,40.98,2.19,E
1000,40.98,2.43,E
1000,40.98,2.81,E
1000,40.98,2.88,E
1000,40.98,3.01,E
1000,40.98,3.15,E
1000,40.98,3.52,E
1000,40.98,4.47,E
1000,40.98,4.69,E
1000,40.98,4.8,E
1000,40.98,5.36,E
1000,40.98,5.57,E
1000,40.98,5.64,E
1000,40.98,6.51,E
1000,40.98,6.56,E
1000,40.98,7.77,E
1000,40.98,8.07,E
1000,40.98,8.98,E
1000,40.98,9.22,E
1000,40.98,9.25,E
1000,40.98,10.29,E
1000,40.98,10.32,E
1000,40.98,10.47,E
1000,40.98,11.56,E
1000,40.98,11.63,E
1000,40.98,11.78,E
1000,40.98,11.84,E
1000,40.98,12.6,E
1000,40.98,12.72,E
1000,40.98,13.27,E
1000,40.98,13.65,E
1000,40.98,14,E
1000,40.98,14.81,E
1000,40.98,16.13,E
1000,40.98,17.03,E
1000,40.98,17.13,E
1000,40.98,17.36,E
1000,40.98,18,E
1000,40.98,18.97,E
1000,40.98,19.4,E
1000,40.98,19.49,E
1000,40.98,19.63,E
1000,40.98,20.38,E
1000,40.98,20.54,E
1000,40.98,20.72,E
1000,40.98,21.55,E
1000,40.98,22.64,E
1000,40.98,22.85,E
1000,40.98,22.92,E
1000,40.98,23.54,E
1000,40.98,24.5,E
1000,40.98,24.63,E
1000,40.98,25.11,E
1000,40.98,25.39,E
1000,40.98,25.5,E
1000,40.98,26.26,E
1000,40.98,27.21,E
1000,40.98,28.03,E
1000,40.98,29.82,E
1000,40.98,30.5,E
1000,40.98,34.03,E
1000,40.98,34.32,E
1000,40.98,35.83,E
1000,40.98,37.26,E
1000,40.98,37.59,E
1000,40.98,39.54,E
1000,41.01,13.37,G
1000,41.01,27.36,G
1000,41.76,1.02,F
1000,41.76,1.36,F
1000,41.76,8.06,F
1000,41.76,9.18,F
1000,41.76,9.58,F
1000,41.76,11.08,F
1000,41.76,13.8,F
1000,41.76,15.97,F
1000,41.76,16.25,F
1000,41.76,16.83,F
1000,41.76,17,F
1000,41.76,17.4,F
1000,41.76,18.5,F
1000,41.76,22.62,F
1000,41.76,22.63,F
1000,41.76,22.99,F
1000,41.76,25.51,F
1000,41.76,25.84,F
1000,41.76,27.2,F
1000,41.76,27.28,F
1000,41.76,27.88,F
1000,41.76,29.7,F
1000,41.76,33.52,F
1000,41.76,38.74,F
1000,42.18,21.25,F
1000,42.29,0,F
1000,42.29,0.6,F
1000,42.29,1.64,F
1000,42.29,2.67,F
1000,42.29,3.46,F
1000,42.29,5.91,F
1000,42.29,6.75,F
1000,42.29,7.76,F
1000,42.29,10.23,F
1000,42.29,11.58,F
1000,42.29,12.69,F
1000,42.29,14.19,F
1000,42.29,15,F
1000,42.29,15.52,F
1000,42.29,17.52,F
1000,42.29,21.12,F
1000,42.29,23.73,F
1000,42.29,27.39,F
1000,42.29,30.61,F
1000,42.29,39.33,F
1000,42.45,24.93,F
1000,42.55,2.5,F
1000,42.55,2.64,F
1000,42.55,6.68,F
1000,42.55,20.34,F
1000,42.55,20.91,F
1000,42.55,23.1,F
1000,42.55,28.43,F
1000,42.55,28.65,F
1000,42.73,16.76,F
1000,42.73,18.07,F
1000,42.81,0,F
1000,42.81,0.97,F
1000,42.81,1.37,F
1000,42.81,2.12,F
1000,42.81,2.85,F
1000,42.81,2.98,F
1000,42.81,3.23,F
1000,42.81,6.47,F
1000,42.81,8.03,F
1000,42.81,8.5,F
1000,42.81,8.85,F
1000,42.81,12.34,F
1000,42.81,13.28,F
1000,42.81,15.57,F
1000,42.81,16.13,F
1000,42.81,19.47,F
1000,42.81,26.7,F
1000,42.81,28.23,F
1000,42.81,29.66,F
1000,42.81,29.9,F
1000,42.81,37.77,F
1000,42.81,38.07,F
1000,42.81,39.86,F
1000,42.87,0,F
1000,42.87,3.13,F
1000,42.87,4.44,F
1000,42.87,10.36,F
1000,42.87,12.76,F
1000,42.87,14.7,F
1000,42.87,17.31,F
1000,42.87,19.9,F
1000,42.87,20.45,F
1000,42.87,20.75,F
1000,42.87,22.8,F
1000,42.87,23.74,F
1000,42.87,25.14,F
1000,42.87,30,F
1000,42.87,31.6,F
1000,42.87,36.67,F
1000,42.89,2.79,G
1000,42.89,3.55,G
1000,42.89,9.98,G
1000,42.89,11.04,G
1000,42.89,12.21,G
1000,42.89,16.4,G
1000,42.89,17.86,G
1000,42.89,20.3,G
1000,42.89,23.52,G
1000,42.89,23.56,G
1000,42.89,23.96,G
1000,42.89,26.25,G
1000,42.89,27.58,G
1000,42.89,29.08,G
1000,42.92,0,G
1000,42.92,1.43,G
1000,42.92,1.55,G
1000,42.92,2.05,G
1000,42.92,4.62,G
1000,42.92,7.82,G
1000,42.92,9.47,G
1000,42.92,10.4,G
1000,42.92,10.7,G
1000,42.92,17.05,G
1000,42.92,27.01,G
1000,42.92,30.27,G
1000,42.92,32.27,G
1000,42.92,35.6,G
1000,42.92,39.08,G
1000,42.97,4.83,G
1025,31.28,14.73,A
1025,31.95,13.39,A
1025,33.04,14.33,B
1025,33.05,25.51,B
1025,33.59,26.02,B
1025,33.73,20.4,C
1025,33.75,14.83,B
1025,33.78,28.23,B
1025,33.8,11.03,B
1025,33.95,20.92,B
1025,34.04,20.23,B
1025,34.35,21.46,C
1025,34.35,21.61,C
1025,34.39,6.15,C
1025,34.6,23.89,B
1025,34.78,28.89,C
1025,34.83,19.72,C
1025,34.87,12.8,C
1025,35.27,39.7,C
1025,35.53,10.37,C
1025,35.53,20.49,C
1025,35.53,22.65,C
1025,35.56,32.09,C
1025,35.69,32.45,C
1025,35.78,24.46,C
1025,36.04,31.4,C
1025,36.34,14.27,D
1025,37.34,16.65,E
1025,37.59,11.55,D
1025,37.8,19.17,D
1025,38.1,30.43,D
1025,40.49,27.81,F
1025,41.2,2.95,E
1025,41.47,13.31,E
1025,43.61,28.33,F
1050,32.06,1.38,A
1050,32.29,2.72,A
1050,32.42,9.4,A
1050,32.59,14.25,A
1050,32.67,15.85,A
1050,32.89,25.84,A
1050,33.13,28.49,A
1050,33.15,20.12,A
1050,33.35,4.53,A
1050,33.61,6.21,B
1050,33.85,12.11,B
1050,33.85,20.22,B
1050,34.33,19.97,B
1050,34.64,6.34,B
1050,34.64,17.16,B
1050,35.18,26.33,C
1050,35.19,2.5,C
1050,35.19,24.79,C
1050,35.25,17.2,C
1050,35.31,14.36,B
1050,35.32,25.43,C
1050,35.38,27.47,C
1050,35.55,20.73,C
1050,35.56,32.81,C
1050,35.61,20.94,C
1050,35.63,16.08,C
1050,35.88,18.3,C
1050,35.89,11.95,C
1050,35.89,19.48,C
1050,36.14,32.98,C
1050,36.26,14.77,C
1050,36.41,6.13,C
1050,36.66,31.46,C
1050,36.72,18.11,D
1050,36.72,20.7,C
1050,36.72,29.97,D
1050,36.8,27.38,D
1050,36.91,17.36,C
1050,36.93,16.25,C
1050,37.44,14.82,D
1050,37.49,26.9,D
1050,37.58,18,D
1050,38,1,D
1050,38,5.38,D
1050,38,20.8,D
1050,38.1,38.54,E
1050,38.51,14.74,D
1050,38.77,29.91,E
1050,38.78,8.15,D
1050,39.81,10,D
1050,39.81,17.28,D
1050,41.75,38.84,F
1050,43.85,23.18,F
1075,32.61,5.24,A
1075,33.69,12.53,A
1075,34.59,3.82,B
1075,35.15,22.71,B
1075,35.19,16.99,B
1075,35.42,20.22,B
1075,35.57,19.2,C
1075,35.61,37.83,B
1075,35.71,11.57,C
1075,35.71,12.84,C
1075,35.86,13.4,C
1075,36.03,17.78,C
1075,36.74,29.33,C
1075,36.74,34.29,C
1075,37,27.49,C
1075,37.81,32.04,C
1075,37.93,8.55,C
1075,38.09,29.5,D
1075,38.11,42.76,D
1075,38.48,38.58,D
1075,39.38,2.64,D
1075,39.4,3.39,D
1075,39.43,38.11,D
1075,41.05,19.2,F
1100,25.16,13.81,C
1100,25.44,22.5,C
1100,26.51,2.09,D
1100,33.13,2.73,A
1100,33.13,14.04,A
1100,33.13,17.87,A
1100,33.13,19.17,A
1100,33.13,21.1,A
1100,33.13,23.31,A
1100,33.5,6.09,A
1100,33.5,22.43,A
1100,33.52,6.57,A
1100,33.56,12.5,A
1100,33.56,13.3,A
1100,33.71,1.94,A
1100,33.71,10.87,A
1100,33.71,10.98,A
1100,33.78,12.47,A
1100,33.78,12.95,A
1100,33.8,10.5,A
1100,33.8,10.6,A
1100,33.82,14.35,A
1100,33.83,8.51,A
1100,33.85,0.21,A
1100,33.96,7.22,A
1100,33.96,8.91,A
1100,34.01,9.75,A
1100,34.01,21.29,A
1100,34.08,12.07,A
1100,34.08,15.89,A
1100,34.08,25.59,A
1100,34.14,29.12,A
1100,34.15,12.26,A
1100,34.15,22.68,A
1100,34.17,28.2,A
1100,34.22,12.06,A
1100,34.25,13.43,A
1100,34.32,1.71,A
1100,34.32,6.53,A
1100,34.39,9.53,A
1100,34.39,27.17,A
1100,34.39,30.62,A
1100,34.42,3.71,A
1100,34.46,12.29,A
1100,34.46,13.84,A
1100,34.46,15.34,A
1100,34.46,16.37,A
1100,34.47,23.48,A
1100,34.47,32.28,A
1100,34.52,28.17,A
1100,34.6,5.16,B
1100,34.6,21.34,B
1100,34.67,23.9,B
1100,34.71,0.43,A
1100,34.71,9.48,A
1100,34.71,15.06,A
1100,34.71,16.11,A
1100,34.71,22.8,A
1100,35.07,7.07,B
1100,35.07,18.63,B
1100,35.21,5.54,B
1100,35.21,7.51,B
1100,35.21,7.66,B
1100,35.21,23.04,B
1100,35.33,19.33,B
1100,35.33,23.55,B
1100,35.46,4.13,B
1100,35.46,12.34,B
1100,35.46,21.83,B
1100,35.49,9.95,B
1100,35.58,21.79,B
1100,35.67,4.42,B
1100,35.72,11.54,B
1100,35.72,25.07,B
1100,35.74,15.36,B
1100,35.75,9.6,B
1100,35.75,10.67,B
1100,35.75,14.76,B
1100,35.87,12.75,B
1100,35.89,12.43,B
1100,35.97,5.98,B
1100,35.97,14.66,B
1100,36.01,8.93,B
1100,36.01,21.43,B
1100,36.01,25.41,B
1100,36.04,8.27,B
1100,36.04,11.73,B
1100,36.04,12.17,B
1100,36.22,18.71,B
1100,36.25,6.92,B
1100,36.25,10.34,B
1100,36.25,18.25,B
1100,36.25,21.48,B
1100,36.25,34.97,B
1100,36.27,12.06,B
1100,36.27,21.25,B
1100,36.29,8.78,B
1100,36.29,9.24,B
1100,36.29,12.3,B
1100,36.3,7.59,B
1100,36.54,6.54,B
1100,36.54,11.62,B
1100,36.54,16.62,B
1100,36.54,19.25,B
1100,36.54,28.11,B
1100,36.54,28.8,C
1100,36.54,29.2,B
1100,36.6,4.45,B
1100,36.6,28.82,B
1100,36.61,21.25,B
1100,36.69,20.48,C
1100,36.69,34.84,C
1100,36.75,20.2,C
1100,36.85,2.8,C
1100,36.86,9.62,C
1100,36.86,34.41,C
1100,36.87,22.39,C
1100,36.87,27.09,C
1100,36.87,30.18,C
1100,36.87,32.88,C
1100,36.9,8.35,C
1100,36.9,11.95,C
1100,36.9,14.55,C
1100,36.9,22.56,C
1100,36.93,5.27,C
1100,36.93,16.38,C
1100,36.93,28.39,C
1100,36.93,30.91,C
1100,36.96,13.26,C
1100,36.96,14.11,C
1100,37.06,13.2,C
1100,37.06,14.69,C
1100,37.06,15.25,B
1100,37.06,20.53,C
1100,37.1,9.15,C
1100,37.24,8,C
1100,37.24,25.72,C
1100,37.24,37.26,C
1100,37.33,10.32,C
1100,37.33,12.84,C
1100,37.33,16.22,C
1100,37.33,17.4,C
1100,37.33,21.21,C
1100,37.33,24.15,C
1100,37.33,32.87,C
1100,37.37,5.15,C
1100,37.37,20.05,C
1100,37.38,8.4,C
1100,37.38,21.88,C
1100,37.38,28.29,C
1100,37.41,24.57,C
1100,37.42,15.65,C
1100,37.42,27.42,C
1100,37.59,22.87,C
1100,37.6,5.89,C
1100,37.6,8.22,C
1100,37.6,14.95,C
1100,37.6,19.58,C
1100,37.6,21.2,C
1100,37.6,23.06,C
1100,37.6,31.47,C
1100,37.64,5.69,C
1100,37.64,6.22,C
1100,37.64,25.71,C
1100,37.65,19.42,B
1100,37.69,27.26,C
1100,37.85,16.56,C
1100,37.85,22.24,C
1100,37.95,12.2,C
1100,38.06,7.34,C
1100,38.13,17.07,C
1100,38.13,28.56,C
1100,38.15,4.62,C
1100,38.15,11.76,C
1100,38.16,25.56,C
1100,38.16,27.26,C
1100,38.16,33.96,C
1100,38.3,31.19,C
1100,38.3,31.55,C
1100,38.46,16.42,C
1100,38.46,17.82,D
1100,38.46,20.56,C
1100,38.47,5.37,D
1100,38.47,22.54,D
1100,38.47,28.86,D
1100,38.67,22.76,C
1100,38.67,28.71,C
1100,38.69,1.83,C
1100,38.69,17.16,C
1100,38.69,28.77,C
1100,38.84,23.61,D
1100,38.93,13.57,C
1100,38.98,10.04,D
1100,38.98,17.16,D
1100,38.98,19.1,D
1100,38.98,24.34,D
1100,39.17,7.71,C
1100,39.17,32.52,C
1100,39.22,3.79,D
1100,39.22,16.56,D
1100,39.22,16.9,D
1100,39.22,25.07,D
1100,39.37,13.56,C
1100,39.37,36.23,D
1100,39.54,18.44,D
1100,39.54,20.59,D
1100,39.54,23.34,D
1100,39.54,26.44,D
1100,39.54,30.22,D
1100,39.7,15.6,D
1100,39.7,19.36,D
1100,39.76,11.9,D
1100,39.77,34.8,D
1100,39.81,13.71,D
1100,39.81,28.81,D
1100,40.02,20.21,D
1100,40.02,35.84,D
1100,40.07,7.59,E
1100,40.07,22.55,E
1100,40.34,28.32,D
1100,40.44,7.84,D
1100,40.56,27.31,D
1100,40.56,30.08,D
1100,40.73,4.8,D
1100,40.84,16.66,D
1100,40.84,18.9,D
1100,40.84,26.69,D
1100,40.84,34.93,D
1100,40.88,7.92,D
1100,40.88,17.71,D
1100,40.88,27.27,D
1100,41,12.65,D
1100,41.16,7.53,E
1100,41.7,9.28,D
1100,41.7,25.27,D
1100,41.72,21.79,E
1100,42.44,6.71,E
1100,42.53,17.29,E
1100,42.82,7.55,E
1100,42.82,12.02,E
1100,42.82,28.59,E
1100,42.99,20.98,F
1100,43.22,40.84,F
1100,43.38,12.98,E
1100,44.5,9.6,E
1100,44.51,1.58,E
1100,44.51,20.75,E
1100,45.07,10.37,E
1100,45.07,16.7,E
1100,47.09,1.91,F
1100,47.18,7.2,G
1100,47.27,33.85,G
1125,34.12,17.68,A
1125,34.88,23.25,A
1125,34.92,11.34,A
1125,35.2,24.84,A
1125,35.24,6.34,A
1125,35.38,22.84,B
1125,35.57,1.04,A
1125,36.7,26.89,B
1125,36.79,19.6,B
1125,36.83,27.92,B
1125,37.04,9.45,B
1125,37.12,8.14,B
1125,37.36,9.48,B
1125,37.37,19.82,C
1125,37.37,21.4,C
1125,37.44,10.25,B
1125,37.74,16.8,C
1125,37.91,25.87,B
1125,38.04,16.81,D
1125,38.72,6.53,C
1125,38.81,13.91,C
1125,38.81,22.61,C
1125,39,25.67,C
1125,39.34,18.18,D
1125,39.34,25.57,C
1125,39.55,18.69,C
1125,39.57,15.85,C
1125,40.19,26.98,D
1125,40.43,1.51,D
1125,40.6,34.81,D
1125,40.67,7.62,D
1125,40.71,26.21,D
1125,40.82,27.53,E
1125,41.1,12.62,D
1125,41.65,11.64,D
1125,41.99,16.98,D
1125,42.33,11.56,D
1125,44.19,32.48,F
1125,45,14.94,F
1125,45.03,3.65,E
1125,45.63,31.31,F
1150,35.12,22.12,A
1150,35.7,22.53,A
1150,35.96,4.38,A
1150,35.96,9.45,A
1150,35.98,6.85,A
1150,36.29,4.58,A
1150,36.81,8.1,B
1150,37.38,15.66,B
1150,37.63,7.75,B
1150,37.89,15.98,B
1150,37.95,9.29,B
1150,38.09,10.09,B
1150,38.19,0.79,B
1150,38.27,13.35,B
1150,39.08,6,C
1150,39.08,9.13,C
1150,39.08,26.45,C
1150,39.13,8.98,B
1150,39.36,15.11,B
1150,39.48,21.18,C
1150,39.57,32.18,C
1150,39.86,9.44,C
1150,40.75,11.42,D
1150,40.75,26.15,D
1150,41,1.17,D
1150,41,20.57,D
1150,41.16,1.54,C
1150,41.33,28.48,D
1150,41.45,23.67,D
1150,41.56,20.03,D
1150,41.61,11.26,D
1150,41.86,8.63,D
1150,42.12,2.77,D
1150,42.18,23.47,D
1150,42.28,34.81,D
1150,42.46,8.8,E
1150,42.74,14.53,D
1150,43.33,14.6,E
1150,43.83,10.3,D
1150,44.16,21.19,E
1150,44.52,14.94,F
1150,46.03,15.81,E
1150,46.03,19.68,E
1150,46.03,25.79,E
1150,46.49,26.83,E
1150,48.93,10.98,F
1175,36.8,15.47,A
1175,39.42,12.44,C
1175,39.78,21.16,C
1175,40.16,27.78,C
1175,40.21,34.51,C
1175,41.63,18.32,D
1175,42.6,17.76,E
1175,42.63,21.87,E
1175,42.8,31.58,E
1175,43.07,21.31,D
1175,43.39,9.64,E
1175,43.67,2.81,E
1175,43.67,31.62,D
1175,43.79,10.38,D
1175,43.86,11.57,D
1175,45.48,20.08,F
1200,14.01,16.24,D
1200,24.27,3.5,A
1200,25.28,11.95,B
1200,26.84,20.43,C
1200,27.07,4.56,C
1200,27.68,24.33,C
1200,28.5,21.21,D
1200,28.69,17.97,D
1200,28.75,21.21,C
1200,28.92,0,D
1200,29.44,12.27,E
1200,29.47,10.54,E
1200,31.93,7.83,D
1200,32,13.68,D
1200,33.13,16.7,E
1200,33.13,30,E
1200,34.36,12.12,F
1200,34.88,23.7,F
1200,35.11,13.75,G
1200,35.42,16.12,F
1200,35.59,38.43,D
1200,35.63,0.53,F
1200,36.14,3.16,A
1200,36.14,3.62,A
1200,36.14,4.28,A
1200,36.14,5.28,A
1200,36.14,5.8,A
1200,36.14,7.02,A
1200,36.14,7.85,A
1200,36.14,9.17,A
1200,36.14,9.65,A
1200,36.14,10,A
1200,36.14,10.45,A
1200,36.14,10.51,A
1200,36.14,12,A
1200,36.14,12.73,A
1200,36.14,13.83,A
1200,36.14,15.11,A
1200,36.14,15.21,A
1200,36.14,15.25,A
1200,36.14,15.7,A
1200,36.14,15.98,A
1200,36.14,16.26,A
1200,36.14,16.53,A
1200,36.14,18.93,A
1200,36.14,20.23,A
1200,36.14,21.56,A
1200,36.14,22.16,A
1200,36.14,22.32,A
1200,36.14,22.63,A
1200,36.14,25.06,A
1200,36.14,25.9,A
1200,36.14,28.08,A
1200,36.14,28.69,A
1200,36.14,29.52,A
1200,36.2,12.93,A
1200,36.51,22.28,A
1200,36.53,1.97,A
1200,36.53,4.36,A
1200,36.53,15.08,A
1200,36.53,20.16,A
1200,36.55,2.06,A
1200,36.55,2.18,A
1200,36.55,4.81,A
1200,36.55,7.48,A
1200,36.55,7.94,A
1200,36.55,8.81,A
1200,36.55,8.93,A
1200,36.55,10.21,A
1200,36.55,12.88,A
1200,36.55,13.38,A
1200,36.55,14.5,A
1200,36.55,17.1,A
1200,36.55,23.92,A
1200,36.55,29.85,A
1200,36.57,1.65,A
1200,36.57,1.79,A
1200,36.57,2.01,A
1200,36.57,11.52,A
1200,36.61,1.1,A
1200,36.61,3.56,A
1200,36.61,16.94,A
1200,36.61,17.2,A
1200,36.61,21.49,A
1200,36.64,13.34,A
1200,36.64,14.38,A
1200,36.64,29.36,A
1200,36.64,29.69,A
1200,36.72,17.64,A
1200,36.76,16.47,A
1200,36.76,25.68,A
1200,36.78,2.38,A
1200,36.78,13.76,A
1200,36.78,27.56,A
1200,36.81,9.5,A
1200,36.85,7.51,A
1200,36.85,8.43,A
1200,36.85,12.81,A
1200,36.85,16.8,A
1200,36.85,17.69,A
1200,36.85,21.69,A
1200,36.88,2.04,A
1200,36.88,5.82,A
1200,36.88,7.2,A
1200,36.88,9.45,A
1200,36.88,12.28,A
1200,36.88,12.6,A
1200,36.88,14.66,A
1200,36.88,17.3,A
1200,36.88,22.78,A
1200,36.88,36.27,A
1200,36.9,0.76,A
1200,36.9,1.03,A
1200,36.9,1.63,A
1200,36.9,2.44,A
1200,36.9,3.58,A
1200,36.9,8.87,A
1200,36.9,10.89,A
1200,36.9,15.05,A
1200,36.9,15.8,A
1200,36.9,16.12,A
1200,36.9,17.59,A
1200,36.9,19.77,A
1200,36.9,24.58,A
1200,36.9,27.46,A
1200,36.9,30.24,A
1200,36.9,34.65,A
1200,36.9,74.38,A
1200,36.93,3.04,A
1200,36.93,17.45,A
1200,36.93,17.98,A
1200,36.96,4.74,A
1200,36.96,4.75,A
1200,36.96,8.73,A
1200,36.96,16.58,A
1200,37,3.1,A
1200,37,16.05,A
1200,37,19.41,A
1200,37,19.65,A
1200,37,23.56,A
1200,37,32.57,A
1200,37.01,9.29,A
1200,37.01,10.91,A
1200,37.01,22.46,A
1200,37.04,11.44,A
1200,37.04,15.1,A
1200,37.04,20.92,A
1200,37.04,25.42,A
1200,37.05,0.66,A
1200,37.05,3.87,A
1200,37.05,6.52,A
1200,37.05,6.67,A
1200,37.05,10.6,A
1200,37.05,11.47,A
1200,37.05,12.27,A
1200,37.05,12.94,A
1200,37.05,13.1,A
1200,37.05,13.75,A
1200,37.05,14.15,A
1200,37.05,15.02,A
1200,37.05,17.34,A
1200,37.05,17.82,A
1200,37.05,18.21,A
1200,37.05,18.78,A
1200,37.05,20.23,A
1200,37.05,20.64,A
1200,37.05,21.31,A
1200,37.05,22.02,A
1200,37.05,23.1,A
1200,37.05,26.88,A
1200,37.07,14.67,A
1200,37.07,16.28,A
1200,37.07,26.09,A
1200,37.1,2.87,A
1200,37.1,4.26,A
1200,37.1,5.39,A
1200,37.1,5.77,A
1200,37.1,6.46,A
1200,37.1,6.78,A
1200,37.1,11,A
1200,37.1,11.43,A
1200,37.1,12.37,A
1200,37.1,13.04,A
1200,37.1,14.88,A
1200,37.1,15.73,A
1200,37.1,17.32,A
1200,37.1,27.5,A
1200,37.12,13.07,A
1200,37.12,17.56,A
1200,37.13,3.17,A
1200,37.13,12.08,A
1200,37.17,1.23,A
1200,37.17,4.25,A
1200,37.17,5.37,A
1200,37.17,5.4,A
1200,37.17,5.78,A
1200,37.17,6,A
1200,37.17,6.09,A
1200,37.17,6.14,A
1200,37.17,6.77,A
1200,37.17,7.28,A
1200,37.17,9.37,A
1200,37.17,10.89,A
1200,37.17,11.31,A
1200,37.17,11.58,A
1200,37.17,12.23,A
1200,37.17,12.57,A
1200,37.17,14.55,A
1200,37.17,14.75,A
1200,37.17,16.3,A
1200,37.17,16.32,A
1200,37.17,17.29,A
1200,37.17,17.94,A
1200,37.17,18.51,A
1200,37.17,24.25,A
1200,37.17,25.8,A
1200,37.17,27.64,A
1200,37.17,28.66,A
1200,37.17,28.74,A
1200,37.17,29.16,A
1200,37.17,29.52,A
1200,37.17,29.66,A
1200,37.19,8.98,A
1200,37.19,9.1,A
1200,37.19,12.75,A
1200,37.19,15.27,A
1200,37.19,24.92,A
1200,37.19,25.02,A
1200,37.19,26.21,A
1200,37.2,15.96,A
1200,37.22,4.09,A
1200,37.22,23.01,A
1200,37.22,25.5,A
1200,37.22,26.83,A
1200,37.24,5.78,A
1200,37.24,5.88,A
1200,37.24,10.93,A
1200,37.24,16.65,A
1200,37.24,19.14,A
1200,37.24,19.46,A
1200,37.24,23.35,A
1200,37.24,24.33,A
1200,37.24,26.62,A
1200,37.25,0.35,A
1200,37.25,0.7,A
1200,37.25,3.28,A
1200,37.25,3.7,A
1200,37.25,4.1,A
1200,37.25,4.26,A
1200,37.25,9.25,A
1200,37.25,9.97,A
1200,37.25,10.59,A
1200,37.25,12.59,A
1200,37.25,12.84,A
1200,37.25,15.76,A
1200,37.25,16.4,A
1200,37.25,17.6,A
1200,37.25,17.72,A
1200,37.25,19.97,A
1200,37.25,20.47,A
1200,37.25,20.57,A
1200,37.25,20.63,A
1200,37.25,20.8,A
1200,37.25,20.81,A
1200,37.25,21.08,A
1200,37.25,21.33,A
1200,37.25,21.73,A
1200,37.25,22.74,A
1200,37.25,24.21,A
1200,37.25,24.55,A
1200,37.25,24.74,A
1200,37.25,25.22,A
1200,37.25,25.69,A
1200,37.25,28.25,A
1200,37.25,29.92,A
1200,37.25,30.16,A
1200,37.25,33.01,A
1200,37.27,0.54,A
1200,37.27,1.03,A
1200,37.27,6.87,A
1200,37.27,11.49,A
1200,37.27,12.4,A
1200,37.28,6.8,A
1200,37.31,1.15,A
1200,37.31,2.93,A
1200,37.31,6,A
1200,37.31,8.94,A
1200,37.31,12.4,A
1200,37.31,12.74,A
1200,37.31,13.04,A
1200,37.31,23.18,A
1200,37.33,0.05,A
1200,37.33,3.08,A
1200,37.33,3.84,A
1200,37.33,6.24,A
1200,37.33,11.27,A
1200,37.33,12.22,A
1200,37.33,13.69,A
1200,37.33,14.43,A
1200,37.33,15.32,A
1200,37.33,16.91,A
1200,37.33,17.34,A
1200,37.33,17.88,A
1200,37.33,18.28,A
1200,37.33,20.96,A
1200,37.33,24.46,A
1200,37.33,24.66,A
1200,37.33,29.6,A
1200,37.34,8.47,A
1200,37.34,16.57,A
1200,37.37,9.11,A
1200,37.37,9.4,A
1200,37.38,5.51,A
1200,37.38,9.91,A
1200,37.38,15.71,A
1200,37.38,16.14,A
1200,37.38,19.01,A
1200,37.38,20.08,A
1200,37.38,22.2,A
1200,37.4,3.19,A
1200,37.4,4.94,A
1200,37.4,8.69,A
1200,37.4,11.32,A
1200,37.4,13.07,A
1200,37.4,14.8,A
1200,37.42,3.66,A
1200,37.42,27.35,A
1200,37.43,14.93,A
1200,37.44,16.35,A
1200,37.44,18.1,A
1200,37.52,2.98,A
1200,37.52,4.8,A
1200,37.52,7.42,A
1200,37.52,8.63,A
1200,37.52,8.9,A
1200,37.52,9.69,A
1200,37.52,11.17,A
1200,37.52,12.93,A
1200,37.52,13.09,A
1200,37.52,13.29,A
1200,37.52,15.49,A
1200,37.52,17.82,A
1200,37.52,18.13,A
1200,37.52,23.01,A
1200,37.52,23.2,A
1200,37.52,25.76,A
1200,37.54,10.11,A
1200,37.54,15.96,A
1200,37.55,3.71,A
1200,37.55,4.58,A
1200,37.55,6.32,A
1200,37.55,6.92,A
1200,37.55,7.44,A
1200,37.55,9.75,A
1200,37.55,10,A
1200,37.55,10.78,A
1200,37.55,10.81,A
1200,37.55,12.13,A
1200,37.55,13,A
1200,37.55,13.77,A
1200,37.55,14.81,A
1200,37.55,14.86,A
1200,37.55,14.95,A
1200,37.55,16.5,A
1200,37.55,16.91,A
1200,37.55,17.4,A
1200,37.55,17.88,A
1200,37.55,18.88,A
1200,37.55,19.76,A
1200,37.55,22.71,A
1200,37.55,23.51,A
1200,37.55,23.78,A
1200,37.55,23.87,A
1200,37.55,24.38,A
1200,37.55,24.4,A
1200,37.55,26.29,A
1200,37.55,29.26,A
1200,37.55,33.55,A
1200,37.56,11.69,A
1200,37.59,0,A
1200,37.59,0.9,A
1200,37.59,5.04,A
1200,37.59,5.29,A
1200,37.59,5.68,A
1200,37.59,5.92,A
1200,37.59,7.15,A
1200,37.59,7.94,A
1200,37.59,9.07,A
1200,37.59,9.18,A
1200,37.59,9.56,A
1200,37.59,9.75,A
1200,37.59,9.96,A
1200,37.59,11.38,A
1200,37.59,11.74,A
1200,37.59,11.88,A
1200,37.59,12.62,A
1200,37.59,12.72,A
1200,37.59,13.33,A
1200,37.59,13.73,A
1200,37.59,13.99,A
1200,37.59,14.25,A
1200,37.59,14.94,A
1200,37.59,15.47,A
1200,37.59,15.97,A
1200,37.59,17.55,A
1200,37.59,18.98,A
1200,37.59,19.05,A
1200,37.59,19.18,A
1200,37.59,19.4,A
1200,37.59,19.63,A
1200,37.59,20.28,A
1200,37.59,22.68,A
1200,37.59,23.07,A
1200,37.59,25.49,A
1200,37.59,25.61,A
1200,37.59,25.62,A
1200,37.59,25.77,A
1200,37.59,26.53,A
1200,37.59,26.66,A
1200,37.59,26.96,A
1200,37.59,28.44,A
1200,37.59,29.28,A
1200,37.59,30.24,A
1200,37.59,30.32,A
1200,37.59,30.67,A
1200,37.59,31.41,A
1200,37.59,32.45,A
1200,37.59,32.68,A
1200,37.6,2.2,A
1200,37.6,8.85,A
1200,37.6,9.36,A
1200,37.6,10.68,A
1200,37.6,11.2,A
1200,37.6,12.5,A
1200,37.6,12.6,A
1200,37.6,13.5,A
1200,37.6,14.18,A
1200,37.6,17.34,A
1200,37.6,19.54,A
1200,37.6,20.66,A
1200,37.6,23.19,A
1200,37.6,34.42,A
1200,37.61,2.43,A
1200,37.61,7.26,A
1200,37.61,18.78,A
1200,37.65,3.17,A
1200,37.65,9.03,A
1200,37.65,12.6,A
1200,37.65,13.2,A
1200,37.65,14.08,A
1200,37.65,14.55,A
1200,37.71,2.4,A
1200,37.71,2.44,B
1200,37.71,5.67,A
1200,37.71,7.56,B
1200,37.71,7.84,A
1200,37.71,7.87,B
1200,37.71,9.39,B
1200,37.71,10.65,B
1200,37.71,10.8,B
1200,37.71,12.19,A
1200,37.71,12.7,B
1200,37.71,14.78,A
1200,37.71,15.91,B
1200,37.71,16.1,A
1200,37.71,16.35,B
1200,37.71,16.86,B
1200,37.71,17.85,B
1200,37.71,18.96,B
1200,37.71,19.45,B
1200,37.71,20.02,B
1200,37.71,20.21,B
1200,37.71,20.29,B
1200,37.71,21.35,B
1200,37.71,21.96,A
1200,37.71,22.58,B
1200,37.71,23.17,B
1200,37.71,29.29,B
1200,37.71,34.04,A
1200,37.71,39.06,B
1200,37.74,4.62,B
1200,37.74,5.01,B
1200,37.74,5.92,B
1200,37.74,8.96,B
1200,37.74,9.04,B
1200,37.74,9.42,B
1200,37.74,9.67,B
1200,37.74,9.69,B
1200,37.74,10.71,B
1200,37.74,10.87,B
1200,37.74,11.94,B
1200,37.74,12.11,B
1200,37.74,12.59,B
1200,37.74,14.17,B
1200,37.74,15.05,B
1200,37.74,16.64,B
1200,37.74,16.67,B
1200,37.74,18.07,B
1200,37.74,18.56,B
1200,37.74,19.12,B
1200,37.74,19.19,B
1200,37.74,19.77,B
1200,37.74,20.1,B
1200,37.74,20.44,B
1200,37.74,21.05,B
1200,37.74,21.44,B
1200,37.74,23.44,B
1200,37.74,24.08,B
1200,37.74,24.91,B
1200,37.74,27.12,B
1200,37.74,29.19,B
1200,37.74,29.86,B
1200,37.74,30.42,B
1200,37.74,30.57,B
1200,37.74,34.9,B
1200,37.79,3.42,A
1200,37.82,5.52,B
1200,37.82,10.91,B
1200,37.82,15.62,A
1200,37.82,17.44,B
1200,37.82,19.6,B
1200,37.82,24.6,B
1200,37.86,6.1,A
1200,37.86,6.62,A
1200,37.86,8.95,A
1200,37.86,12.57,A
1200,37.86,14.3,A
1200,37.86,14.73,A
1200,37.86,15.76,A
1200,37.86,16.93,A
1200,37.86,18.18,A
1200,37.86,20,A
1200,37.86,20.22,A
1200,37.86,21.08,A
1200,37.86,21.49,A
1200,37.86,27.09,A
1200,37.86,75.33,A
1200,37.88,3.85,A
1200,37.88,19.46,B
1200,37.88,21.11,B
1200,37.94,0.53,A
1200,37.94,0.75,A
1200,37.94,8.16,A
1200,37.94,9.44,A
1200,37.94,12.6,A
1200,37.94,14.07,A
1200,37.94,18.91,A
1200,37.94,20.03,A
1200,37.94,28.09,A
1200,37.94,33.92,A
1200,37.98,10.77,B
1200,37.98,11,B
1200,37.98,17.65,B
1200,37.98,19.23,B
1200,37.98,27.26,B
1200,38.06,0.36,A
1200,38.06,7.23,A
1200,38.06,8.09,A
1200,38.06,9.22,A
1200,38.06,15.82,A
1200,38.06,17.07,A
1200,38.06,23.51,A
1200,38.06,32.88,A
1200,38.1,11.5,B
1200,38.11,9.15,A
1200,38.11,12.19,A
1200,38.11,14.77,A
1200,38.11,16.17,A
1200,38.11,17,A
1200,38.11,17.16,A
1200,38.11,18.05,A
1200,38.11,21.39,A
1200,38.11,22.42,A
1200,38.11,23.04,A
1200,38.11,23.62,A
1200,38.11,29.1,A
1200,38.13,22.9,A
1200,38.16,5.13,B
1200,38.16,6.44,B
1200,38.16,6.83,B
1200,38.16,8.25,B
1200,38.16,10.31,B
1200,38.16,11.5,B
1200,38.16,11.71,B
1200,38.16,15.17,B
1200,38.16,16.22,B
1200,38.16,18.16,B
1200,38.16,18.21,B
1200,38.16,18.63,B
1200,38.16,19.16,B
1200,38.16,22.35,B
1200,38.16,22.44,B
1200,38.16,31.22,B
1200,38.17,3.27,B
1200,38.25,0.32,B
1200,38.25,6.35,B
1200,38.25,8.79,B
1200,38.25,8.83,B
1200,38.25,10.51,B
1200,38.25,11.81,B
1200,38.25,14.27,B
1200,38.25,16.88,B
1200,38.25,18.37,B
1200,38.25,21.02,B
1200,38.25,23.13,B
1200,38.25,27.52,B
1200,38.25,27.58,B
1200,38.25,27.84,B
1200,38.25,29.45,B
1200,38.26,0.64,B
1200,38.26,1.22,B
1200,38.26,2.28,B
1200,38.26,2.64,B
1200,38.26,4.31,B
1200,38.26,5,B
1200,38.26,5.09,B
1200,38.26,6.38,B
1200,38.26,9.51,B
1200,38.26,11.79,B
1200,38.26,12.09,B
1200,38.26,13.81,B
1200,38.26,14.79,B
1200,38.26,15.44,B
1200,38.26,15.75,B
1200,38.26,17.69,B
1200,38.26,17.94,B
1200,38.26,18.91,B
1200,38.26,19.24,B
1200,38.26,19.72,B
1200,38.26,19.94,B
1200,38.26,21.24,B
1200,38.26,24.54,B
1200,38.26,25.72,B
1200,38.26,25.99,B
1200,38.26,26.93,B
1200,38.26,27.25,B
1200,38.26,32.18,B
1200,38.26,32.52,B
1200,38.41,0,B
1200,38.41,1.23,B
1200,38.41,5.22,B
1200,38.41,5.89,B
1200,38.41,6.8,B
1200,38.41,7.32,B
1200,38.41,7.98,B
1200,38.41,8.01,B
1200,38.41,8.21,B
1200,38.41,8.67,B
1200,38.41,9.65,B
1200,38.41,11.21,B
1200,38.41,11.52,B
1200,38.41,11.62,B
1200,38.41,12.12,B
1200,38.41,12.82,B
1200,38.41,12.86,B
1200,38.41,13.25,B
1200,38.41,13.85,B
1200,38.41,15.06,B
1200,38.41,15.56,B
1200,38.41,15.67,B
1200,38.41,16.96,B
1200,38.41,17.38,B
1200,38.41,17.89,B
1200,38.41,21.37,B
1200,38.41,21.58,B
1200,38.41,22.27,B
1200,38.41,22.93,B
1200,38.41,22.95,B
1200,38.41,23.41,B
1200,38.41,24.06,B
1200,38.41,24.98,B
1200,38.41,26.09,B
1200,38.41,27.28,B
1200,38.41,29.45,B
1200,38.41,30.12,B
1200,38.41,32.01,B
1200,38.41,33,B
1200,38.41,34.35,B
1200,38.41,43.28,B
1200,38.44,3.33,B
1200,38.44,4.87,B
1200,38.44,6.92,B
1200,38.44,7.3,B
1200,38.44,8.44,B
1200,38.44,9.51,B
1200,38.44,10.35,B
1200,38.44,10.79,B
1200,38.44,10.94,B
1200,38.44,11.09,B
1200,38.44,11.96,B
1200,38.44,12.46,B
1200,38.44,13.37,B
1200,38.44,14.15,B
1200,38.44,14.21,B
1200,38.44,14.42,B
1200,38.44,16.43,B
1200,38.44,17.05,B
1200,38.44,18.68,B
1200,38.44,21.65,B
1200,38.44,25.62,B
1200,38.44,25.77,B
1200,38.44,29.08,B
1200,38.44,31.89,B
1200,38.44,33.09,B
1200,38.49,2.07,B
1200,38.49,2.98,B
1200,38.49,3.16,B
1200,38.49,3.65,B
1200,38.49,14.32,B
1200,38.49,16.98,B
1200,38.49,17.69,B
1200,38.49,18.53,B
1200,38.49,20.07,B
1200,38.49,29.9,B
1200,38.51,10.19,B
1200,38.51,13.56,B
1200,38.52,16.67,A
1200,38.54,5.23,B
1200,38.54,21.32,B
1200,38.54,21.4,B
1200,38.56,21.06,B
1200,38.58,4.6,B
1200,38.58,6.26,B
1200,38.58,6.97,B
1200,38.58,8.29,B
1200,38.58,14.25,B
1200,38.58,17.64,B
1200,38.58,20.31,B
1200,38.58,21.91,B
1200,38.58,21.97,B
1200,38.58,23.95,B
1200,38.58,24.54,B
1200,38.58,25.26,B
1200,38.58,27.98,B
1200,38.58,29.53,B
1200,38.59,9.32,B
1200,38.59,12.33,B
1200,38.59,19.05,B
1200,38.59,20.56,B
1200,38.59,21.83,B
1200,38.59,22.42,B
1200,38.59,24.4,B
1200,38.59,27.46,B
1200,38.59,29.32,B
1200,38.61,5.45,B
1200,38.61,19.41,B
1200,38.61,21.78,B
1200,38.67,5.28,B
1200,38.67,9.18,B
1200,38.67,18.64,B
1200,38.68,7.71,B
1200,38.68,7.86,B
1200,38.68,14.21,B
1200,38.68,19.89,B
1200,38.68,26.4,B
1200,38.68,26.55,B
1200,38.68,26.7,B
1200,38.68,28.31,B
1200,38.68,64.83,B
1200,38.69,0.2,B
1200,38.69,1.02,B
1200,38.69,1.88,B
1200,38.69,2.09,B
1200,38.69,2.55,B
1200,38.69,2.97,B
1200,38.69,4.87,B
1200,38.69,5.67,B
1200,38.69,7.28,B
1200,38.69,7.32,B
1200,38.69,7.42,B
1200,38.69,7.63,B
1200,38.69,9.58,B
1200,38.69,10.28,B
1200,38.69,10.47,B
1200,38.69,10.85,B
1200,38.69,11.13,B
1200,38.69,11.33,B
1200,38.69,11.94,B
1200,38.69,12.19,B
1200,38.69,12.9,B
1200,38.69,13.3,B
1200,38.69,14.73,B
1200,38.69,14.78,B
1200,38.69,15.22,B
1200,38.69,15.25,B
1200,38.69,15.41,B
1200,38.69,15.6,B
1200,38.69,16.2,B
1200,38.69,16.71,B
1200,38.69,16.78,B
1200,38.69,16.88,B
1200,38.69,17.89,B
1200,38.69,18.11,B
1200,38.69,18.48,B
1200,38.69,19.33,B
1200,38.69,19.35,B
1200,38.69,19.65,B
1200,38.69,19.83,B
1200,38.69,21.1,B
1200,38.69,21.17,B
1200,38.69,22.18,B
1200,38.69,23.4,B
1200,38.69,24.11,B
1200,38.69,24.32,B
1200,38.69,26.21,B
1200,38.69,26.75,B
1200,38.69,27.36,B
1200,38.69,28.74,B
1200,38.69,29.84,B
1200,38.69,33.85,B
1200,38.69,48.85,B
1200,38.7,1.13,B
1200,38.72,1.74,B
1200,38.72,3.94,B
1200,38.72,9.45,B
1200,38.72,9.76,B
1200,38.72,12.16,B
1200,38.72,12.29,B
1200,38.72,13.42,B
1200,38.72,13.78,B
1200,38.72,14.23,B
1200,38.72,14.9,B
1200,38.72,15.57,B
1200,38.72,16.53,B
1200,38.72,17.83,B
1200,38.72,17.87,B
1200,38.72,19.27,B
1200,38.72,20.61,B
1200,38.72,21.04,B
1200,38.72,22.19,B
1200,38.72,22.62,B
1200,38.72,23.25,B
1200,38.72,23.48,B
1200,38.72,24.23,B
1200,38.72,25.57,B
1200,38.72,25.67,B
1200,38.72,29.38,B
1200,38.72,29.39,B
1200,38.72,30.65,B
1200,38.72,31.7,B
1200,38.72,32.46,B
1200,38.72,32.82,B
1200,38.72,33.28,B
1200,38.73,17.02,B
1200,38.77,2.33,B
1200,38.77,2.82,B
1200,38.77,5.97,B
1200,38.77,6.33,B
1200,38.77,6.86,B
1200,38.77,9.75,B
1200,38.77,11.54,B
1200,38.77,12.99,B
1200,38.77,13.33,B
1200,38.77,15.43,B
1200,38.77,16.86,B
1200,38.77,19.62,B
1200,38.77,20.61,B
1200,38.77,21.17,B
1200,38.77,22.42,B
1200,38.77,26.31,B
1200,38.77,33.76,B
1200,38.77,38.43,B
1200,38.8,19.76,B
1200,38.82,0.18,B
1200,38.82,3.35,B
1200,38.82,6.59,B
1200,38.82,16.98,B
1200,38.87,13.36,B
1200,38.88,8.1,C
1200,38.91,9.67,B
1200,38.91,12.18,B
1200,38.91,14.33,B
1200,38.91,14.84,B
1200,38.91,19.61,B
1200,38.91,30.2,B
1200,38.93,0,B
1200,38.93,7.91,B
1200,38.93,10.5,B
1200,38.93,11.5,B
1200,38.93,24.8,B
1200,38.94,9.43,B
1200,38.96,1.11,B
1200,38.96,1.32,B
1200,38.96,2.23,B
1200,38.96,2.97,B
1200,38.96,3.89,B
1200,38.96,3.99,B
1200,38.96,5.36,B
1200,38.96,6.8,B
1200,38.96,8.3,B
1200,38.96,8.73,B
1200,38.96,9.88,B
1200,38.96,9.93,B
1200,38.96,10.4,B
1200,38.96,11.46,B
1200,38.96,11.5,B
1200,38.96,11.8,B
1200,38.96,11.92,B
1200,38.96,12.27,B
1200,38.96,12.43,B
1200,38.96,13.28,B
1200,38.96,13.68,B
1200,38.96,14.09,B
1200,38.96,14.31,B
1200,38.96,14.67,B
1200,38.96,15.42,B
1200,38.96,15.49,B
1200,38.96,15.73,B
1200,38.96,16.26,B
1200,38.96,16.58,B
1200,38.96,16.73,B
1200,38.96,17.26,B
1200,38.96,17.5,B
1200,38.96,18.51,B
1200,38.96,18.52,B
1200,38.96,19.26,B
1200,38.96,19.97,B
1200,38.96,20.27,B
1200,38.96,20.94,B
1200,38.96,21.08,B
1200,38.96,22.11,B
1200,38.96,23.12,B
1200,38.96,24.09,B
1200,38.96,24.32,B
1200,38.96,25.4,B
1200,38.96,27.67,B
1200,38.96,27.97,B
1200,38.96,28.23,B
1200,38.96,28.46,B
1200,38.96,30.41,B
1200,38.96,31.07,B
1200,38.96,33.97,B
1200,38.96,34.5,B
1200,38.99,4.95,B
1200,38.99,5.11,B
1200,38.99,8.18,B
1200,38.99,8.38,B
1200,38.99,10.59,B
1200,38.99,15.48,B
1200,38.99,16.2,B
1200,38.99,22.45,B
1200,38.99,31.1,B
1200,38.99,32.8,B
1200,38.99,35.78,B
1200,38.99,35.94,B
1200,39,2.59,B
1200,39,4.11,B
1200,39,4.32,B
1200,39,4.86,B
1200,39,5.53,B
1200,39,7.54,B
1200,39,7.56,B
1200,39,7.59,B
1200,39,8.68,B
1200,39,10.37,B
1200,39,11.08,B
1200,39,12.58,B
1200,39,12.63,B
1200,39,13.07,B
1200,39,13.82,B
1200,39,13.95,B
1200,39,14.86,B
1200,39,15.18,B
1200,39,15.69,B
1200,39,15.76,B
1200,39,16.74,B
1200,39,17.27,B
1200,39,17.52,B
1200,39,17.93,B
1200,39,18.01,B
1200,39,18.27,B
1200,39,18.32,B
1200,39,18.84,B
1200,39,19.2,B
1200,39,19.26,B
1200,39,19.41,B
1200,39,20.23,B
1200,39,20.38,B
1200,39,20.67,B
1200,39,20.97,B
1200,39,21,B
1200,39,21.28,B
1200,39,23.53,B
1200,39,25.12,B
1200,39,27.74,B
1200,39,28.15,B
1200,39,28.16,B
1200,39,28.31,B
1200,39,30.48,B
1200,39,31.79,B
1200,39,35.96,B
1200,39.04,2.86,B
1200,39.04,3.1,B
1200,39.04,7,B
1200,39.04,10.33,B
1200,39.04,26.76,B
1200,39.09,5.38,B
1200,39.09,7.56,B
1200,39.09,13.37,B
1200,39.09,14,B
1200,39.09,14.2,B
1200,39.09,31.92,B
1200,39.13,5.41,B
1200,39.13,25.73,B
1200,39.13,26.73,B
1200,39.13,32.93,B
1200,39.14,1.89,B
1200,39.14,4.24,B
1200,39.14,7.25,B
1200,39.14,21.38,B
1200,39.15,3.6,B
1200,39.15,11.49,B
1200,39.15,13.63,B
1200,39.15,15.86,B
1200,39.15,17.12,B
1200,39.15,17.27,B
1200,39.15,17.61,B
1200,39.15,17.71,B
1200,39.15,22.99,B
1200,39.15,24.27,B
1200,39.15,27.24,B
1200,39.15,28.14,B
1200,39.15,28.89,B
1200,39.15,29.11,B
1200,39.15,31.11,B
1200,39.17,17.88,B
1200,39.17,25.7,B
1200,39.17,26.11,B
1200,39.17,28.85,B
1200,39.17,29.46,B
1200,39.17,29.89,B
1200,39.17,33.16,C
1200,39.19,6.59,B
1200,39.23,0.75,B
1200,39.23,2.96,B
1200,39.23,12.36,B
1200,39.23,12.81,B
1200,39.23,13.2,B
1200,39.23,15.7,B
1200,39.23,17.5,B
1200,39.23,17.53,B
1200,39.23,36.99,B
1200,39.23,37.84,B
1200,39.24,2.4,B
1200,39.24,2.59,B
1200,39.24,2.82,B
1200,39.24,4.63,B
1200,39.24,4.73,B
1200,39.24,5.61,B
1200,39.24,6.13,B
1200,39.24,6.46,B
1200,39.24,6.67,B
1200,39.24,7.14,B
1200,39.24,7.28,B
1200,39.24,8.13,B
1200,39.24,8.57,B
1200,39.24,9.89,B
1200,39.24,9.95,B
1200,39.24,11.09,B
1200,39.24,11.43,B
1200,39.24,11.47,B
1200,39.24,11.56,B
1200,39.24,11.62,B
1200,39.24,13.31,B
1200,39.24,13.73,B
1200,39.24,14.74,B
1200,39.24,15.3,B
1200,39.24,15.69,B
1200,39.24,16.17,B
1200,39.24,16.38,B
1200,39.24,17.31,B
1200,39.24,17.46,B
1200,39.24,17.93,B
1200,39.24,18.03,B
1200,39.24,18.12,B
1200,39.24,18.63,B
1200,39.24,18.75,B
1200,39.24,20.48,B
1200,39.24,20.61,B
1200,39.24,20.78,B
1200,39.24,20.87,B
1200,39.24,20.91,B
1200,39.24,21.08,B
1200,39.24,21.56,B
1200,39.24,21.82,B
1200,39.24,22.52,B
1200,39.24,22.62,B
1200,39.24,22.8,B
1200,39.24,22.96,B
1200,39.24,23.94,B
1200,39.24,23.97,B
1200,39.24,24.95,B
1200,39.24,27.53,B
1200,39.24,28.8,B
1200,39.24,29.47,B
1200,39.24,29.62,B
1200,39.24,30.05,B
1200,39.24,31.13,B
1200,39.24,32.31,B
1200,39.24,33.76,B
1200,39.24,37.91,B
1200,39.24,38.03,B
1200,39.29,0.74,B
1200,39.29,6.09,B
1200,39.29,7.63,B
1200,39.29,8.45,B
1200,39.29,8.63,B
1200,39.29,9.48,B
1200,39.29,9.78,B
1200,39.29,9.98,B
1200,39.29,10.71,B
1200,39.29,11.33,B
1200,39.29,11.76,B
1200,39.29,11.85,B
1200,39.29,12.34,B
1200,39.29,12.93,B
1200,39.29,13.44,B
1200,39.29,13.64,B
1200,39.29,13.95,B
1200,39.29,14.19,B
1200,39.29,14.38,B
1200,39.29,14.56,B
1200,39.29,15.06,B
1200,39.29,16.06,B
1200,39.29,16.36,B
1200,39.29,16.48,B
1200,39.29,17.4,B
1200,39.29,17.8,B
1200,39.29,19.12,B
1200,39.29,19.29,B
1200,39.29,19.55,B
1200,39.29,19.7,B
1200,39.29,20.03,B
1200,39.29,21.4,B
1200,39.29,21.58,B
1200,39.29,21.64,B
1200,39.29,23.04,B
1200,39.29,23.88,B
1200,39.29,24.22,B
1200,39.29,24.48,B
1200,39.29,25.09,B
1200,39.29,28.42,B
1200,39.29,29.12,B
1200,39.29,29.75,B
1200,39.29,30.43,B
1200,39.29,30.45,B
1200,39.29,31.27,B
1200,39.29,31.62,B
1200,39.29,32.42,B
1200,39.32,3.94,B
1200,39.32,5.22,B
1200,39.32,17.52,B
1200,39.32,23.94,B
1200,39.32,26.76,B
1200,39.32,28.8,B
1200,39.33,0.75,B
1200,39.33,8.67,B
1200,39.33,8.72,B
1200,39.33,9.38,B
1200,39.33,10.27,B
1200,39.33,10.56,B
1200,39.33,14.97,B
1200,39.33,16.37,B
1200,39.33,18.63,B
1200,39.33,23.14,B
1200,39.33,24.85,B
1200,39.33,29.86,B
1200,39.33,30.45,B
1200,39.37,7.58,B
1200,39.37,16.05,B
1200,39.37,19.09,B
1200,39.37,20.83,B
1200,39.37,23.89,B
1200,39.37,25.2,B
1200,39.37,25.3,B
1200,39.42,9.69,B
1200,39.42,10.08,B
1200,39.42,20.48,B
1200,39.42,21.84,B
1200,39.42,26.1,B
1200,39.42,26.57,B
1200,39.42,27.38,B
1200,39.44,5.38,B
1200,39.47,12.72,B
1200,39.47,13.47,B
1200,39.47,21.57,B
1200,39.47,23.66,B
1200,39.47,27.52,B
1200,39.47,29.69,B
1200,39.48,21.13,C
1200,39.51,5.69,B
1200,39.51,6.97,B
1200,39.51,7.41,B
1200,39.51,9.65,B
1200,39.51,9.71,B
1200,39.51,9.85,B
1200,39.51,12.63,B
1200,39.51,14,B
1200,39.51,14.07,B
1200,39.51,14.15,B
1200,39.51,14.57,B
1200,39.51,15.45,B
1200,39.51,15.79,B
1200,39.51,17.29,B
1200,39.51,17.52,B
1200,39.51,18.63,B
1200,39.51,19.05,B
1200,39.51,19.58,B
1200,39.51,20.84,B
1200,39.51,20.98,B
1200,39.51,21.51,B
1200,39.51,22.5,B
1200,39.51,24.78,B
1200,39.51,28.56,B
1200,39.51,29.25,B
1200,39.51,32.08,B
1200,39.54,2.04,B
1200,39.54,6.82,B
1200,39.54,8.07,B
1200,39.54,8.82,B
1200,39.54,10.34,B
1200,39.54,10.44,B
1200,39.54,11.53,B
1200,39.54,12.05,B
1200,39.54,12.22,B
1200,39.54,12.32,B
1200,39.54,12.33,B
1200,39.54,12.39,B
1200,39.54,12.7,B
1200,39.54,12.72,B
1200,39.54,13.56,B
1200,39.54,14.08,B
1200,39.54,15.55,B
1200,39.54,15.77,B
1200,39.54,16.19,B
1200,39.54,16.23,B
1200,39.54,16.26,B
1200,39.54,16.82,B
1200,39.54,16.89,B
1200,39.54,18.29,B
1200,39.54,18.32,B
1200,39.54,18.64,B
1200,39.54,18.7,B
1200,39.54,19.58,B
1200,39.54,19.64,B
1200,39.54,20.8,B
1200,39.54,21.26,B
1200,39.54,22.18,B
1200,39.54,22.53,B
1200,39.54,23.79,B
1200,39.54,24.66,B
1200,39.54,24.98,B
1200,39.54,25.07,B
1200,39.54,25.51,B
1200,39.54,25.55,B
1200,39.54,26.24,B
1200,39.54,26.43,B
1200,39.54,26.55,B
1200,39.54,27.52,B
1200,39.54,28.02,B
1200,39.54,30.22,B
1200,39.54,30.55,B
1200,39.54,31.52,B
1200,39.54,35.24,B
1200,39.56,2.49,B
1200,39.56,4.2,B
1200,39.56,8.8,B
1200,39.56,9.42,B
1200,39.56,10.1,B
1200,39.56,11.65,B
1200,39.56,12.08,B
1200,39.56,14.38,B
1200,39.56,16.97,B
1200,39.56,18.89,B
1200,39.56,19.87,B
1200,39.56,21.54,B
1200,39.56,22.92,B
1200,39.56,22.95,B
1200,39.56,27.17,B
1200,39.56,28.43,B
1200,39.56,29.84,B
1200,39.57,1.14,B
1200,39.57,2.08,B
1200,39.57,5.22,B
1200,39.57,5.61,B
1200,39.57,6.92,B
1200,39.57,6.98,B
1200,39.57,8.02,B
1200,39.57,8.07,B
1200,39.57,8.33,B
1200,39.57,8.36,B
1200,39.57,9,B
1200,39.57,9.6,B
1200,39.57,10.35,B
1200,39.57,10.53,B
1200,39.57,10.75,B
1200,39.57,10.78,B
1200,39.57,10.83,B
1200,39.57,11.96,B
1200,39.57,12.05,B
1200,39.57,12.81,B
1200,39.57,13.13,B
1200,39.57,13.27,B
1200,39.57,13.33,B
1200,39.57,13.38,B
1200,39.57,13.83,B
1200,39.57,13.84,B
1200,39.57,14.01,B
1200,39.57,14.21,B
1200,39.57,14.34,B
1200,39.57,14.6,B
1200,39.57,14.95,B
1200,39.57,14.97,B
1200,39.57,15.1,B
1200,39.57,15.27,B
1200,39.57,15.44,B
1200,39.57,16.24,B
1200,39.57,16.35,B
1200,39.57,16.36,B
1200,39.57,16.4,B
1200,39.57,16.7,B
1200,39.57,17.08,B
1200,39.57,17.11,B
1200,39.57,17.65,B
1200,39.57,17.92,B
1200,39.57,18.32,B
1200,39.57,18.56,B
1200,39.57,19.01,B
1200,39.57,19.25,B
1200,39.57,19.28,B
1200,39.57,19.42,B
1200,39.57,19.86,B
1200,39.57,19.92,B
1200,39.57,20.02,B
1200,39.57,20.16,B
1200,39.57,20.4,B
1200,39.57,20.53,B
1200,39.57,20.54,B
1200,39.57,20.75,B
1200,39.57,21.75,B
1200,39.57,21.88,B
1200,39.57,22.34,B
1200,39.57,22.75,B
1200,39.57,22.83,B
1200,39.57,22.87,B
1200,39.57,23.26,B
1200,39.57,23.39,B
1200,39.57,23.41,B
1200,39.57,23.42,B
1200,39.57,23.5,B
1200,39.57,25.33,B
1200,39.57,25.58,B
1200,39.57,26.05,B
1200,39.57,26.54,B
1200,39.57,27.32,B
1200,39.57,28.41,B
1200,39.57,28.78,B
1200,39.57,28.98,B
1200,39.57,29.9,B
1200,39.57,31.94,B
1200,39.57,33.79,B
1200,39.59,5.45,B
1200,39.59,5.87,B
1200,39.59,13.39,B
1200,39.59,14.29,B
1200,39.59,15.83,B
1200,39.59,16.38,B
1200,39.59,16.66,B
1200,39.59,17.26,B
1200,39.59,18.09,B
1200,39.59,18.39,B
1200,39.59,18.78,B
1200,39.59,19.7,B
1200,39.59,21.35,B
1200,39.59,21.84,B
1200,39.59,25.19,B
1200,39.59,25.8,B
1200,39.59,25.86,B
1200,39.59,26.96,B
1200,39.59,27.31,B
1200,39.59,27.93,B
1200,39.59,31.91,B
1200,39.59,35.56,B
1200,39.6,0.94,B
1200,39.6,2.04,C
1200,39.6,6,B
1200,39.6,8.18,B
1200,39.6,8.34,B
1200,39.6,11.37,B
1200,39.6,12.57,B
1200,39.6,12.94,B
1200,39.6,13.89,B
1200,39.6,14.03,B
1200,39.6,14.36,B
1200,39.6,15.27,B
1200,39.6,17.96,B
1200,39.6,19.07,B
1200,39.6,19.93,B
1200,39.6,20.21,B
1200,39.6,20.71,B
1200,39.6,22.33,B
1200,39.6,26.97,B
1200,39.6,29.52,B
1200,39.6,30.21,B
1200,39.6,31.21,B
1200,39.62,24.37,B
1200,39.67,5.58,B
1200,39.67,7.4,B
1200,39.67,15.66,B
1200,39.67,16.8,B
1200,39.67,24.26,B
1200,39.67,25.65,B
1200,39.7,6.54,B
1200,39.7,12.76,B
1200,39.75,5.44,B
1200,39.75,16.42,B
1200,39.8,14.07,B
1200,39.8,24.09,B
1200,39.85,8.3,B
1200,39.85,10.4,B
1200,39.85,14.16,B
1200,39.85,16.9,B
1200,39.85,19.04,B
1200,39.85,21.28,B
1200,39.85,26.02,B
1200,39.85,28.53,B
1200,39.85,32.23,B
1200,39.86,1.6,B
1200,39.86,1.6,C
1200,39.86,1.88,B
1200,39.86,3.66,B
1200,39.86,3.77,C
1200,39.86,4.06,B
1200,39.86,4.95,B
1200,39.86,6.78,B
1200,39.86,7.24,B
1200,39.86,7.28,B
1200,39.86,7.98,B
1200,39.86,8.55,C
1200,39.86,8.72,B
1200,39.86,8.87,C
1200,39.86,9.03,B
1200,39.86,9.35,C
1200,39.86,9.75,C
1200,39.86,9.92,C
1200,39.86,9.95,C
1200,39.86,10.46,C
1200,39.86,10.58,B
1200,39.86,10.64,B
1200,39.86,10.76,B
1200,39.86,10.95,B
1200,39.86,11.38,B
1200,39.86,11.45,B
1200,39.86,11.72,B
1200,39.86,12.87,B
1200,39.86,13.04,B
1200,39.86,13.26,C
1200,39.86,14.31,B
1200,39.86,14.33,B
1200,39.86,14.37,B
1200,39.86,14.46,B
1200,39.86,15.45,B
1200,39.86,15.48,C
1200,39.86,15.67,B
1200,39.86,16.42,B
1200,39.86,16.44,B
1200,39.86,16.71,B
1200,39.86,17.06,B
1200,39.86,17.33,C
1200,39.86,17.48,C
1200,39.86,17.69,B
1200,39.86,18.22,B
1200,39.86,18.31,C
1200,39.86,18.53,C
1200,39.86,18.64,C
1200,39.86,18.69,B
1200,39.86,18.7,B
1200,39.86,18.86,C
1200,39.86,18.98,B
1200,39.86,19.07,C
1200,39.86,19.54,B
1200,39.86,19.6,C
1200,39.86,19.64,B
1200,39.86,19.66,C
1200,39.86,20.03,C
1200,39.86,20.47,B
1200,39.86,20.48,C
1200,39.86,21.25,B
1200,39.86,21.33,B
1200,39.86,21.37,C
1200,39.86,21.51,B
1200,39.86,21.54,C
1200,39.86,21.83,B
1200,39.86,21.86,C
1200,39.86,22.47,C
1200,39.86,22.55,B
1200,39.86,22.75,B
1200,39.86,23.44,B
1200,39.86,23.87,B
1200,39.86,24.48,B
1200,39.86,24.6,B
1200,39.86,25.92,C
1200,39.86,26.64,C
1200,39.86,27.63,C
1200,39.86,27.64,C
1200,39.86,28.25,C
1200,39.86,28.82,B
1200,39.86,29.79,B
1200,39.86,30.43,B
1200,39.86,30.43,C
1200,39.86,30.8,C
1200,39.86,33.17,B
1200,39.86,34.03,B
1200,39.86,34.22,B
1200,39.86,35.32,B
1200,39.86,36.6,B
1200,39.86,37.68,C
1200,39.86,37.74,C
1200,39.89,1.97,C
1200,39.89,11.05,C
1200,39.89,11.83,C
1200,39.89,16.13,C
1200,39.89,20.07,C
1200,39.89,21.17,C
1200,39.89,22.43,C
1200,39.89,24.52,C
1200,39.89,28.84,C
1200,39.93,4.84,B
1200,39.93,6.55,B
1200,39.93,10.94,B
1200,39.93,12.05,B
1200,39.93,12.62,B
1200,39.93,12.85,B
1200,39.93,13.5,B
1200,39.93,14.62,B
1200,39.93,14.94,B
1200,39.93,17.19,B
1200,39.93,17.54,B
1200,39.93,18.28,B
1200,39.93,20.22,B
1200,39.93,24.78,B
1200,39.93,24.96,B
1200,39.93,26.91,B
1200,39.93,27.2,B
1200,39.93,27.98,B
1200,39.93,31.64,B
1200,39.94,5.52,B
1200,39.94,10.84,B
1200,39.94,13.48,B
1200,39.94,15.46,B
1200,39.94,21.74,B
1200,39.94,25.8,B
1200,39.94,27.17,B
1200,39.98,4.54,B
1200,40.03,4.13,C
1200,40.03,4.41,C
1200,40.03,5.42,C
1200,40.03,7.01,C
1200,40.03,7.49,C
1200,40.03,7.64,C
1200,40.03,9.18,C
1200,40.03,10.63,C
1200,40.03,12.74,C
1200,40.03,14.77,C
1200,40.03,14.93,C
1200,40.03,15.25,C
1200,40.03,15.26,C
1200,40.03,15.84,C
1200,40.03,16.06,C
1200,40.03,16.11,C
1200,40.03,17.42,C
1200,40.03,18.11,C
1200,40.03,18.19,C
1200,40.03,18.66,C
1200,40.03,20.21,C
1200,40.03,20.4,C
1200,40.03,20.42,C
1200,40.03,20.57,C
1200,40.03,21,C
1200,40.03,21.25,C
1200,40.03,21.68,C
1200,40.03,21.7,C
1200,40.03,21.76,C
1200,40.03,22.02,C
1200,40.03,24.15,C
1200,40.03,25.58,C
1200,40.03,29.6,C
1200,40.03,31.59,C
1200,40.03,32.03,C
1200,40.03,34.56,C
1200,40.06,12.81,B
1200,40.06,23.73,B
1200,40.09,7.7,C
1200,40.09,8.11,C
1200,40.09,15.33,C
1200,40.09,21.52,C
1200,40.09,22.31,C
1200,40.09,25.63,C
1200,40.09,28.98,C
1200,40.1,18.95,B
1200,40.1,20.85,B
1200,40.12,18.72,C
1200,40.14,5.64,B
1200,40.14,8.22,B
1200,40.14,15.65,B
1200,40.14,16.2,B
1200,40.16,5.05,C
1200,40.16,23.69,B
1200,40.2,9.24,C
1200,40.2,14.27,C
1200,40.2,17.2,C
1200,40.2,17.94,C
1200,40.2,18.7,C
1200,40.2,18.92,C
1200,40.2,19.08,C
1200,40.2,25.62,C
1200,40.2,30.01,C
1200,40.21,4.54,C
1200,40.21,10.21,C
1200,40.21,20.96,C
1200,40.22,2.73,C
1200,40.22,2.84,C
1200,40.22,3.22,C
1200,40.22,5.61,C
1200,40.22,5.7,C
1200,40.22,6.18,C
1200,40.22,6.77,C
1200,40.22,8.1,C
1200,40.22,8.65,C
1200,40.22,9.18,C
1200,40.22,9.36,C
1200,40.22,9.59,C
1200,40.22,9.91,C
1200,40.22,11.02,C
1200,40.22,12.22,C
1200,40.22,13.08,C
1200,40.22,13.57,C
1200,40.22,15.39,C
1200,40.22,16,C
1200,40.22,16.63,C
1200,40.22,16.82,C
1200,40.22,17.07,C
1200,40.22,18.04,C
1200,40.22,18.05,C
1200,40.22,18.06,C
1200,40.22,18.82,C
1200,40.22,18.83,C
1200,40.22,19.12,C
1200,40.22,19.42,C
1200,40.22,19.68,C
1200,40.22,20.04,C
1200,40.22,20.4,C
1200,40.22,20.83,C
1200,40.22,20.93,C
1200,40.22,21.66,C
1200,40.22,22.5,C
1200,40.22,22.56,C
1200,40.22,22.75,C
1200,40.22,23.24,C
1200,40.22,23.25,C
1200,40.22,24.44,C
1200,40.22,25.2,C
1200,40.22,25.37,C
1200,40.22,25.4,C
1200,40.22,25.94,C
1200,40.22,25.98,C
1200,40.22,26.04,C
1200,40.22,26.16,C
1200,40.22,26.45,C
1200,40.22,26.52,C
1200,40.22,27.56,C
1200,40.22,27.58,C
1200,40.22,27.7,C
1200,40.22,28.25,C
1200,40.22,29.93,C
1200,40.22,30.24,C
1200,40.22,30.36,C
1200,40.22,33.86,C
1200,40.22,34.58,C
1200,40.25,5.48,C
1200,40.25,16.88,C
1200,40.26,1.49,C
1200,40.26,2.36,B
1200,40.26,2.69,C
1200,40.26,5.21,C
1200,40.26,5.82,C
1200,40.26,8.06,B
1200,40.26,9.75,C
1200,40.26,10.08,C
1200,40.26,10.42,C
1200,40.26,11.8,C
1200,40.26,11.94,C
1200,40.26,12.63,C
1200,40.26,12.93,C
1200,40.26,13.41,B
1200,40.26,14.22,C
1200,40.26,15.1,C
1200,40.26,15.2,C
1200,40.26,16.23,C
1200,40.26,17.29,C
1200,40.26,18.45,C
1200,40.26,18.96,C
1200,40.26,19.47,C
1200,40.26,20.62,C
1200,40.26,21.81,C
1200,40.26,23.11,C
1200,40.26,23.45,C
1200,40.26,23.6,C
1200,40.26,24.8,C
1200,40.26,24.87,C
1200,40.26,25.07,C
1200,40.26,25.83,C
1200,40.26,30.1,C
1200,40.26,30.83,C
1200,40.26,31.78,C
1200,40.26,32.04,C
1200,40.26,36.44,C
1200,40.28,2.08,B
1200,40.28,3.58,B
1200,40.28,4.29,C
1200,40.28,4.33,B
1200,40.28,8.97,B
1200,40.28,9.91,B
1200,40.28,12.66,B
1200,40.28,13.28,B
1200,40.28,15.47,B
1200,40.28,16.05,B
1200,40.28,20.54,B
1200,40.28,22.73,B
1200,40.28,23.53,B
1200,40.28,26.86,B
1200,40.29,1.41,C
1200,40.29,1.73,C
1200,40.29,4.18,C
1200,40.29,5.91,C
1200,40.29,6.46,C
1200,40.29,6.72,C
1200,40.29,8.63,C
1200,40.29,9.86,C
1200,40.29,12.64,C
1200,40.29,12.89,C
1200,40.29,14.37,C
1200,40.29,14.92,C
1200,40.29,15.76,C
1200,40.29,15.95,C
1200,40.29,16.96,C
1200,40.29,17.82,C
1200,40.29,18.53,C
1200,40.29,18.58,C
1200,40.29,19.27,C
1200,40.29,19.6,C
1200,40.29,19.66,C
1200,40.29,19.98,C
1200,40.29,20.31,C
1200,40.29,21.6,C
1200,40.29,22.06,C
1200,40.29,22.08,C
1200,40.29,23.04,C
1200,40.29,23.76,C
1200,40.29,25.68,C
1200,40.29,26.75,C
1200,40.29,27.33,C
1200,40.29,27.64,C
1200,40.29,28.2,C
1200,40.29,28.78,C
1200,40.29,28.85,C
1200,40.29,28.94,C
1200,40.29,29.75,C
1200,40.29,30.36,C
1200,40.29,31.51,C
1200,40.29,31.95,C
1200,40.29,32.21,C
1200,40.29,32.29,C
1200,40.29,33.27,C
1200,40.29,34.98,C
1200,40.32,0.14,C
1200,40.32,6.25,C
1200,40.32,6.79,C
1200,40.32,7.86,C
1200,40.32,8.92,C
1200,40.32,10.22,C
1200,40.32,10.56,C
1200,40.32,10.59,C
1200,40.32,10.64,C
1200,40.32,10.82,C
1200,40.32,11.01,C
1200,40.32,11.07,C
1200,40.32,11.49,C
1200,40.32,11.74,C
1200,40.32,13.75,C
1200,40.32,15.12,C
1200,40.32,16.93,C
1200,40.32,17.28,C
1200,40.32,17.67,C
1200,40.32,17.71,C
1200,40.32,18.14,C
1200,40.32,18.63,C
1200,40.32,19.1,C
1200,40.32,19.34,C
1200,40.32,19.41,C
1200,40.32,19.86,C
1200,40.32,22.55,C
1200,40.32,23.09,C
1200,40.32,25.42,C
1200,40.32,26.5,C
1200,40.32,33.38,C
1200,40.32,34.98,C
1200,40.35,0.67,B
1200,40.37,14.86,C
1200,40.37,16.36,C
1200,40.37,17.22,C
1200,40.37,18.24,C
1200,40.43,4,B
1200,40.43,4.01,C
1200,40.43,4.57,C
1200,40.43,6.73,C
1200,40.43,8.95,C
1200,40.43,9.13,B
1200,40.43,9.24,C
1200,40.43,13.37,C
1200,40.43,14.07,C
1200,40.43,14.41,C
1200,40.43,14.64,C
1200,40.43,14.67,C
1200,40.43,15.07,C
1200,40.43,15.19,C
1200,40.43,15.6,B
1200,40.43,16.21,B
1200,40.43,16.75,C
1200,40.43,16.86,B
1200,40.43,16.88,C
1200,40.43,17.74,C
1200,40.43,17.75,C
1200,40.43,17.93,C
1200,40.43,18.57,B
1200,40.43,18.58,C
1200,40.43,18.59,C
1200,40.43,18.78,C
1200,40.43,19.1,B
1200,40.43,19.42,B
1200,40.43,20.25,B
1200,40.43,20.94,C
1200,40.43,21.44,C
1200,40.43,21.45,C
1200,40.43,21.66,C
1200,40.43,21.74,C
1200,40.43,22.62,B
1200,40.43,23.52,C
1200,40.43,23.96,C
1200,40.43,24.25,C
1200,40.43,24.38,C
1200,40.43,24.99,C
1200,40.43,25.2,C
1200,40.43,25.66,C
1200,40.43,26.25,C
1200,40.43,28.17,C
1200,40.43,29.43,C
1200,40.43,29.85,C
1200,40.43,30.11,C
1200,40.43,33.06,C
1200,40.47,5.34,C
1200,40.47,15.02,C
1200,40.47,16.72,C
1200,40.47,18.66,B
1200,40.47,20,C
1200,40.47,24.17,C
1200,40.47,34.93,C
1200,40.5,2.49,B
1200,40.5,3.01,B
1200,40.5,3.57,B
1200,40.5,4.56,B
1200,40.5,5.47,C
1200,40.5,7.34,B
1200,40.5,11.41,B
1200,40.5,12.06,B
1200,40.5,12.08,B
1200,40.5,12.62,B
1200,40.5,16.22,C
1200,40.5,20.64,B
1200,40.5,23.37,B
1200,40.5,25.47,B
1200,40.51,3.77,D
1200,40.54,8.49,C
1200,40.54,15.16,C
1200,40.54,18.03,C
1200,40.54,18.16,C
1200,40.54,21.18,C
1200,40.54,23.96,C
1200,40.54,25.67,C
1200,40.54,26.13,C
1200,40.54,31.78,C
1200,40.54,37.02,C
1200,40.57,8.78,C
1200,40.57,9.75,C
1200,40.57,10.54,C
1200,40.63,1.25,C
1200,40.63,2.42,C
1200,40.63,3.44,C
1200,40.63,5.86,C
1200,40.63,9.08,C
1200,40.63,9.82,C
1200,40.63,10.8,C
1200,40.63,12.49,C
1200,40.63,12.65,C
1200,40.63,14.87,C
1200,40.63,15.6,C
1200,40.63,16.13,C
1200,40.63,16.23,C
1200,40.63,18.1,C
1200,40.63,19.61,C
1200,40.63,19.65,C
1200,40.63,21.98,C
1200,40.63,22.32,C
1200,40.63,22.35,C
1200,40.63,22.78,C
1200,40.63,24.29,C
1200,40.63,24.55,C
1200,40.63,24.69,C
1200,40.63,26.75,C
1200,40.63,27.6,C
1200,40.63,27.9,C
1200,40.63,28.51,C
1200,40.63,30.82,C
1200,40.63,31.11,C
1200,40.63,31.81,C
1200,40.63,32.6,C
1200,40.63,34.83,C
1200,40.63,36.73,C
1200,40.63,38,C
1200,40.64,11.26,C
1200,40.64,12.91,C
1200,40.64,13.36,C
1200,40.64,15.1,C
1200,40.64,15.78,C
1200,40.64,19.2,C
1200,40.64,19.82,C
1200,40.64,20.72,C
1200,40.64,20.78,C
1200,40.64,22.74,C
1200,40.64,24.14,C
1200,40.64,30.33,C
1200,40.64,30.8,C
1200,40.69,6.7,C
1200,40.69,31.62,C
1200,40.69,32.55,C
1200,40.71,21.44,C
1200,40.71,24.99,C
1200,40.72,0.5,C
1200,40.72,2.72,C
1200,40.72,2.79,C
1200,40.72,2.91,C
1200,40.72,3.15,C
1200,40.72,3.3,C
1200,40.72,3.9,C
1200,40.72,4.2,C
1200,40.72,4.62,C
1200,40.72,4.9,C
1200,40.72,5.24,C
1200,40.72,5.93,C
1200,40.72,6.44,C
1200,40.72,6.53,C
1200,40.72,6.88,C
1200,40.72,6.89,C
1200,40.72,6.93,C
1200,40.72,7.16,C
1200,40.72,7.5,C
1200,40.72,7.52,C
1200,40.72,8.64,C
1200,40.72,8.73,C
1200,40.72,9.34,C
1200,40.72,10.08,C
1200,40.72,10.48,C
1200,40.72,11.44,C
1200,40.72,11.45,C
1200,40.72,11.67,C
1200,40.72,11.7,C
1200,40.72,12.38,C
1200,40.72,12.75,C
1200,40.72,13.11,C
1200,40.72,13.4,C
1200,40.72,13.56,C
1200,40.72,13.89,C
1200,40.72,14.93,C
1200,40.72,14.94,C
1200,40.72,15.18,C
1200,40.72,15.41,C
1200,40.72,15.43,C
1200,40.72,16.33,C
1200,40.72,17.77,C
1200,40.72,17.8,C
1200,40.72,17.99,C
1200,40.72,18,C
1200,40.72,18.01,C
1200,40.72,18.14,C
1200,40.72,18.8,C
1200,40.72,18.99,C
1200,40.72,19.4,C
1200,40.72,19.92,C
1200,40.72,20.22,C
1200,40.72,20.36,C
1200,40.72,20.44,C
1200,40.72,20.89,C
1200,40.72,20.96,C
1200,40.72,21.76,C
1200,40.72,22.06,C
1200,40.72,22.31,C
1200,40.72,22.37,C
1200,40.72,22.4,C
1200,40.72,22.47,C
1200,40.72,22.62,C
1200,40.72,22.85,C
1200,40.72,22.95,C
1200,40.72,23.58,C
1200,40.72,24.17,C
1200,40.72,24.92,C
1200,40.72,25,C
1200,40.72,25.29,C
1200,40.72,26.33,C
1200,40.72,26.64,C
1200,40.72,26.96,C
1200,40.72,27,C
1200,40.72,27.87,C
1200,40.72,28.53,C
1200,40.72,30.6,C
1200,40.72,30.78,C
1200,40.72,30.84,C
1200,40.72,32.74,C
1200,40.72,33.08,C
1200,40.72,33.28,C
1200,40.72,34.13,C
1200,40.74,14.66,B
1200,40.74,16.86,B
1200,40.76,5.19,C
1200,40.76,5.84,C
1200,40.76,6.93,C
1200,40.76,7.38,C
1200,40.76,12.36,C
1200,40.76,12.65,C
1200,40.76,13.13,C
1200,40.76,13.87,C
1200,40.76,14.13,C
1200,40.76,16.39,C
1200,40.76,16.59,C
1200,40.76,18.72,C
1200,40.76,19.09,C
1200,40.76,19.12,C
1200,40.76,20.54,C
1200,40.76,20.99,C
1200,40.76,25.4,C
1200,40.76,26.64,C
1200,40.76,29.11,C
1200,40.76,35.85,C
1200,40.76,38.68,C
1200,40.76,52.23,C
1200,40.77,1.16,C
1200,40.77,4.28,C
1200,40.77,16.47,C
1200,40.77,17.42,C
1200,40.78,4.5,C
1200,40.78,5.69,C
1200,40.78,6.46,C
1200,40.78,6.48,C
1200,40.78,7.95,C
1200,40.78,9.26,C
1200,40.78,11.45,C
1200,40.78,11.5,C
1200,40.78,13.77,C
1200,40.78,15,C
1200,40.78,15.15,C
1200,40.78,15.66,C
1200,40.78,16.2,C
1200,40.78,16.34,C
1200,40.78,17.83,C
1200,40.78,18.38,C
1200,40.78,18.49,C
1200,40.78,18.65,C
1200,40.78,18.78,C
1200,40.78,18.88,C
1200,40.78,19.61,C
1200,40.78,19.79,C
1200,40.78,20,C
1200,40.78,20.55,C
1200,40.78,21.27,C
1200,40.78,22.18,C
1200,40.78,24.59,C
1200,40.78,24.63,C
1200,40.78,25.84,C
1200,40.78,27.08,C
1200,40.78,27.24,C
1200,40.78,28.28,C
1200,40.78,30.4,C
1200,40.78,33.87,C
1200,40.78,34.28,C
1200,40.78,136,C
1200,40.79,18.18,C
1200,40.81,17.94,C
1200,40.81,20.09,C
1200,40.81,27.57,C
1200,40.81,28.34,C
1200,40.82,6.24,C
1200,40.82,6.95,C
1200,40.82,10.08,C
1200,40.82,15.36,C
1200,40.82,17.16,C
1200,40.82,20.89,C
1200,40.82,23.64,C
1200,40.82,23.82,C
1200,40.82,27.18,C
1200,40.82,27.34,C
1200,40.82,30.15,C
1200,40.82,30.67,C
1200,40.82,32.28,C
1200,40.82,38.49,C
1200,40.82,38.69,C
1200,40.83,2.23,C
1200,40.83,8.24,C
1200,40.83,8.28,C
1200,40.83,9.86,C
1200,40.83,11.81,C
1200,40.83,12.85,C
1200,40.83,13.36,B
1200,40.83,13.55,C
1200,40.83,14.44,C
1200,40.83,17.31,B
1200,40.83,17.75,B
1200,40.83,18.69,C
1200,40.83,19.04,C
1200,40.83,19.74,C
1200,40.83,19.84,C
1200,40.83,20.12,C
1200,40.83,20.25,C
1200,40.83,20.47,C
1200,40.83,21.29,C
1200,40.83,21.44,C
1200,40.83,21.99,C
1200,40.83,22.42,B
1200,40.83,22.89,C
1200,40.83,23.2,C
1200,40.83,31.86,C
1200,40.83,32.14,C
1200,40.83,32.43,C
1200,40.83,34.13,C
1200,40.83,36.49,C
1200,40.9,22.16,C
1200,40.93,3.08,C
1200,40.97,11.87,C
1200,41.01,1.38,C
1200,41.01,3.09,C
1200,41.01,3.48,C
1200,41.01,3.8,C
1200,41.01,4.46,C
1200,41.01,5.92,C
1200,41.01,6.4,C
1200,41.01,6.51,C
1200,41.01,6.91,C
1200,41.01,7.62,C
1200,41.01,7.74,C
1200,41.01,7.75,C
1200,41.01,8.07,C
1200,41.01,8.64,C
1200,41.01,8.67,C
1200,41.01,9.14,C
1200,41.01,9.66,C
1200,41.01,10.76,C
1200,41.01,11.45,C
1200,41.01,12.26,C
1200,41.01,12.56,C
1200,41.01,12.65,C
1200,41.01,12.97,C
1200,41.01,13.78,C
1200,41.01,13.91,C
1200,41.01,14.04,C
1200,41.01,14.31,C
1200,41.01,14.97,C
1200,41.01,16.02,C
1200,41.01,16.36,C
1200,41.01,16.73,C
1200,41.01,16.76,C
1200,41.01,17.16,C
1200,41.01,17.21,C
1200,41.01,17.35,C
1200,41.01,18,C
1200,41.01,18.61,C
1200,41.01,19.08,C
1200,41.01,19.83,C
1200,41.01,20.11,C
1200,41.01,20.55,C
1200,41.01,20.98,C
1200,41.01,21.08,C
1200,41.01,21.6,C
1200,41.01,21.79,C
1200,41.01,21.84,C
1200,41.01,21.9,C
1200,41.01,22.41,C
1200,41.01,23.04,C
1200,41.01,23.19,C
1200,41.01,23.92,C
1200,41.01,24.32,C
1200,41.01,24.59,C
1200,41.01,24.6,C
1200,41.01,25,C
1200,41.01,26.85,C
1200,41.01,27.48,C
1200,41.01,27.66,C
1200,41.01,27.88,C
1200,41.01,28.04,C
1200,41.01,28.36,C
1200,41.01,28.82,C
1200,41.01,29.62,C
1200,41.01,29.64,C
1200,41.01,30.34,C
1200,41.01,30.39,C
1200,41.01,30.49,C
1200,41.01,30.62,C
1200,41.01,30.88,C
1200,41.01,31.11,C
1200,41.01,32.08,C
1200,41.01,32.55,C
1200,41.01,32.59,C
1200,41.01,32.74,C
1200,41.01,33.93,C
1200,41.01,34.22,C
1200,41.01,34.45,C
1200,41.01,34.7,C
1200,41.01,38.24,C
1200,41.04,2.52,C
1200,41.04,5.01,C
1200,41.04,10.43,C
1200,41.04,16.23,C
1200,41.04,17.86,C
1200,41.04,19.54,C
1200,41.04,24.6,C
1200,41.04,27.26,C
1200,41.06,1.2,C
1200,41.06,1.6,C
1200,41.06,4.84,C
1200,41.06,6.04,C
1200,41.06,6.98,C
1200,41.06,8.25,C
1200,41.06,8.85,C
1200,41.06,11.29,C
1200,41.06,12.42,C
1200,41.06,12.68,C
1200,41.06,12.96,C
1200,41.06,14.04,C
1200,41.06,18.31,C
1200,41.06,18.98,C
1200,41.06,19.04,C
1200,41.06,19.88,C
1200,41.06,20.45,C
1200,41.06,20.86,C
1200,41.06,21.53,C
1200,41.06,21.6,C
1200,41.06,21.65,C
1200,41.06,23.5,C
1200,41.06,23.73,C
1200,41.06,23.83,C
1200,41.06,24.1,C
1200,41.06,27.09,C
1200,41.06,27.61,C
1200,41.06,27.74,C
1200,41.06,27.83,C
1200,41.06,28.87,C
1200,41.06,28.9,C
1200,41.06,30.32,C
1200,41.06,30.66,C
1200,41.06,30.72,C
1200,41.06,32.37,C
1200,41.06,32.67,C
1200,41.06,33.41,C
1200,41.06,37.42,C
1200,41.06,61.33,C
1200,41.07,12.48,B
1200,41.07,15.09,B
1200,41.07,15.15,B
1200,41.07,17.5,B
1200,41.08,8.28,D
1200,41.11,15.88,C
1200,41.17,13.75,C
1200,41.17,14.54,C
1200,41.18,1.13,C
1200,41.18,15.7,C
1200,41.18,20.43,C
1200,41.19,14.1,C
1200,41.19,16.68,C
1200,41.19,17.63,C
1200,41.19,20.55,C
1200,41.19,23.42,C
1200,41.19,31.15,C
1200,41.19,34.99,C
1200,41.2,9.33,C
1200,41.2,9.39,C
1200,41.2,18.17,C
1200,41.2,20.33,C
1200,41.2,23.59,C
1200,41.2,23.71,C
1200,41.21,0,C
1200,41.21,2.26,C
1200,41.21,3.75,C
1200,41.21,11.19,C
1200,41.21,16.12,C
1200,41.21,17.75,C
1200,41.21,18,C
1200,41.21,18.36,C
1200,41.21,19.19,C
1200,41.21,21.23,C
1200,41.21,25.77,C
1200,41.21,28.2,C
1200,41.21,28.98,C
1200,41.21,29.84,C
1200,41.21,32.24,C
1200,41.21,32.59,C
1200,41.21,33.42,C
1200,41.21,37.47,C
1200,41.22,21.45,C
1200,41.22,24.48,C
1200,41.26,14.49,D
1200,41.29,1.71,C
1200,41.29,3.67,C
1200,41.29,8.86,C
1200,41.29,9.64,C
1200,41.29,10.52,C
1200,41.29,11.32,C
1200,41.29,11.4,C
1200,41.29,12.24,C
1200,41.29,13.6,C
1200,41.29,13.79,C
1200,41.29,16.83,C
1200,41.29,17.38,C
1200,41.29,17.43,C
1200,41.29,17.82,C
1200,41.29,17.95,C
1200,41.29,18.24,C
1200,41.29,19.39,C
1200,41.29,20.38,C
1200,41.29,23.03,C
1200,41.29,23.16,C
1200,41.29,28.42,C
1200,41.29,34.54,C
1200,41.29,34.67,C
1200,41.29,36.2,C
1200,41.3,1.87,C
1200,41.3,2.53,C
1200,41.3,3.89,C
1200,41.3,7.14,C
1200,41.3,8.15,C
1200,41.3,8.5,C
1200,41.3,10.97,C
1200,41.3,11.81,C
1200,41.3,12,C
1200,41.3,12.47,C
1200,41.3,12.69,C
1200,41.3,13.12,C
1200,41.3,13.78,C
1200,41.3,14.94,C
1200,41.3,15.74,C
1200,41.3,15.81,C
1200,41.3,16.29,C
1200,41.3,16.85,C
1200,41.3,17.76,C
1200,41.3,18.2,C
1200,41.3,18.55,C
1200,41.3,18.8,C
1200,41.3,19.29,C
1200,41.3,19.9,C
1200,41.3,20.92,C
1200,41.3,20.97,C
1200,41.3,21.17,C
1200,41.3,21.44,C
1200,41.3,21.62,C
1200,41.3,26.13,C
1200,41.3,26.22,C
1200,41.3,26.31,C
1200,41.3,27.43,C
1200,41.3,34.96,C
1200,41.31,22.2,E
1200,41.32,1.98,C
1200,41.32,5.01,C
1200,41.32,17.4,C
1200,41.32,18.67,C
1200,41.32,20.24,C
1200,41.32,20.98,C
1200,41.32,23.34,C
1200,41.32,28.5,C
1200,41.38,16.35,D
1200,41.39,18.04,C
1200,41.39,20.42,C
1200,41.39,26.35,C
1200,41.39,30.72,C
1200,41.4,5,C
1200,41.4,5.57,C
1200,41.4,6.56,C
1200,41.4,10.25,C
1200,41.4,10.86,C
1200,41.4,11.98,C
1200,41.4,12.08,C
1200,41.4,12.57,C
1200,41.4,13.77,C
1200,41.4,13.96,C
1200,41.4,14.89,C
1200,41.4,15.9,C
1200,41.4,15.99,C
1200,41.4,16.91,C
1200,41.4,17.01,C
1200,41.4,17.28,C
1200,41.4,17.38,C
1200,41.4,17.65,C
1200,41.4,18.6,C
1200,41.4,18.66,C
1200,41.4,19,C
1200,41.4,21.57,C
1200,41.4,21.99,C
1200,41.4,22.1,C
1200,41.4,22.76,C
1200,41.4,22.94,C
1200,41.4,24.27,C
1200,41.4,24.82,C
1200,41.4,25.52,C
1200,41.4,28.21,C
1200,41.4,28.73,C
1200,41.4,29.13,C
1200,41.4,34.02,C
1200,41.4,36.18,C
1200,41.4,37.92,C
1200,41.44,19.03,C
1200,41.45,2.56,D
1200,41.5,3,E
1200,41.52,13.84,C
1200,41.52,20.53,C
1200,41.52,21.65,C
1200,41.52,34.68,C
1200,41.55,18.08,D
1200,41.6,0,C
1200,41.6,2.42,C
1200,41.6,3.31,C
1200,41.6,5.4,C
1200,41.6,5.56,C
1200,41.6,6.5,C
1200,41.6,6.58,C
1200,41.6,8.05,C
1200,41.6,9.48,C
1200,41.6,10.01,C
1200,41.6,11.16,C
1200,41.6,11.74,C
1200,41.6,11.94,C
1200,41.6,12.05,C
1200,41.6,12.21,C
1200,41.6,12.32,C
1200,41.6,12.93,C
1200,41.6,13.45,C
1200,41.6,14.04,C
1200,41.6,14.42,C
1200,41.6,14.79,C
1200,41.6,15.02,C
1200,41.6,15.1,C
1200,41.6,15.24,C
1200,41.6,15.28,C
1200,41.6,16.25,C
1200,41.6,16.42,C
1200,41.6,18.1,C
1200,41.6,18.27,C
1200,41.6,20.19,C
1200,41.6,20.46,C
1200,41.6,20.66,C
1200,41.6,22.52,C
1200,41.6,23.96,C
1200,41.6,24.52,C
1200,41.6,26.68,C
1200,41.6,28.12,C
1200,41.6,29.54,C
1200,41.6,29.7,C
1200,41.6,31.07,C
1200,41.6,32.28,C
1200,41.6,33.68,C
1200,41.6,34.19,C
1200,41.6,34.66,C
1200,41.6,35.57,C
1200,41.6,53.8,C
1200,41.62,0.75,C
1200,41.62,1.3,C
1200,41.62,2.4,C
1200,41.62,3.29,C
1200,41.62,4.61,C
1200,41.62,4.88,C
1200,41.62,12.81,C
1200,41.62,15.96,C
1200,41.62,16.55,C
1200,41.62,18.36,C
1200,41.62,18.43,C
1200,41.62,18.77,C
1200,41.62,19.12,C
1200,41.62,19.25,C
1200,41.62,21.85,C
1200,41.62,25.35,C
1200,41.62,33.64,C
1200,41.62,33.9,C
1200,41.63,0.63,C
1200,41.63,3.79,C
1200,41.63,4.4,C
1200,41.63,5,C
1200,41.63,5.1,C
1200,41.63,5.83,C
1200,41.63,6.12,C
1200,41.63,6.41,C
1200,41.63,8.72,C
1200,41.63,8.83,C
1200,41.63,8.88,C
1200,41.63,9.26,C
1200,41.63,10.01,C
1200,41.63,10.46,C
1200,41.63,13.12,C
1200,41.63,13.29,C
1200,41.63,13.56,C
1200,41.63,13.96,C
1200,41.63,14.02,C
1200,41.63,15.25,C
1200,41.63,17.22,C
1200,41.63,17.32,C
1200,41.63,17.7,C
1200,41.63,18.12,C
1200,41.63,18.35,C
1200,41.63,19.71,C
1200,41.63,20.9,C
1200,41.63,21.06,C
1200,41.63,22.37,C
1200,41.63,22.45,C
1200,41.63,23.04,C
1200,41.63,23.13,C
1200,41.63,23.27,C
1200,41.63,23.33,C
1200,41.63,23.6,C
1200,41.63,24.09,C
1200,41.63,25.05,C
1200,41.63,26.23,C
1200,41.63,27,C
1200,41.63,27.93,C
1200,41.63,28.53,C
1200,41.63,28.61,C
1200,41.63,29.41,C
1200,41.63,30.55,C
1200,41.63,31.08,C
1200,41.63,31.17,C
1200,41.63,32.26,C
1200,41.63,33.03,C
1200,41.63,34.2,C
1200,41.66,25.73,C
1200,41.68,24.81,E
1200,41.73,2.43,D
1200,41.73,3.25,D
1200,41.73,10.36,C
1200,41.73,12.8,C
1200,41.73,18.66,C
1200,41.73,22.48,C
1200,41.73,24.24,C
1200,41.74,7.27,C
1200,41.74,8.46,C
1200,41.74,14.75,C
1200,41.74,20.54,C
1200,41.79,4.35,C
1200,41.79,5.84,C
1200,41.79,8.75,C
1200,41.79,10.09,C
1200,41.79,13.57,C
1200,41.79,16.19,C
1200,41.79,16.98,C
1200,41.79,17.71,C
1200,41.79,18.01,C
1200,41.79,18.03,C
1200,41.79,18.33,C
1200,41.79,18.64,C
1200,41.79,19.55,C
1200,41.79,19.63,C
1200,41.79,20.44,C
1200,41.79,21.77,C
1200,41.79,22.32,C
1200,41.79,25.59,C
1200,41.79,26.93,C
1200,41.79,27.27,C
1200,41.79,29.27,C
1200,41.79,32.43,C
1200,41.79,38.41,C
1200,41.79,41.19,C
1200,41.84,9.12,D
1200,41.84,9.43,D
1200,41.84,16.03,D
1200,41.84,19.1,D
1200,41.84,23.07,D
1200,41.84,27.57,D
1200,41.84,31.81,D
1200,41.89,5.06,C
1200,41.89,5.95,C
1200,41.89,10.99,C
1200,41.89,22.65,C
1200,41.89,23.01,C
1200,41.89,34.51,C
1200,41.89,42.21,C
1200,41.95,5.54,D
1200,41.95,12.69,D
1200,41.95,14.97,C
1200,41.95,15.03,C
1200,41.95,15.15,D
1200,41.95,15.51,C
1200,41.95,16.94,D
1200,41.95,19.02,C
1200,41.95,19.99,C
1200,41.95,20.28,C
1200,41.95,20.61,C
1200,41.95,21.22,D
1200,41.95,21.38,C
1200,41.95,22.32,C
1200,41.95,22.7,D
1200,41.95,26.16,D
1200,41.95,26.6,D
1200,41.95,28.89,D
1200,41.95,32.66,D
1200,41.96,3.14,D
1200,41.96,5.94,D
1200,41.96,6,D
1200,41.96,6.24,D
1200,41.96,7.64,C
1200,41.96,7.72,C
1200,41.96,11.69,D
1200,41.96,12.48,D
1200,41.96,13.15,C
1200,41.96,13.24,C
1200,41.96,13.43,D
1200,41.96,14.29,D
1200,41.96,14.38,D
1200,41.96,14.69,D
1200,41.96,14.78,C
1200,41.96,15.5,D
1200,41.96,16.55,D
1200,41.96,16.74,D
1200,41.96,18.68,C
1200,41.96,19.83,D
1200,41.96,19.93,C
1200,41.96,20.64,D
1200,41.96,20.68,D
1200,41.96,20.97,D
1200,41.96,21.37,C
1200,41.96,21.94,D
1200,41.96,22.72,D
1200,41.96,23.87,D
1200,41.96,24.34,D
1200,41.96,24.66,D
1200,41.96,24.88,D
1200,41.96,25.11,D
1200,41.96,25.43,D
1200,41.96,27.11,D
1200,41.96,27.88,D
1200,41.96,28.69,D
1200,41.96,29.7,D
1200,41.96,29.78,D
1200,41.96,30.23,D
1200,41.96,30.46,D
1200,41.96,31.42,D
1200,41.96,31.48,D
1200,41.96,31.64,D
1200,41.96,31.87,D
1200,41.96,32.01,C
1200,41.96,34.78,D
1200,41.96,38.19,D
1200,41.96,38.96,D
1200,41.96,39.29,D
1200,41.99,12.33,D
1200,42.01,20.58,E
1200,42.02,4.53,D
1200,42.06,22.53,D
1200,42.08,6.36,C
1200,42.08,9.99,C
1200,42.08,11.54,C
1200,42.08,27.14,C
1200,42.08,27.61,C
1200,42.12,7.73,C
1200,42.16,18.88,D
1200,42.17,0.82,C
1200,42.19,3.4,C
1200,42.19,5.04,C
1200,42.19,5.2,C
1200,42.19,6.51,C
1200,42.19,8.47,D
1200,42.19,10.25,C
1200,42.19,10.65,C
1200,42.19,11.77,C
1200,42.19,12.24,D
1200,42.19,12.57,D
1200,42.19,14.11,C
1200,42.19,14.23,D
1200,42.19,14.8,C
1200,42.19,14.81,C
1200,42.19,15.75,C
1200,42.19,16.2,C
1200,42.19,17.98,C
1200,42.19,18.21,C
1200,42.19,18.52,D
1200,42.19,19.48,D
1200,42.19,19.67,C
1200,42.19,19.76,C
1200,42.19,25.09,C
1200,42.19,25.49,C
1200,42.19,25.99,C
1200,42.19,26.15,C
1200,42.19,27.74,D
1200,42.19,27.85,C
1200,42.19,28.73,C
1200,42.19,31.23,D
1200,42.19,31.25,C
1200,42.19,33.05,C
1200,42.19,33.53,C
1200,42.2,6.67,C
1200,42.2,11.53,C
1200,42.2,21.11,C
1200,42.2,26.76,C
1200,42.21,1.39,C
1200,42.21,2.95,C
1200,42.21,5.4,C
1200,42.21,5.55,C
1200,42.21,6.14,C
1200,42.21,6.27,C
1200,42.21,9.42,C
1200,42.21,10.48,C
1200,42.21,10.64,C
1200,42.21,11.52,C
1200,42.21,11.66,C
1200,42.21,11.95,C
1200,42.21,12.3,C
1200,42.21,13.97,C
1200,42.21,14.9,C
1200,42.21,15.65,C
1200,42.21,15.92,C
1200,42.21,15.93,C
1200,42.21,17.05,C
1200,42.21,17.7,C
1200,42.21,17.96,C
1200,42.21,18.14,C
1200,42.21,18.33,C
1200,42.21,19.05,C
1200,42.21,19.44,C
1200,42.21,19.46,C
1200,42.21,20.43,C
1200,42.21,21.1,C
1200,42.21,22.22,C
1200,42.21,22.43,C
1200,42.21,23.38,C
1200,42.21,23.55,C
1200,42.21,24.08,C
1200,42.21,24.2,C
1200,42.21,24.5,C
1200,42.21,25.28,C
1200,42.21,25.79,C
1200,42.21,25.9,C
1200,42.21,26.25,C
1200,42.21,26.65,C
1200,42.21,26.99,C
1200,42.21,27.53,C
1200,42.21,28.06,C
1200,42.21,28.78,C
1200,42.21,32.13,C
1200,42.28,0.84,C
1200,42.28,3,C
1200,42.28,6.25,C
1200,42.28,6.48,C
1200,42.28,6.93,C
1200,42.28,11.29,C
1200,42.28,17.25,C
1200,42.28,18.49,C
1200,42.28,19.72,C
1200,42.28,22.62,C
1200,42.28,22.64,C
1200,42.28,23.52,C
1200,42.28,25.47,C
1200,42.28,25.68,C
1200,42.28,29,C
1200,42.31,13.55,C
1200,42.31,18.32,C
1200,42.31,21.19,C
1200,42.31,26.91,C
1200,42.37,5.67,D
1200,42.37,7.06,D
1200,42.37,7.16,D
1200,42.37,7.36,D
1200,42.37,8.24,C
1200,42.37,10.37,D
1200,42.37,10.58,C
1200,42.37,10.66,C
1200,42.37,12.56,D
1200,42.37,12.59,D
1200,42.37,12.75,C
1200,42.37,13.49,D
1200,42.37,14.26,D
1200,42.37,15.62,C
1200,42.37,16.18,D
1200,42.37,16.55,D
1200,42.37,16.96,C
1200,42.37,18.43,D
1200,42.37,19.57,D
1200,42.37,19.95,C
1200,42.37,23.45,D
1200,42.37,23.99,C
1200,42.37,27.04,D
1200,42.37,28.8,D
1200,42.37,29.01,D
1200,42.37,29.06,C
1200,42.37,29.38,C
1200,42.37,32.88,D
1200,42.37,33.27,D
1200,42.37,36.22,D
1200,42.37,36.66,D
1200,42.37,37.19,D
1200,42.37,38.75,D
1200,42.37,46.84,D
1200,42.47,6.15,C
1200,42.47,9.41,C
1200,42.47,10.24,C
1200,42.47,18.67,C
1200,42.47,24.43,C
1200,42.47,45.38,C
1200,42.48,17.98,D
1200,42.48,33.23,D
1200,42.48,35.28,D
1200,42.52,3.84,D
1200,42.52,4.1,D
1200,42.52,5.72,D
1200,42.52,9.06,D
1200,42.52,11.68,D
1200,42.52,19.36,D
1200,42.52,20.08,D
1200,42.52,22.42,D
1200,42.52,22.72,D
1200,42.52,23.94,D
1200,42.52,27.51,D
1200,42.52,34.23,D
1200,42.52,34.93,D
1200,42.52,36.37,D
1200,42.52,37.88,D
1200,42.52,38.01,D
1200,42.52,39.1,D
1200,42.54,11.6,D
1200,42.54,24.22,D
1200,42.54,25.12,D
1200,42.6,11,E
1200,42.66,5.87,C
1200,42.66,21.42,C
1200,42.66,23.28,C
1200,42.66,28.72,C
1200,42.73,4.35,C
1200,42.73,6.04,C
1200,42.73,7.52,C
1200,42.73,9.17,C
1200,42.73,13.59,C
1200,42.73,16.47,C
1200,42.73,16.48,C
1200,42.73,20.68,C
1200,42.73,21,C
1200,42.73,22.06,C
1200,42.73,22.54,C
1200,42.73,23.1,C
1200,42.73,23.55,C
1200,42.73,24.3,C
1200,42.73,35.32,C
1200,42.73,39.83,C
1200,42.78,0.24,D
1200,42.78,3.26,D
1200,42.78,4.73,D
1200,42.78,6.06,D
1200,42.78,6.64,D
1200,42.78,8.51,D
1200,42.78,8.57,D
1200,42.78,10.24,D
1200,42.78,10.31,D
1200,42.78,10.43,D
1200,42.78,11.04,D
1200,42.78,11.6,D
1200,42.78,13.06,D
1200,42.78,13.08,D
1200,42.78,13.7,D
1200,42.78,14.66,D
1200,42.78,14.76,D
1200,42.78,15.6,D
1200,42.78,17.24,D
1200,42.78,17.5,D
1200,42.78,18.84,D
1200,42.78,19.68,D
1200,42.78,20.67,D
1200,42.78,21.88,D
1200,42.78,22.31,D
1200,42.78,22.65,D
1200,42.78,22.67,D
1200,42.78,22.84,D
1200,42.78,25.03,D
1200,42.78,25.4,D
1200,42.78,26.67,D
1200,42.78,26.84,D
1200,42.78,27.23,D
1200,42.78,27.31,D
1200,42.78,27.74,D
1200,42.78,28.51,D
1200,42.78,28.62,D
1200,42.78,29.32,D
1200,42.78,30.14,D
1200,42.78,30.34,D
1200,42.78,30.86,D
1200,42.78,30.96,D
1200,42.78,32.31,D
1200,42.78,32.79,D
1200,42.78,34.31,D
1200,42.78,34.5,D
1200,42.78,34.89,D
1200,42.78,35.35,D
1200,42.84,3.97,D
1200,42.84,4.15,D
1200,42.84,4.41,D
1200,42.84,4.63,D
1200,42.84,10.39,D
1200,42.84,10.76,D
1200,42.84,12.08,D
1200,42.84,14.02,D
1200,42.84,15.22,D
1200,42.84,21.49,D
1200,42.84,24.4,D
1200,42.84,24.56,D
1200,42.84,29.65,D
1200,42.84,32.55,D
1200,42.85,7.54,C
1200,42.85,18,C
1200,42.85,25.26,C
1200,42.95,3.26,C
1200,42.95,9.93,C
1200,42.95,11.28,C
1200,42.95,14.9,D
1200,42.95,16.8,D
1200,42.95,20.27,C
1200,42.95,20.3,C
1200,42.95,22.9,D
1200,42.95,25.97,D
1200,42.95,27.03,D
1200,42.95,29.56,C
1200,42.95,30.14,D
1200,42.95,31.33,D
1200,42.95,34.86,D
1200,43.07,3.82,D
1200,43.07,4.63,D
1200,43.07,7.43,D
1200,43.07,7.62,D
1200,43.07,10.32,D
1200,43.07,10.96,D
1200,43.07,19.02,D
1200,43.07,22.81,D
1200,43.07,25.96,D
1200,43.07,28.54,D
1200,43.07,33.7,D
1200,43.11,8.38,G
1200,43.12,2.57,D
1200,43.12,9.36,E
1200,43.12,9.82,D
1200,43.12,12.68,D
1200,43.12,20.86,D
1200,43.12,28.93,D
1200,43.13,3.65,D
1200,43.13,12.41,D
1200,43.13,15.68,D
1200,43.13,16.17,D
1200,43.13,16.26,D
1200,43.13,16.4,D
1200,43.13,17.14,D
1200,43.13,18.28,D
1200,43.13,18.66,D
1200,43.13,19.19,D
1200,43.13,22.11,D
1200,43.13,22.13,D
1200,43.13,23.28,D
1200,43.13,23.75,D
1200,43.13,24.27,D
1200,43.13,24.53,D
1200,43.13,26.55,D
1200,43.13,27.7,D
1200,43.13,30.57,D
1200,43.13,33.77,D
1200,43.13,35.56,D
1200,43.13,39.24,D
1200,43.24,21.35,D
1200,43.24,29.22,D
1200,43.25,2.75,D
1200,43.25,5.86,D
1200,43.25,8.64,D
1200,43.25,12.95,D
1200,43.3,10.07,D
1200,43.3,12.87,D
1200,43.3,15.5,D
1200,43.3,15.57,D
1200,43.3,15.63,D
1200,43.3,17.4,D
1200,43.3,19.79,D
1200,43.3,24.75,D
1200,43.3,28.6,D
1200,43.3,29.9,D
1200,43.3,36.13,D
1200,43.37,5.51,D
1200,43.37,6.46,D
1200,43.37,8.19,D
1200,43.37,9.78,D
1200,43.37,13.79,D
1200,43.37,15.86,D
1200,43.37,17.81,D
1200,43.37,20.48,D
1200,43.37,23.16,D
1200,43.37,25.03,D
1200,43.37,25.61,D
1200,43.37,25.69,D
1200,43.37,26.52,D
1200,43.37,26.65,D
1200,43.37,27.81,D
1200,43.37,30.29,D
1200,43.37,32.53,D
1200,43.37,35.84,D
1200,43.37,37.8,D
1200,43.38,2.14,D
1200,43.38,4.95,D
1200,43.38,9.37,D
1200,43.38,11.96,D
1200,43.38,12.32,D
1200,43.38,12.86,D
1200,43.38,13.03,D
1200,43.38,14.56,D
1200,43.38,16.5,D
1200,43.38,17.33,D
1200,43.38,19.7,D
1200,43.38,19.72,D
1200,43.38,20.03,D
1200,43.38,20.05,D
1200,43.38,20.12,D
1200,43.38,20.42,D
1200,43.38,21.71,D
1200,43.38,21.79,D
1200,43.38,22.45,D
1200,43.38,22.76,D
1200,43.38,22.81,D
1200,43.38,23.15,D
1200,43.38,23.88,D
1200,43.38,24.98,D
1200,43.38,25.36,D
1200,43.38,25.83,D
1200,43.38,26.05,D
1200,43.38,26.5,D
1200,43.38,27.7,D
1200,43.38,28.08,D
1200,43.38,31.59,D
1200,43.38,32.44,D
1200,43.38,34.05,D
1200,43.38,34.07,D
1200,43.38,34.27,D
1200,43.38,34.67,D
1200,43.42,1.47,D
1200,43.42,5.81,D
1200,43.42,6.02,D
1200,43.42,6.7,D
1200,43.42,8.44,D
1200,43.42,9.97,D
1200,43.42,11.92,D
1200,43.42,12.45,D
1200,43.42,12.91,D
1200,43.42,13.68,D
1200,43.42,15.51,D
1200,43.42,15.6,D
1200,43.42,16.67,D
1200,43.42,17.2,D
1200,43.42,18.35,D
1200,43.42,18.82,D
1200,43.42,19.84,D
1200,43.42,21.63,D
1200,43.42,22.31,D
1200,43.42,23.11,D
1200,43.42,23.42,D
1200,43.42,24.16,D
1200,43.42,25.82,D
1200,43.42,25.95,D
1200,43.42,28.23,D
1200,43.42,29.94,D
1200,43.42,33.86,D
1200,43.42,36.74,D
1200,43.42,41.54,D
1200,43.53,7.21,D
1200,43.53,10.02,D
1200,43.53,14.81,D
1200,43.53,15,D
1200,43.53,15.27,D
1200,43.53,17.56,D
1200,43.53,26.76,D
1200,43.53,32.45,D
1200,43.53,39.38,D
1200,43.54,7.2,D
1200,43.54,11.84,D
1200,43.54,12.44,E
1200,43.54,16.51,D
1200,43.54,18.42,D
1200,43.54,19.37,D
1200,43.54,21.1,D
1200,43.54,21.64,D
1200,43.54,23.3,D
1200,43.54,24.12,D
1200,43.54,24.64,E
1200,43.54,24.66,D
1200,43.54,25.65,D
1200,43.54,26.89,D
1200,43.54,39.89,E
1200,43.66,1.28,D
1200,43.66,11.25,D
1200,43.66,16.52,D
1200,43.66,19.24,D
1200,43.66,20.48,D
1200,43.66,25.57,D
1200,43.66,30.17,D
1200,43.68,2.92,D
1200,43.68,6.87,D
1200,43.68,8.72,D
1200,43.68,10.22,D
1200,43.68,16.91,D
1200,43.68,26.42,D
1200,43.68,29.83,D
1200,43.71,1.94,E
1200,43.71,27.13,E
1200,43.71,32.57,E
1200,43.72,13.2,E
1200,43.72,14.77,D
1200,43.72,17.4,D
1200,43.72,24.89,D
1200,43.72,24.9,D
1200,43.72,25.2,E
1200,43.84,2.86,D
1200,43.84,2.97,D
1200,43.84,5.96,D
1200,43.84,7.43,D
1200,43.84,7.5,D
1200,43.84,15.98,D
1200,43.84,17.33,D
1200,43.84,19.05,D
1200,43.9,4.69,D
1200,43.94,6.17,D
1200,43.94,6.84,D
1200,43.94,15.95,D
1200,43.94,19.54,D
1200,43.94,20.15,D
1200,43.96,8.22,D
1200,43.96,10.64,D
1200,43.96,11.95,D
1200,43.96,13.85,D
1200,43.96,14.27,D
1200,43.96,14.4,D
1200,43.96,15.47,D
1200,43.96,16.39,D
1200,43.96,18.6,D
1200,43.96,21.13,D
1200,43.96,21.65,D
1200,43.96,22.52,D
1200,43.96,22.71,D
1200,43.96,24.7,D
1200,43.96,31.06,D
1200,43.96,36.21,D
1200,43.99,1.46,D
1200,43.99,1.48,D
1200,43.99,1.71,D
1200,43.99,4.47,D
1200,43.99,7.49,D
1200,43.99,9.24,D
1200,43.99,11.33,E
1200,43.99,12,E
1200,43.99,12.07,D
1200,43.99,12.95,E
1200,43.99,13.29,D
1200,43.99,16.32,D
1200,43.99,18.68,D
1200,43.99,18.68,E
1200,43.99,19.3,E
1200,43.99,19.45,D
1200,43.99,19.77,E
1200,43.99,22.64,D
1200,43.99,23.15,D
1200,43.99,23.61,E
1200,43.99,24.9,F
1200,43.99,26.78,D
1200,43.99,28.62,D
1200,43.99,29.23,D
1200,43.99,30.31,D
1200,43.99,31.22,D
1200,43.99,33.1,D
1200,43.99,33.77,D
1200,43.99,35.35,D
1200,43.99,42.95,D
1200,44.01,1.59,D
1200,44.01,6.37,D
1200,44.01,6.39,D
1200,44.01,7.88,D
1200,44.01,8.66,D
1200,44.01,9.54,D
1200,44.01,10.57,D
1200,44.01,13.14,D
1200,44.01,13.62,D
1200,44.01,15.12,D
1200,44.01,15.5,D
1200,44.01,16.11,D
1200,44.01,16.12,D
1200,44.01,16.13,D
1200,44.01,16.17,D
1200,44.01,16.44,D
1200,44.01,19.6,D
1200,44.01,20.24,D
1200,44.01,21.27,D
1200,44.01,21.47,D
1200,44.01,23.02,D
1200,44.01,23.95,D
1200,44.01,25.06,D
1200,44.01,30.1,D
1200,44.01,30.25,D
1200,44.01,31.92,D
1200,44.01,33.9,D
1200,44.01,54.31,D
1200,44.02,8.68,D
1200,44.02,10.84,D
1200,44.02,11.12,D
1200,44.11,10.47,D
1200,44.11,12.85,D
1200,44.11,14.13,D
1200,44.11,19.03,E
1200,44.11,19.8,D
1200,44.11,22.26,E
1200,44.11,22.66,D
1200,44.13,24.04,D
1200,44.14,20.15,E
1200,44.14,21.19,E
1200,44.17,8.65,E
1200,44.25,3,D
1200,44.25,3.69,D
1200,44.25,11.42,D
1200,44.25,12.04,D
1200,44.25,12.89,D
1200,44.25,13.94,D
1200,44.25,17.23,D
1200,44.25,19.88,D
1200,44.25,25.04,D
1200,44.25,26.99,D
1200,44.25,29.42,D
1200,44.28,13.28,D
1200,44.31,8.38,D
1200,44.31,10.35,E
1200,44.31,11.09,D
1200,44.31,11.73,D
1200,44.31,14.52,D
1200,44.31,15.81,D
1200,44.31,17.43,E
1200,44.31,18.54,D
1200,44.31,20.4,D
1200,44.31,20.77,D
1200,44.31,22.53,D
1200,44.31,23.31,E
1200,44.31,25.57,D
1200,44.31,26.73,D
1200,44.31,30.53,D
1200,44.31,30.98,E
1200,44.31,31.02,D
1200,44.31,34.4,E
1200,44.43,1.45,D
1200,44.43,4.98,D
1200,44.43,8.7,D
1200,44.43,17.24,D
1200,44.55,5.81,D
1200,44.55,8.33,D
1200,44.55,10.19,D
1200,44.55,11.39,D
1200,44.55,13.2,D
1200,44.55,15.45,D
1200,44.55,17.2,D
1200,44.55,21.67,D
1200,44.55,25.82,D
1200,44.55,31.28,D
1200,44.55,39.25,D
1200,44.58,16.29,D
1200,44.58,23.71,D
1200,44.6,1.74,D
1200,44.6,4.62,D
1200,44.6,5.41,D
1200,44.6,6.88,D
1200,44.6,6.93,D
1200,44.6,9.19,D
1200,44.6,9.22,E
1200,44.6,9.27,D
1200,44.6,9.81,D
1200,44.6,10.81,D
1200,44.6,11.08,D
1200,44.6,13.27,D
1200,44.6,13.57,E
1200,44.6,14,E
1200,44.6,14.47,D
1200,44.6,15.57,D
1200,44.6,15.91,D
1200,44.6,16.8,D
1200,44.6,16.89,D
1200,44.6,17.17,D
1200,44.6,17.35,D
1200,44.6,18.66,D
1200,44.6,20.47,D
1200,44.6,21.84,D
1200,44.6,22.58,D
1200,44.6,23.45,D
1200,44.6,23.8,D
1200,44.6,24.27,D
1200,44.6,24.57,D
1200,44.6,25.04,D
1200,44.6,26.69,D
1200,44.6,28.22,D
1200,44.6,28.59,E
1200,44.6,30.71,D
1200,44.6,31.78,D
1200,44.6,32.79,E
1200,44.6,33.97,D
1200,44.6,48.06,E
1200,44.72,9.8,D
1200,44.72,13.77,D
1200,44.72,15.76,E
1200,44.72,16.95,D
1200,44.72,20.05,E
1200,44.72,21.31,D
1200,44.79,10,D
1200,44.79,11.56,D
1200,44.79,12.44,D
1200,44.79,12.96,D
1200,44.79,18.86,D
1200,44.79,19.81,D
1200,44.79,26.28,D
1200,44.84,8.85,D
1200,44.84,10.6,D
1200,44.84,11.69,D
1200,44.84,14.88,D
1200,44.84,16.08,D
1200,44.84,19.33,D
1200,44.84,19.43,D
1200,44.84,21.22,D
1200,44.84,26.79,D
1200,44.84,27.57,D
1200,44.9,10.4,E
1200,44.9,13.05,E
1200,44.9,14.85,E
1200,44.9,16.51,E
1200,44.91,1.16,E
1200,45.06,17.7,E
1200,45.06,27.1,E
1200,45.09,3.71,E
1200,45.15,2.35,D
1200,45.15,9.25,D
1200,45.15,10.42,D
1200,45.15,15.85,D
1200,45.15,16.1,D
1200,45.15,16.42,D
1200,45.15,18.03,D
1200,45.15,20.6,D
1200,45.15,28.71,D
1200,45.15,30.64,D
1200,45.15,37.62,D
1200,45.21,10.25,E
1200,45.21,15.6,E
1200,45.21,17.66,E
1200,45.21,26.7,E
1200,45.21,30.56,E
1200,45.21,32.29,E
1200,45.22,11.86,E
1200,45.22,20.03,E
1200,45.22,20.88,E
1200,45.22,21.26,E
1200,45.22,32.15,E
1200,45.31,5.83,E
1200,45.31,15.04,E
1200,45.31,16.53,E
1200,45.31,18.3,E
1200,45.31,19.59,E
1200,45.31,22.42,E
1200,45.31,27.35,E
1200,45.33,29.92,E
1200,45.39,9.78,F
1200,45.49,3.72,D
1200,45.49,5.8,D
1200,45.49,8.33,D
1200,45.49,12.84,D
1200,45.49,12.88,D
1200,45.49,15.16,D
1200,45.49,16.12,D
1200,45.49,17.13,D
1200,45.49,17.85,D
1200,45.49,19.87,D
1200,45.49,23.01,D
1200,45.49,30.85,D
1200,45.49,31.04,D
1200,45.49,33.66,D
1200,45.49,34.51,D
1200,45.49,35.63,D
1200,45.49,38.92,D
1200,45.49,38.93,D
1200,45.51,14.3,E
1200,45.52,0,D
1200,45.52,2.98,E
1200,45.52,8.21,D
1200,45.52,8.4,D
1200,45.52,10.44,E
1200,45.52,16.7,D
1200,45.52,21.48,D
1200,45.52,30.65,D
1200,45.52,33.16,D
1200,45.59,13.19,E
1200,45.59,16.1,E
1200,45.59,17.52,E
1200,45.63,10.38,E
1200,45.74,15.59,D
1200,45.74,18.13,D
1200,45.74,19.53,D
1200,45.74,24.65,D
1200,45.74,27.5,D
1200,45.74,29.72,D
1200,45.74,31.07,D
1200,45.74,33.79,D
1200,45.74,34.51,D
1200,45.74,36,D
1200,45.81,12.8,E
1200,45.82,7.73,E
1200,45.82,9.61,E
1200,45.82,18.77,E
1200,45.82,33.57,E
1200,45.83,7.75,F
1200,45.83,12.53,F
1200,45.83,22.2,F
1200,45.83,35.4,F
1200,45.93,17.25,E
1200,45.93,20.97,E
1200,45.93,21.83,E
1200,45.93,21.88,E
1200,45.93,27.32,E
1200,45.96,7.13,E
1200,45.96,20.15,E
1200,46.05,5.72,D
1200,46.05,13.9,D
1200,46.05,21.14,D
1200,46.05,25.48,D
1200,46.05,33.53,D
1200,46.08,5.5,E
1200,46.08,10.47,E
1200,46.08,15.46,E
1200,46.08,21.92,E
1200,46.08,29.12,E
1200,46.08,29.85,E
1200,46.11,19.41,E
1200,46.11,31.63,E
1200,46.11,42.5,E
1200,46.13,8.92,E
1200,46.13,26.63,E
1200,46.29,11.9,E
1200,46.29,25.02,E
1200,46.29,25.82,E
1200,46.29,33.71,E
1200,46.39,11.07,E
1200,46.39,19.33,E
1200,46.39,26.7,E
1200,46.39,27.16,E
1200,46.39,29.26,E
1200,46.39,33.67,E
1200,46.39,33.87,E
1200,46.4,3.26,E
1200,46.4,3.98,E
1200,46.4,6.27,E
1200,46.4,9.4,E
1200,46.4,9.81,E
1200,46.4,19.85,E
1200,46.4,23.86,E
1200,46.4,26.46,E
1200,46.43,1.2,F
1200,46.43,1.92,F
1200,46.43,23.75,F
1200,46.45,17.65,F
1200,46.52,13.95,E
1200,46.52,14.57,E
1200,46.54,16.86,F
1200,46.71,1.82,E
1200,46.71,2.6,E
1200,46.71,3.18,E
1200,46.71,4.13,E
1200,46.71,7.58,E
1200,46.71,8.15,E
1200,46.71,10.91,E
1200,46.71,11.04,E
1200,46.71,11.1,E
1200,46.71,13.8,E
1200,46.71,13.92,E
1200,46.71,15.03,E
1200,46.71,15.28,E
1200,46.71,16.24,E
1200,46.71,17.97,E
1200,46.71,22.53,E
1200,46.71,22.71,E
1200,46.71,22.77,E
1200,46.71,23.72,E
1200,46.71,26.04,E
1200,46.71,27.24,E
1200,46.71,27.57,E
1200,46.71,28.57,E
1200,46.71,30.19,E
1200,46.71,35.27,E
1200,46.73,8.86,F
1200,46.73,12.33,F
1200,46.73,15.18,F
1200,46.73,19.22,F
1200,46.73,19.3,F
1200,46.73,19.6,F
1200,46.73,22.04,F
1200,46.77,24.14,F
1200,46.77,27.18,F
1200,46.85,1.88,F
1200,46.85,2.72,F
1200,46.9,10.34,F
1200,46.9,12.72,F
1200,46.9,13.84,F
1200,46.9,14.46,F
1200,46.9,14.61,F
1200,46.9,19.11,F
1200,46.9,22.41,F
1200,46.9,23.69,F
1200,46.9,27.49,F
1200,47,2.98,E
1200,47,4.53,E
1200,47,5.54,E
1200,47,14.31,E
1200,47,17.87,E
1200,47,20.35,E
1200,47,27.91,E
1200,47.01,9.09,E
1200,47.01,9.84,E
1200,47.01,13.36,E
1200,47.01,17.13,E
1200,47.01,18.32,E
1200,47.01,19.48,E
1200,47.01,21.58,E
1200,47.01,21.8,E
1200,47.01,22.54,E
1200,47.01,23.84,E
1200,47.01,23.93,E
1200,47.01,26.05,E
1200,47.01,32.99,E
1200,47.01,55.55,E
1200,47.08,1.44,E
1200,47.08,9.74,E
1200,47.08,14.24,E
1200,47.08,18.35,E
1200,47.08,22.89,E
1200,47.08,31.69,E
1200,47.08,36.16,F
1200,47.13,4.22,F
1200,47.13,9.19,F
1200,47.15,39.44,F
1200,47.32,0.18,E
1200,47.32,1.27,E
1200,47.32,10.32,E
1200,47.32,14.81,E
1200,47.32,16.25,E
1200,47.32,17.07,E
1200,47.32,20.72,E
1200,47.32,23.44,E
1200,47.32,24.38,E
1200,47.32,26.3,E
1200,47.32,26.52,E
1200,47.32,27.17,E
1200,47.32,31.65,E
1200,47.32,32.1,E
1200,47.39,6.64,E
1200,47.39,17.66,E
1200,47.39,33.37,E
1200,47.39,33.68,E
1200,47.4,5.76,F
1200,47.4,15.17,F
1200,47.4,18.83,F
1200,47.4,23.25,F
1200,47.4,25.27,F
1200,47.4,25.95,F
1200,47.4,27.7,F
1200,47.4,34.47,F
1200,47.55,3.24,E
1200,47.55,10.71,E
1200,47.55,11.65,E
1200,47.62,4.29,E
1200,47.62,5.34,E
1200,47.62,6.19,E
1200,47.62,6.58,E
1200,47.62,12.54,E
1200,47.62,13.47,E
1200,47.62,14.53,E
1200,47.62,14.61,E
1200,47.62,17.76,E
1200,47.62,18.21,E
1200,47.62,19.48,E
1200,47.62,20.18,E
1200,47.62,29.61,E
1200,47.62,30.63,E
1200,47.62,31.99,E
1200,47.62,32.45,E
1200,47.62,32.6,E
1200,47.71,8.72,F
1200,47.79,15.86,F
1200,47.93,6.14,E
1200,47.93,7.04,E
1200,47.93,8.72,E
1200,47.93,9.45,E
1200,47.93,12.01,E
1200,47.93,12.7,E
1200,47.93,13.13,E
1200,47.93,15.07,E
1200,47.93,16.04,E
1200,47.93,18.19,E
1200,47.93,21.47,E
1200,47.93,23.09,E
1200,47.93,24.15,E
1200,47.93,25.72,E
1200,47.93,26.57,E
1200,47.93,27.45,E
1200,47.93,27.68,E
1200,47.93,28.5,E
1200,47.93,31.8,E
1200,47.93,32.44,E
1200,48.03,8.03,E
1200,48.03,15.08,E
1200,48.24,7.9,E
1200,48.24,11.74,E
1200,48.24,14.13,E
1200,48.24,16.08,E
1200,48.24,16.76,E
1200,48.24,16.84,E
1200,48.25,14.01,G
1200,48.51,9.09,E
1200,48.51,27.19,E
1200,48.55,3.52,E
1200,48.55,5.27,E
1200,48.55,12.39,E
1200,48.55,15.82,E
1200,48.55,17.78,E
1200,48.55,19.24,E
1200,48.55,20.93,E
1200,48.55,22.96,E
1200,48.55,23.39,E
1200,48.55,25.92,E
1200,48.55,28.17,E
1200,48.55,30.02,E
1200,48.55,30.8,E
1200,48.55,39.74,E
1200,48.85,26.68,E
1200,49.17,0.64,E
1200,49.17,7.12,E
1200,49.17,9.25,E
1200,49.17,11.87,E
1200,49.17,11.97,E
1200,49.17,15.22,E
1200,49.17,16.69,E
1200,49.17,19.31,E
1200,49.17,19.92,E
1200,49.17,22.08,E
1200,49.17,22.19,E
1200,49.17,24.44,E
1200,49.17,24.65,E
1200,49.17,25.4,E
1200,49.17,27.75,E
1200,49.17,28.79,E
1200,49.17,30.37,E
1200,49.17,36.79,E
1200,49.21,13.94,G
1200,50.09,26.63,F
1200,50.11,2.13,F
1200,50.11,20.43,F
1200,50.74,25.36,F
1200,50.74,29.78,F
1200,51.06,22.65,F
1200,51.44,4,F
1200,51.44,7.8,F
1200,51.44,33.61,F
1200,51.5,14.36,G
1200,51.5,25.81,G
1225,37.16,14.4,A
1225,37.64,,A
1225,37.82,12.02,A
1225,38.39,19.36,A
1225,39.77,9.85,B
1225,40.34,22.91,B
1225,40.69,0.05,C
1225,42.46,30.58,C
1225,42.49,2.4,C
1225,43.73,13.48,D
1225,44.03,10.85,D
1225,44.21,33.53,D
1225,44.29,11.81,D
1225,44.45,35.92,E
1225,44.9,19.69,D
1225,45.46,31.31,E
1225,46.44,8.83,D
1225,48.61,5.58,E
1225,49,39.63,F
1250,37.7,19.29,A
1250,38.6,2.12,A
1250,38.6,17.01,A
1250,38.6,30.18,A
1250,38.64,27.12,A
1250,38.72,7.24,A
1250,38.8,6.12,A
1250,38.8,15.95,A
1250,38.8,17.34,A
1250,38.86,9.78,A
1250,39.08,1.65,A
1250,39.15,19,A
1250,39.17,23.1,A
1250,39.17,29.42,A
1250,39.44,10.88,A
1250,39.85,25.52,B
1250,40.01,16.15,B
1250,40.15,4.84,B
1250,40.2,21.86,B
1250,40.22,24.43,B
1250,40.29,10.99,B
1250,40.39,10.81,B
1250,40.39,20.84,B
1250,40.39,21.42,B
1250,40.59,7.83,B
1250,40.88,5.78,B
1250,40.9,5.18,B
1250,40.92,0.64,B
1250,41.22,2.88,B
1250,41.22,22.15,B
1250,41.22,26.93,B
1250,41.33,13.87,B
1250,41.42,21.4,B
1250,41.52,12.59,B
1250,41.52,27.53,C
1250,41.59,15.54,B
1250,41.7,18.03,C
1250,41.96,17.79,B
1250,41.97,7.84,C
1250,41.97,16.78,C
1250,42,12.22,C
1250,42,25.51,C
1250,42.03,13.33,B
1250,42.12,15.76,C
1250,42.22,21.33,C
1250,42.26,0.15,C
1250,42.32,33.27,C
1250,42.42,14.57,C
1250,42.42,15.23,C
1250,42.42,33.22,C
1250,42.48,21.37,C
1250,42.48,23.13,C
1250,42.48,25.26,C
1250,42.72,19.52,C
1250,42.72,25.47,C
1250,42.78,12.74,C
1250,42.78,21.91,C
1250,42.93,16.42,C
1250,42.96,5.64,E
1250,43.03,7.75,C
1250,43.03,13.49,C
1250,43.12,29.74,C
1250,43.33,18.58,C
1250,43.37,3.27,C
1250,43.37,16.39,C
1250,43.53,11.3,C
1250,43.71,4.91,C
1250,43.71,15.57,D
1250,43.83,13.06,C
1250,43.83,28.75,C
1250,43.95,22.38,C
1250,44.56,8.2,D
1250,44.56,15.87,D
1250,44.56,18.74,D
1250,44.74,33.66,C
1250,45.23,16.86,D
1250,45.35,27,D
1250,45.48,13.39,D
1250,45.73,22.07,D
1250,45.82,31.45,D
1250,45.84,10.68,D
1250,45.84,15.58,D
1250,46.01,12.07,E
1250,46.41,26,D
1250,46.44,20.48,D
1250,46.45,22.05,D
1250,46.46,29.15,D
1250,46.77,14.88,E
1250,46.77,17.75,E
1250,47.41,14.61,D
1250,47.41,15.5,E
1250,48,9.97,E
1250,48.65,9.9,E
1250,48.67,5.08,F
1250,49.1,1.3,F
1250,49.7,20.36,F
1250,50.25,0,E
1250,50.57,8.27,E
1250,51.22,28.58,E
1250,52.16,17.62,G
1250,52.86,12.84,F
1275,39.32,0.76,A
1275,39.58,1,A
1275,39.58,31.89,A
1275,39.66,30.86,A
1275,39.89,24.88,A
1275,39.94,13.42,A
1275,39.95,19.15,A
1275,40.35,10.35,B
1275,40.49,17.25,A
1275,41.1,14.37,B
1275,41.4,33.92,B
1275,41.74,20.59,B
1275,41.97,18.83,B
1275,42.03,11.72,B
1275,42.07,7.63,B
1275,42.07,13.34,B
1275,42.23,6.8,B
1275,42.53,17.63,C
1275,42.65,10,D
1275,42.84,12.52,C
1275,42.96,13.23,C
1275,42.96,13.3,C
1275,43.08,8.18,C
1275,43.37,9.99,C
1275,43.58,1.78,C
1275,43.79,10.01,C
1275,43.87,28,C
1275,43.89,18.38,C
1275,44.2,20.53,C
1275,44.35,24.59,C
1275,44.59,19.26,D
1275,44.7,27.6,C
1275,44.84,21.01,C
1275,45.01,23.86,D
1275,45.2,23.41,D
1275,45.46,11.88,D
1275,45.55,15.55,D
1275,46.01,2,D
1275,46.01,8.89,D
1275,46.14,9.92,D
1275,46.26,11.56,E
1275,46.26,19.65,E
1275,46.45,9.72,E
1275,46.45,18.93,D
1275,46.69,25.55,D
1275,46.73,27.95,D
1275,47.08,0,D
1275,47.08,10.74,E
1275,47.38,0.06,D
1275,47.38,24.18,D
1275,47.71,6.25,E
1275,47.97,24.48,D
1275,48.48,25.75,E
1275,50.02,0,E
1275,50.02,9.53,E
1275,50.69,14.59,E
1275,51.25,16.27,E
1275,53.22,22.26,F
1275,53.78,3.12,F
1300,28.01,27.69,B
1300,29,5.9,B
1300,36.21,9.92,E
1300,39.15,1.46,A
1300,39.15,3.74,A
1300,39.15,6.59,A
1300,39.15,12.41,A
1300,39.15,17.96,A
1300,39.15,18.69,A
1300,39.15,20.47,A
1300,39.15,27.17,A
1300,39.15,30.48,A
1300,39.21,6.7,A
1300,39.43,8.85,A
1300,39.57,8.47,A
1300,39.57,24.4,A
1300,39.57,28.71,A
1300,39.6,16.45,A
1300,39.67,14.43,A
1300,39.7,11.61,A
1300,39.78,6.43,A
1300,39.83,16.43,A
1300,39.84,27.4,A
1300,39.87,20.19,A
1300,39.92,4.27,A
1300,39.96,25.45,A
1300,39.98,13.73,A
1300,39.98,17.6,A
1300,39.98,28.6,A
1300,40.08,18.04,A
1300,40.1,13.61,A
1300,40.13,14.98,A
1300,40.14,16.8,A
1300,40.19,12.04,A
1300,40.22,6.07,A
1300,40.27,8.58,A
1300,40.27,15.5,A
1300,40.27,21.07,A
1300,40.27,30.21,A
1300,40.29,14.59,A
1300,40.3,14.03,A
1300,40.35,2.8,A
1300,40.35,4.49,A
1300,40.35,20,A
1300,40.35,25.47,A
1300,40.35,26.17,A
1300,40.42,7.61,A
1300,40.42,15.94,A
1300,40.42,18.28,A
1300,40.44,16.8,A
1300,40.48,6.05,A
1300,40.48,12.69,A
1300,40.48,17.55,A
1300,40.48,17.97,A
1300,40.51,1.11,A
1300,40.55,19.19,A
1300,40.65,6.29,A
1300,40.65,11.77,A
1300,40.68,9.72,A
1300,40.72,13.9,A
1300,40.72,14.88,A
1300,40.72,24.79,A
1300,40.72,33.71,A
1300,40.74,12.39,A
1300,40.79,16.72,A
1300,40.85,4.01,B
1300,40.89,19.64,B
1300,40.89,24.93,B
1300,41.02,22.73,A
1300,41.02,23.39,A
1300,41.23,20.13,A
1300,41.39,0.75,A
1300,41.45,9,B
1300,41.45,13.08,B
1300,41.61,9.58,B
1300,41.61,10.56,B
1300,41.61,10.96,B
1300,41.61,16.04,B
1300,41.61,18.28,B
1300,41.61,19.63,B
1300,41.61,21.68,B
1300,41.64,1.73,B
1300,41.64,18.03,B
1300,41.8,11.79,B
1300,41.8,19.68,B
1300,41.81,13.77,B
1300,41.9,9.07,B
1300,41.9,33.11,B
1300,41.91,1.78,B
1300,41.91,9.72,B
1300,41.91,23.31,B
1300,41.91,25.75,B
1300,41.95,13.36,B
1300,41.95,26.17,B
1300,42,11.05,B
1300,42,32.13,B
1300,42.21,0.37,B
1300,42.21,5.61,B
1300,42.21,13.79,B
1300,42.21,15.55,B
1300,42.21,20.32,B
1300,42.21,26.75,B
1300,42.21,32.51,B
1300,42.23,18.15,B
1300,42.24,6.27,B
1300,42.24,13.87,B
1300,42.24,19.26,B
1300,42.24,20.54,B
1300,42.24,20.79,B
1300,42.25,4.73,B
1300,42.25,6.68,B
1300,42.25,12.9,B
1300,42.25,24,B
1300,42.25,26.32,B
1300,42.25,29.66,B
1300,42.25,32.51,B
1300,42.29,19.47,B
1300,42.31,5.18,B
1300,42.34,12.63,B
1300,42.34,25.41,B
1300,42.39,12.93,B
1300,42.39,24.52,B
1300,42.41,33.83,B
1300,42.5,0.96,B
1300,42.5,8.29,B
1300,42.5,10.61,B
1300,42.51,4.94,B
1300,42.51,7.63,B
1300,42.51,10.12,B
1300,42.51,13.24,B
1300,42.51,14.1,B
1300,42.51,14.12,B
1300,42.51,18.46,B
1300,42.51,21.06,B
1300,42.51,22.88,B
1300,42.51,23.17,B
1300,42.51,27.92,B
1300,42.51,28.2,B
1300,42.56,9.46,B
1300,42.6,10.67,B
1300,42.6,14.98,B
1300,42.65,17.6,B
1300,42.65,17.91,B
1300,42.76,22.1,B
1300,42.76,28.09,B
1300,42.81,10.41,B
1300,42.81,15.79,B
1300,42.84,1.03,B
1300,42.84,3.79,B
1300,42.84,5.92,B
1300,42.84,26.01,B
1300,42.86,9.16,B
1300,42.87,6.14,B
1300,42.87,8.8,B
1300,42.87,10.37,B
1300,42.87,14.94,B
1300,42.87,16.8,B
1300,42.87,20.57,B
1300,42.87,21.1,B
1300,42.87,22.34,B
1300,42.87,26.45,B
1300,42.87,27.37,B
1300,42.87,27.41,B
1300,42.89,21.71,B
1300,42.9,4.38,B
1300,42.9,8.74,B
1300,42.9,12.83,B
1300,42.9,25.88,B
1300,43.17,12.76,B
1300,43.18,2.67,B
1300,43.18,9.08,B
1300,43.18,12.2,C
1300,43.18,14.84,C
1300,43.18,15.51,B
1300,43.18,15.52,B
1300,43.18,21.46,C
1300,43.18,22.54,C
1300,43.26,10.31,B
1300,43.26,18.39,B
1300,43.43,15.02,C
1300,43.49,20.89,B
1300,43.55,11.33,C
1300,43.55,30.01,C
1300,43.57,2.84,C
1300,43.57,21.67,C
1300,43.61,2.74,C
1300,43.61,7.05,C
1300,43.64,5.03,C
1300,43.64,20.63,C
1300,43.64,21.31,B
1300,43.64,350,B
1300,43.68,11.54,C
1300,43.79,13.72,B
1300,43.8,8.76,C
1300,43.8,12.21,C
1300,43.8,14.33,C
1300,43.84,22.8,C
1300,43.84,27.08,C
1300,43.92,18.13,C
1300,44.01,23.97,C
1300,44.03,4.54,C
1300,44.03,13.93,C
1300,44.03,32,C
1300,44.11,1.95,C
1300,44.11,3.88,C
1300,44.11,12.03,C
1300,44.11,28.19,C
1300,44.16,0.6,C
1300,44.16,8.48,C
1300,44.16,10.42,C
1300,44.17,13.66,C
1300,44.18,14.33,C
1300,44.18,21.3,C
1300,44.18,28.77,C
1300,44.18,32.78,C
1300,44.19,1.07,C
1300,44.22,12.42,C
1300,44.22,16.24,C
1300,44.22,21.36,C
1300,44.22,31.9,C
1300,44.23,13.98,C
1300,44.42,16.45,C
1300,44.43,11.93,C
1300,44.43,12.28,C
1300,44.43,17.59,C
1300,44.43,20.32,C
1300,44.43,23.85,C
1300,44.43,24.6,C
1300,44.43,29.77,C
1300,44.43,30.43,C
1300,44.43,30.59,C
1300,44.43,32.89,C
1300,44.48,10.54,C
1300,44.48,10.57,C
1300,44.49,11.7,C
1300,44.49,13.73,C
1300,44.49,29.53,C
1300,44.61,7.8,C
1300,44.61,22.53,C
1300,44.73,10.38,C
1300,44.73,11.15,C
1300,44.73,14.11,C
1300,44.73,20.56,C
1300,44.73,22.46,C
1300,44.75,13.4,C
1300,44.75,15.02,C
1300,44.75,27.71,C
1300,44.84,24.53,C
1300,44.85,17,C
1300,44.85,18.17,C
1300,44.85,21.81,C
1300,44.85,34.8,C
1300,45.05,16,D
1300,45.06,7.05,C
1300,45.06,11.87,C
1300,45.06,23.55,C
1300,45.06,27.2,C
1300,45.08,11.98,C
1300,45.08,22.3,C
1300,45.1,16.8,C
1300,45.1,22.81,C
1300,45.1,30.09,C
1300,45.1,33.76,C
1300,45.27,11.16,C
1300,45.27,21.6,C
1300,45.38,20.54,C
1300,45.46,1.08,C
1300,45.46,5.2,D
1300,45.46,6.56,D
1300,45.46,16.17,C
1300,45.46,27.25,D
1300,45.46,27.68,D
1300,45.46,30.39,D
1300,45.46,36.96,D
1300,45.56,39.41,D
1300,45.7,13.95,D
1300,45.7,15.81,C
1300,45.7,17.18,C
1300,45.7,30.09,D
1300,45.72,5.16,C
1300,45.72,5.73,C
1300,45.72,15.89,C
1300,45.72,24.13,C
1300,45.72,28.6,C
1300,45.72,35.75,C
1300,45.8,2.46,C
1300,45.8,9.61,C
1300,45.8,10.87,C
1300,45.8,20.75,C
1300,45.9,8.2,D
1300,45.9,12.82,C
1300,45.9,19.31,D
1300,46.06,6.25,D
1300,46.06,35.59,D
1300,46.09,31.23,D
1300,46.3,10.64,C
1300,46.3,16.63,C
1300,46.3,27.2,C
1300,46.3,444,C
1300,46.35,10.14,D
1300,46.35,13.8,D
1300,46.35,14.98,D
1300,46.35,17.8,D
1300,46.35,23.8,D
1300,46.41,6.92,D
1300,46.41,19.74,D
1300,46.41,20.72,D
1300,46.41,22.4,D
1300,46.41,29.5,D
1300,46.53,18.41,C
1300,46.66,22.58,D
1300,46.72,17.53,D
1300,46.72,25.54,D
1300,46.85,13.98,D
1300,46.91,19.89,D
1300,46.91,26.06,D
1300,46.98,25.92,D
1300,47,13.32,D
1300,47,17.61,D
1300,47,33.49,D
1300,47.04,16.7,D
1300,47.17,9.78,D
1300,47.17,31.06,D
1300,47.3,19.58,D
1300,47.55,9.17,E
1300,47.62,26.59,D
1300,47.65,20.93,D
1300,48,20.77,D
1300,48.01,12.43,D
1300,48.01,16.71,D
1300,48.01,24.33,D
1300,48.13,10.95,D
1300,48.3,9.65,D
1300,48.3,14.48,D
1300,48.31,24.35,D
1300,48.31,29.16,E
1300,48.31,40.21,E
1300,48.32,13.25,D
1300,48.32,13.54,D
1300,48.82,45.76,E
1300,48.85,34.8,E
1300,48.91,9.92,D
1300,48.91,19.15,D
1300,48.91,21.66,D
1300,48.98,31.33,E
1300,49.28,13.09,D
1300,49.28,14.88,D
1300,49.28,21.77,D
1300,49.28,25.71,D
1300,49.45,16.28,E
1300,49.55,23.81,D
1300,49.55,25.77,D
1300,50.15,14.99,E
1300,50.15,23.41,E
1300,50.26,7.02,E
1300,50.26,22.62,E
1300,50.27,22.43,E
1300,50.27,22.64,E
1300,50.27,32.89,E
1300,50.42,14.49,F
1300,50.62,16.87,F
1300,50.76,12.82,F
1300,51.26,10.18,E
1300,51.26,10.55,E
1300,51.34,27.44,E
1300,51.58,20.47,E
1300,52.03,17.83,E
1300,52.03,24.39,E
1300,52.6,32.08,E
1300,52.72,31.15,F
1300,52.92,17.92,E
1300,53.27,20.06,E
1300,54.83,13.7,F
1300,55.31,8.56,F
1300,55.73,38.49,F
1325,39.91,18.72,A
1325,40.69,26.22,A
1325,41.13,18.28,A
1325,41.46,4.48,A
1325,41.5,6.75,A
1325,41.67,21.04,B
1325,41.89,18.49,A
1325,42.08,16.17,A
1325,42.24,34.92,B
1325,42.41,9.41,B
1325,42.61,10.27,B
1325,42.76,14.95,B
1325,43.06,23.5,B
1325,43.32,3.14,B
1325,43.68,27.07,B
1325,43.69,11.52,B
1325,43.69,32.96,B
1325,43.81,31.69,B
1325,44,30.66,B
1325,44.01,29.02,C
1325,44.09,8.01,B
1325,44.41,11.91,C
1325,44.41,21.97,C
1325,44.48,27.76,C
1325,44.52,22.25,C
1325,44.57,19.29,C
1325,44.64,22.33,C
1325,44.76,10.07,C
1325,44.96,1.5,C
1325,44.96,3.8,C
1325,45,11.65,D
1325,45.01,9.08,C
1325,45.03,7.88,C
1325,45.07,16.67,C
1325,45.08,31.83,B
1325,45.08,34.03,C
1325,45.28,1.22,C
1325,45.5,4.97,C
1325,45.59,10.68,C
1325,45.59,33.32,C
1325,45.71,34.73,C
1325,45.8,16.15,C
1325,45.93,13.85,C
1325,45.93,22.23,C
1325,46,27.65,C
1325,46.32,7.84,C
1325,46.33,7.68,D
1325,46.33,23.75,D
1325,46.58,9.01,C
1325,46.78,12.61,D
1325,46.91,32.26,D
1325,47.24,14.1,D
1325,47.24,17.26,D
1325,47.34,38.66,D
1325,47.62,10,D
1325,47.62,18.44,D
1325,47.81,3.6,D
1325,47.81,15.72,D
1325,47.89,13.69,D
1325,48.23,5.72,D
1325,48.53,17.24,D
1325,48.57,23.56,D
1325,48.61,11.35,D
1325,48.92,26.22,E
1325,49.06,22.52,D
1325,49.24,36.04,D
1325,49.25,20.33,D
1325,49.25,22.61,D
1325,49.85,25.91,D
1325,51.12,5.87,E
1325,51.98,17,E
1325,53.56,22.91,E
1325,53.6,24.31,E
1325,53.6,34,E
1350,40.72,11.89,A
1350,41.12,14.07,A
1350,41.52,5.91,A
1350,41.52,12.91,A
1350,41.82,5.17,A
1350,41.82,17.52,A
1350,41.82,18.21,A
1350,42.21,5.23,A
1350,42.6,13.11,A
1350,42.6,15.79,A
1350,42.87,17.2,A
1350,43.04,12.89,B
1350,43.04,26.65,B
1350,43.04,28.05,B
1350,43.52,0.91,B
1350,43.56,23.37,B
1350,43.88,10.96,B
1350,43.97,15.76,B
1350,44.04,8.37,B
1350,44.04,20.58,B
1350,44.14,3.85,B
1350,44.14,26.4,B
1350,44.45,1.7,B
1350,44.48,20.69,B
1350,44.52,13.55,B
1350,44.52,15.1,B
1350,44.52,20.48,B
1350,45.25,29.54,C
1350,45.28,13.05,C
1350,45.29,10.76,C
1350,45.29,26.31,C
1350,45.32,22.36,B
1350,45.53,22.42,C
1350,45.72,10.27,C
1350,45.92,32.07,C
1350,45.93,20.2,C
1350,46.14,10.97,C
1350,46.14,20.73,C
1350,46.34,12.09,C
1350,46.36,7.23,C
1350,46.39,21.34,E
1350,46.79,2.85,C
1350,46.8,31.72,C
1350,47.21,28.67,D
1350,47.48,15.95,C
1350,47.66,20.44,D
1350,47.79,17.62,D
1350,48.13,8.7,D
1350,48.2,19.81,D
1350,48.66,4.86,D
1350,48.79,29.26,D
1350,48.97,5.99,D
1350,49.12,26.04,D
1350,49.51,12.7,D
1350,49.81,25.31,D
1350,49.82,7.81,E
1350,49.85,8.41,D
1350,49.85,10.88,E
1350,50.17,25.57,E
1350,50.86,35.73,E
1350,50.86,37.23,E
1350,51.21,2.43,E
1350,52.96,18.92,E
1350,53.5,15.97,E
1350,56.35,22.62,F
1350,56.35,27.67,F
1350,56.37,22.1,F
1375,41.88,14.76,A
1375,42.14,25.48,A
1375,42.4,12.03,A
1375,42.81,13.36,A
1375,43.07,4.56,A
1375,43.84,11.13,B
1375,43.84,12.32,B
1375,44.64,15.44,B
1375,44.68,37.5,B
1375,44.79,25.65,B
1375,44.96,20.31,B
1375,45.09,2.1,B
1375,45.28,34.07,B
1375,45.37,17.36,B
1375,45.67,18.32,C
1375,46.16,20.49,C
1375,46.99,13.89,C
1375,47.21,16.36,C
1375,47.43,3.04,C
1375,47.66,16.11,C
1375,47.66,22.72,C
1375,48.07,10.84,D
1375,49.02,2.44,D
1375,49.42,14.27,D
1375,49.62,5.08,D
1375,49.62,28.2,D
1375,49.71,6.04,D
1375,49.89,6.83,D
1375,49.89,20.32,E
1375,50.4,11.36,D
1375,50.78,31.19,D
1375,51.03,6.43,E
1375,51.8,28.39,E
1375,53.32,12.83,F
1375,54.57,15.71,E
1375,55.03,11.74,E
1375,57.13,18.83,G
1400,27.67,18.45,A
1400,30.44,8.75,B
1400,30.53,15.41,B
1400,30.53,22.38,B
1400,31.23,21.64,B
1400,32.44,6.26,C
1400,35.97,23.32,F
1400,37.25,24.64,E
1400,38.27,20.47,E
1400,41.2,16.67,D
1400,42.16,18.07,A
1400,42.16,24.34,A
1400,42.17,6.24,A
1400,42.17,7.79,A
1400,42.17,14,A
1400,42.17,17.13,A
1400,42.17,19.48,A
1400,42.17,22.9,A
1400,42.23,12.07,A
1400,42.46,3.5,A
1400,42.59,6.39,A
1400,42.59,20.76,A
1400,42.61,1.92,A
1400,42.61,9.16,A
1400,42.61,21.13,A
1400,42.61,25.02,A
1400,42.65,8.81,A
1400,42.65,14.31,A
1400,42.65,27.29,A
1400,42.67,6,A
1400,42.67,13.92,A
1400,42.75,9.24,A
1400,42.75,27.88,A
1400,42.91,2.51,A
1400,42.91,22.88,A
1400,42.91,23.65,A
1400,42.91,25.21,A
1400,42.99,10.13,A
1400,42.99,26.58,A
1400,43.02,8.78,A
1400,43.02,13.79,A
1400,43.02,15.05,A
1400,43.02,16.33,A
1400,43.05,5.44,A
1400,43.05,5.98,A
1400,43.05,12.64,A
1400,43.05,15.85,A
1400,43.05,16.37,A
1400,43.05,19.41,A
1400,43.16,2.75,A
1400,43.16,10.53,A
1400,43.18,21.97,A
1400,43.18,24.93,A
1400,43.21,24.16,A
1400,43.23,2.65,A
1400,43.23,11.29,A
1400,43.23,21.13,A
1400,43.23,23.82,A
1400,43.23,24.12,A
1400,43.23,25.16,A
1400,43.28,1.51,A
1400,43.28,6.22,A
1400,43.28,12.68,A
1400,43.28,14.4,A
1400,43.28,21.45,A
1400,43.28,27.32,A
1400,43.28,31.72,A
1400,43.37,4.6,A
1400,43.37,8.97,A
1400,43.37,10.2,A
1400,43.37,15.15,A
1400,43.37,21.36,A
1400,43.37,21.61,A
1400,43.37,23.94,A
1400,43.39,10.02,A
1400,43.39,11.31,A
1400,43.39,19.53,A
1400,43.45,11.83,A
1400,43.45,17.04,A
1400,43.45,31.9,A
1400,43.46,4.53,A
1400,43.46,7.22,A
1400,43.46,10.28,A
1400,43.46,11.13,A
1400,43.46,15.75,A
1400,43.46,16.19,A
1400,43.46,17.64,A
1400,43.46,19.26,A
1400,43.46,20.83,A
1400,43.46,31.77,A
1400,43.46,44.09,A
1400,43.48,15.27,A
1400,43.53,3.05,A
1400,43.53,6.87,A
1400,43.53,8.81,A
1400,43.53,11.94,A
1400,43.53,15.04,A
1400,43.55,12.26,A
1400,43.55,14.36,A
1400,43.55,16.29,A
1400,43.55,16.38,A
1400,43.55,27.33,A
1400,43.56,5.5,A
1400,43.59,10.21,A
1400,43.61,4.94,A
1400,43.63,3.55,A
1400,43.66,7.71,A
1400,43.71,7.47,A
1400,43.77,2.5,A
1400,43.77,3.76,A
1400,43.77,16.45,A
1400,43.77,30.41,A
1400,43.77,32.14,A
1400,43.8,5.77,A
1400,43.8,9.28,A
1400,43.8,16.61,A
1400,43.8,31.5,A
1400,43.81,2.86,A
1400,43.81,10,A
1400,43.81,10.78,A
1400,43.81,12.87,A
1400,43.81,15.43,A
1400,43.81,17.99,A
1400,43.81,18.53,A
1400,43.81,21.77,A
1400,43.81,23.26,A
1400,43.81,26.45,A
1400,43.85,21.51,A
1400,43.85,23.02,A
1400,43.86,4.01,A
1400,43.86,10.2,A
1400,43.86,12.35,A
1400,43.86,12.61,A
1400,43.86,13.42,A
1400,43.86,13.84,A
1400,43.86,15.53,A
1400,43.86,17.88,A
1400,43.86,20.44,A
1400,43.86,24.16,A
1400,43.87,5.06,A
1400,43.87,5.5,A
1400,43.87,10.49,A
1400,43.87,18.34,A
1400,43.87,19.52,A
1400,43.87,21.93,A
1400,43.87,22.4,A
1400,43.87,23.42,A
1400,43.87,24.5,A
1400,43.87,25.71,A
1400,43.87,27.56,A
1400,43.87,28.67,A
1400,43.93,10.44,A
1400,43.93,12.33,A
1400,43.93,18.77,A
1400,43.99,8.06,B
1400,43.99,8.73,B
1400,43.99,17.11,B
1400,43.99,17.73,B
1400,43.99,19.26,B
1400,43.99,19.89,B
1400,44,4.48,A
1400,44,6.31,A
1400,44,8.06,A
1400,44,9.56,A
1400,44,11.5,A
1400,44,30.16,A
1400,44,37.66,A
1400,44.03,8.3,B
1400,44.03,9.01,B
1400,44.03,11.23,B
1400,44.03,12.85,B
1400,44.03,14.59,B
1400,44.03,17.16,B
1400,44.03,18.51,B
1400,44.03,20.45,B
1400,44.03,23.77,B
1400,44.13,9.07,B
1400,44.13,16.19,B
1400,44.13,21.09,B
1400,44.13,25.95,B
1400,44.17,5.36,A
1400,44.17,5.37,A
1400,44.17,8.88,A
1400,44.17,15.14,A
1400,44.17,16.05,A
1400,44.19,19.76,A
1400,44.26,17.13,A
1400,44.26,23.18,A
1400,44.31,8.68,B
1400,44.31,20.35,B
1400,44.4,10.2,A
1400,44.4,17.38,A
1400,44.46,17.15,A
1400,44.46,20.29,A
1400,44.46,22.04,A
1400,44.46,22.25,A
1400,44.46,22.45,A
1400,44.46,23.02,A
1400,44.52,4.59,B
1400,44.52,13.3,B
1400,44.63,15.06,B
1400,44.63,18.56,B
1400,44.63,20.3,B
1400,44.63,24.53,B
1400,44.63,26.15,B
1400,44.64,2.7,B
1400,44.64,4.9,B
1400,44.64,29.15,B
1400,44.69,23.91,B
1400,44.73,24.98,A
1400,44.81,1.65,B
1400,44.81,1.67,B
1400,44.81,3.02,B
1400,44.81,6.44,B
1400,44.81,7.67,B
1400,44.81,10.79,B
1400,44.81,11.2,B
1400,44.81,11.69,B
1400,44.81,15.72,B
1400,44.81,19.14,B
1400,44.81,20.11,B
1400,44.84,13.34,B
1400,44.84,13.71,B
1400,44.84,14.65,B
1400,44.84,16.92,B
1400,44.84,18.85,B
1400,44.84,19.02,B
1400,44.84,26.37,B
1400,44.9,13.13,B
1400,44.9,14.46,B
1400,44.9,14.83,B
1400,44.99,15.02,B
1400,45.01,15.6,B
1400,45.01,18.57,B
1400,45.01,21.23,B
1400,45.01,22.67,B
1400,45.01,26.46,B
1400,45.01,27.04,B
1400,45.02,17.03,B
1400,45.02,27.14,B
1400,45.05,20.01,B
1400,45.05,38.71,B
1400,45.13,1.2,B
1400,45.13,2.88,B
1400,45.13,4.53,B
1400,45.13,9.43,B
1400,45.13,11.87,B
1400,45.13,12.89,B
1400,45.13,15.98,B
1400,45.13,16.66,B
1400,45.13,17.03,B
1400,45.13,18.39,B
1400,45.13,21.37,B
1400,45.13,21.87,B
1400,45.13,24.1,B
1400,45.17,5.49,B
1400,45.17,8.22,B
1400,45.17,8.79,B
1400,45.17,9.36,B
1400,45.17,11.37,B
1400,45.17,12.66,B
1400,45.17,20.27,B
1400,45.17,31.76,B
1400,45.18,10.68,B
1400,45.23,5.56,B
1400,45.23,16.37,B
1400,45.23,35.26,B
1400,45.23,36.74,B
1400,45.28,4,B
1400,45.28,9.22,B
1400,45.28,10.56,B
1400,45.28,13.99,B
1400,45.28,25.04,B
1400,45.4,19.42,B
1400,45.42,14.76,B
1400,45.45,2.07,B
1400,45.45,8.12,B
1400,45.45,10.35,B
1400,45.45,24.39,B
1400,45.46,2.42,B
1400,45.46,5.55,B
1400,45.46,9.6,B
1400,45.46,14.58,B
1400,45.46,14.7,B
1400,45.46,16.89,B
1400,45.46,20.11,B
1400,45.46,20.6,B
1400,45.46,25.34,B
1400,45.46,26.1,B
1400,45.46,27.04,B
1400,45.46,29.18,B
1400,45.46,29.67,B
1400,45.49,8.36,B
1400,45.49,18.14,B
1400,45.49,39.68,B
1400,45.5,3.12,B
1400,45.5,5.33,B
1400,45.5,6.24,B
1400,45.5,11.1,B
1400,45.5,12.72,B
1400,45.5,13.32,B
1400,45.5,19.59,B
1400,45.5,21.98,B
1400,45.5,22.12,B
1400,45.5,23.46,B
1400,45.5,25.03,B
1400,45.5,25.06,B
1400,45.55,12.03,B
1400,45.57,14.64,B
1400,45.6,6.1,B
1400,45.6,10.44,B
1400,45.6,20.93,B
1400,45.6,23.81,B
1400,45.65,25.32,B
1400,45.65,26.68,B
1400,45.65,36.43,B
1400,45.67,21.08,B
1400,45.67,27.7,B
1400,45.69,2,B
1400,45.69,26.7,B
1400,45.69,29.62,B
1400,45.73,21.84,B
1400,45.77,10.64,B
1400,45.78,8.36,B
1400,45.78,8.61,C
1400,45.78,10.38,B
1400,45.78,11.12,B
1400,45.78,13.52,B
1400,45.78,13.9,B
1400,45.78,16.43,B
1400,45.78,21.4,B
1400,45.78,36.11,B
1400,45.83,2.91,B
1400,45.83,7.5,B
1400,45.83,8.96,B
1400,45.83,9.27,B
1400,45.83,9.3,B
1400,45.83,9.49,B
1400,45.83,11.41,B
1400,45.83,13.83,B
1400,45.83,13.98,B
1400,45.83,14,B
1400,45.83,15.24,B
1400,45.83,16.87,B
1400,45.83,17.57,B
1400,45.83,19.26,B
1400,45.83,24.87,B
1400,45.83,27.14,B
1400,45.83,28.5,B
1400,45.83,31.52,B
1400,45.83,33,B
1400,45.83,33.62,B
1400,45.83,38.57,B
1400,45.87,26.8,B
1400,45.93,27.66,B
1400,45.99,26.08,B
1400,45.99,34.03,B
1400,46.05,20.84,B
1400,46.1,7.37,B
1400,46.1,12.08,B
1400,46.1,12.56,B
1400,46.1,23.84,B
1400,46.1,34.36,B
1400,46.13,7.12,B
1400,46.13,7.45,B
1400,46.13,11.7,B
1400,46.13,12.17,B
1400,46.13,12.4,B
1400,46.13,14.1,B
1400,46.13,14.62,B
1400,46.13,16.78,B
1400,46.13,23.6,B
1400,46.13,25.69,B
1400,46.13,27.21,B
1400,46.13,28.17,B
1400,46.13,30.04,B
1400,46.13,30.89,B
1400,46.13,33.17,B
1400,46.15,35.34,B
1400,46.16,3.24,B
1400,46.16,4.95,B
1400,46.16,8.75,B
1400,46.16,8.84,B
1400,46.16,9.86,B
1400,46.16,10.08,B
1400,46.16,10.24,B
1400,46.16,10.33,B
1400,46.16,11.06,B
1400,46.16,12.14,B
1400,46.16,13.41,B
1400,46.16,14.31,B
1400,46.16,15.61,B
1400,46.16,16.13,B
1400,46.16,20.37,B
1400,46.16,20.57,B
1400,46.16,21.67,B
1400,46.16,21.74,B
1400,46.16,23.85,B
1400,46.16,23.88,B
1400,46.16,23.92,B
1400,46.16,24.37,B
1400,46.16,26.27,B
1400,46.16,28.08,B
1400,46.16,29.3,B
1400,46.16,29.69,B
1400,46.16,29.77,B
1400,46.16,29.9,B
1400,46.16,31.05,B
1400,46.16,32.16,B
1400,46.16,33.99,B
1400,46.19,12.91,B
1400,46.19,13.03,B
1400,46.19,15.97,B
1400,46.19,17.13,B
1400,46.19,17.15,B
1400,46.19,18.29,B
1400,46.2,3.66,B
1400,46.2,10.66,B
1400,46.2,13.73,B
1400,46.2,15.24,B
1400,46.2,16.6,B
1400,46.2,27.82,B
1400,46.2,33.61,B
1400,46.28,1.5,B
1400,46.28,10.32,B
1400,46.28,12.32,B
1400,46.28,15.79,B
1400,46.37,10.56,B
1400,46.37,13.98,B
1400,46.37,26.28,B
1400,46.41,12.98,B
1400,46.41,13.24,B
1400,46.49,8.02,B
1400,46.49,10.45,B
1400,46.49,13.53,B
1400,46.49,33.89,B
1400,46.5,1.13,C
1400,46.5,2.96,B
1400,46.5,3.98,B
1400,46.5,5.35,C
1400,46.5,8.45,C
1400,46.5,8.63,C
1400,46.5,9.76,C
1400,46.5,12.9,B
1400,46.5,13.44,B
1400,46.5,13.68,B
1400,46.5,14.04,B
1400,46.5,14.38,B
1400,46.5,14.5,C
1400,46.5,15.08,B
1400,46.5,15.35,B
1400,46.5,15.92,B
1400,46.5,15.96,B
1400,46.5,16.68,B
1400,46.5,16.78,C
1400,46.5,17.94,B
1400,46.5,21.62,B
1400,46.5,21.76,B
1400,46.5,22.11,B
1400,46.5,23.13,C
1400,46.5,23.4,C
1400,46.5,23.94,B
1400,46.5,23.97,C
1400,46.5,24.38,C
1400,46.5,24.4,B
1400,46.5,28.25,B
1400,46.5,29.47,B
1400,46.5,30.16,B
1400,46.5,31.33,B
1400,46.5,37.4,B
1400,46.5,38.22,B
1400,46.59,4.88,B
1400,46.59,6.77,B
1400,46.59,8.16,B
1400,46.59,8.74,B
1400,46.59,11.93,B
1400,46.59,16.53,B
1400,46.59,28.49,B
1400,46.59,29.46,B
1400,46.59,30.76,B
1400,46.66,13.74,C
1400,46.7,2.85,C
1400,46.7,7.37,C
1400,46.7,11.96,C
1400,46.7,17.28,C
1400,46.7,17.68,C
1400,46.7,25.93,C
1400,46.7,28.66,C
1400,46.77,31.52,C
1400,46.83,0.66,B
1400,46.83,18.14,B
1400,46.86,14.29,C
1400,46.9,4.7,C
1400,46.9,12.04,C
1400,46.9,19.65,C
1400,46.9,20.48,C
1400,46.9,24.34,C
1400,46.9,29.19,C
1400,46.9,37.77,C
1400,46.91,3.57,C
1400,46.91,20.4,D
1400,46.91,37.92,C
1400,46.92,0.45,C
1400,46.92,3.54,C
1400,46.92,5.29,C
1400,46.92,7.47,C
1400,46.92,7.76,C
1400,46.92,7.82,C
1400,46.92,8.66,C
1400,46.92,9,C
1400,46.92,11.33,C
1400,46.92,11.62,C
1400,46.92,13.61,C
1400,46.92,14.46,C
1400,46.92,15.25,C
1400,46.92,16.74,C
1400,46.92,18.95,C
1400,46.92,19.37,C
1400,46.92,19.99,C
1400,46.92,20.16,C
1400,46.92,21.34,C
1400,46.92,22.96,C
1400,46.92,23.41,C
1400,46.92,23.44,C
1400,46.92,23.9,C
1400,46.92,24.66,C
1400,46.92,26.29,C
1400,46.92,26.55,C
1400,46.92,27.6,C
1400,46.92,28.19,C
1400,46.92,35.14,C
1400,46.97,5.93,B
1400,46.97,7.49,C
1400,46.97,11.12,C
1400,46.97,12.82,C
1400,46.97,13.12,C
1400,46.97,18.8,C
1400,46.97,20.03,C
1400,46.97,20.57,C
1400,46.97,22.12,C
1400,46.97,22.22,C
1400,46.97,26.36,C
1400,46.97,33.89,C
1400,46.99,1.17,B
1400,46.99,26.53,B
1400,46.99,38.7,B
1400,47,3.36,C
1400,47,12.39,C
1400,47,12.53,C
1400,47,13.29,C
1400,47,14.42,C
1400,47,14.57,C
1400,47,20.78,C
1400,47,21.58,C
1400,47,22.27,C
1400,47,22.43,C
1400,47,22.69,C
1400,47,23.1,C
1400,47,24.43,C
1400,47,27.47,C
1400,47.04,1.5,C
1400,47.04,3.94,C
1400,47.04,11.89,C
1400,47.04,12.77,C
1400,47.04,14.72,C
1400,47.04,16.28,C
1400,47.04,18.2,C
1400,47.04,22.37,C
1400,47.04,29.38,C
1400,47.04,29.86,C
1400,47.07,17.68,C
1400,47.08,23.81,B
1400,47.1,2.75,C
1400,47.1,10.11,C
1400,47.1,23.27,C
1400,47.1,34.95,C
1400,47.16,17.62,B
1400,47.16,28.34,B
1400,47.17,8.17,C
1400,47.17,9.35,C
1400,47.17,12.97,B
1400,47.17,14.13,C
1400,47.17,15.65,C
1400,47.17,16.77,C
1400,47.17,17.53,C
1400,47.17,17.6,C
1400,47.17,17.8,C
1400,47.17,19.59,C
1400,47.17,21.09,C
1400,47.17,22.56,C
1400,47.17,23.48,C
1400,47.17,23.5,C
1400,47.17,25.28,C
1400,47.17,27.11,C
1400,47.17,27.2,C
1400,47.17,28.84,B
1400,47.22,7.69,C
1400,47.25,3.53,B
1400,47.25,9.8,C
1400,47.25,23.49,B
1400,47.25,24.63,B
1400,47.25,25.2,B
1400,47.3,12.83,C
1400,47.3,24.36,C
1400,47.3,36.19,C
1400,47.4,6.69,C
1400,47.4,11.88,C
1400,47.4,12.33,C
1400,47.4,12.36,C
1400,47.4,14.55,C
1400,47.4,17.61,C
1400,47.4,20.54,C
1400,47.4,30.83,C
1400,47.4,33,C
1400,47.4,34.36,C
1400,47.4,34.48,C
1400,47.4,38.11,C
1400,47.41,5.63,C
1400,47.41,6.5,C
1400,47.41,10.66,C
1400,47.41,17.93,C
1400,47.41,23.51,C
1400,47.41,24.89,C
1400,47.41,28.98,C
1400,47.51,6.28,C
1400,47.51,7.03,C
1400,47.51,7.5,C
1400,47.51,8.31,C
1400,47.51,8.75,C
1400,47.51,11.56,C
1400,47.51,11.8,C
1400,47.51,13.25,C
1400,47.51,13.4,C
1400,47.51,13.68,C
1400,47.51,13.91,C
1400,47.51,16.85,C
1400,47.51,18.59,C
1400,47.51,18.72,C
1400,47.51,20.57,C
1400,47.51,22.79,C
1400,47.51,23.29,C
1400,47.51,23.69,C
1400,47.51,24.98,C
1400,47.51,25.62,C
1400,47.51,28.36,C
1400,47.51,30.87,C
1400,47.56,2.15,C
1400,47.56,7.08,C
1400,47.56,27.15,C
1400,47.56,37.73,C
1400,47.57,8.19,C
1400,47.58,4.47,C
1400,47.58,5.81,C
1400,47.58,7.16,C
1400,47.58,8.02,C
1400,47.58,8.51,C
1400,47.58,9.18,C
1400,47.58,12.09,C
1400,47.58,12.39,C
1400,47.58,15.01,C
1400,47.58,15.33,C
1400,47.58,15.35,C
1400,47.58,16.2,C
1400,47.58,16.73,C
1400,47.58,17.44,C
1400,47.58,19.32,C
1400,47.58,23.77,C
1400,47.58,25.24,C
1400,47.62,7.26,C
1400,47.62,9.91,C
1400,47.62,14.29,C
1400,47.62,22.33,C
1400,47.62,24.71,C
1400,47.62,26.47,C
1400,47.62,27.15,C
1400,47.62,29.81,C
1400,47.63,3.11,B
1400,47.63,10.92,B
1400,47.63,14.61,C
1400,47.63,15.97,C
1400,47.63,23.51,C
1400,47.63,25.07,C
1400,47.63,25.66,C
1400,47.63,28.84,C
1400,47.63,30.96,B
1400,47.85,3.12,C
1400,47.85,3.84,C
1400,47.85,4.54,C
1400,47.85,5.79,C
1400,47.85,7.46,C
1400,47.85,8.82,C
1400,47.85,10.29,C
1400,47.85,11.88,C
1400,47.85,12.47,C
1400,47.85,12.8,C
1400,47.85,13.84,C
1400,47.85,14.64,C
1400,47.85,17.02,C
1400,47.85,17.09,C
1400,47.85,17.46,C
1400,47.85,17.51,C
1400,47.85,20.68,C
1400,47.85,20.74,C
1400,47.85,21.24,C
1400,47.85,21.47,C
1400,47.85,21.58,C
1400,47.85,21.73,C
1400,47.85,22.12,C
1400,47.85,22.52,C
1400,47.85,23.48,C
1400,47.85,25.94,C
1400,47.85,29.33,C
1400,47.85,33.29,C
1400,47.85,33.3,C
1400,47.85,34.88,C
1400,47.85,36.64,C
1400,47.87,23.42,C
1400,47.9,3.45,C
1400,47.9,33.31,C
1400,47.91,0,C
1400,47.91,0.69,C
1400,47.91,1.17,C
1400,47.91,5.01,C
1400,47.91,5.04,C
1400,47.91,9.59,C
1400,47.91,10.26,C
1400,47.91,10.8,C
1400,47.91,11.37,C
1400,47.91,11.48,C
1400,47.91,11.92,C
1400,47.91,15.19,B
1400,47.91,18.36,C
1400,47.91,18.77,B
1400,47.91,18.91,C
1400,47.91,21.24,B
1400,47.91,21.4,C
1400,47.91,21.53,C
1400,47.91,22.2,B
1400,47.91,22.45,C
1400,48,3.92,C
1400,48.03,13.83,C
1400,48.04,3.05,C
1400,48.06,0.54,C
1400,48.06,18.73,C
1400,48.06,27.11,C
1400,48.08,3.6,C
1400,48.08,5.76,C
1400,48.08,9.59,C
1400,48.08,10.07,C
1400,48.08,13.26,C
1400,48.08,18.15,C
1400,48.08,18.72,C
1400,48.08,22.6,C
1400,48.08,29.53,C
1400,48.08,33.96,C
1400,48.17,8.74,C
1400,48.17,13.24,C
1400,48.17,13.67,C
1400,48.17,22.3,C
1400,48.17,30.7,C
1400,48.18,8,C
1400,48.18,24.42,C
1400,48.19,6.93,C
1400,48.19,12.91,C
1400,48.19,14.05,C
1400,48.19,14.88,C
1400,48.19,15.56,C
1400,48.19,15.88,C
1400,48.19,16.03,C
1400,48.19,18.08,C
1400,48.19,21.49,C
1400,48.19,22.32,C
1400,48.19,24.09,C
1400,48.19,26.04,C
1400,48.19,29.33,C
1400,48.19,30.66,C
1400,48.19,32.52,C
1400,48.19,33.43,C
1400,48.21,14.6,C
1400,48.29,5,C
1400,48.29,7.1,C
1400,48.29,16.26,C
1400,48.3,2.2,C
1400,48.3,7.85,C
1400,48.3,9.87,C
1400,48.3,10.64,C
1400,48.3,12.37,C
1400,48.3,15.27,C
1400,48.3,16.86,C
1400,48.3,20.1,C
1400,48.3,24.89,C
1400,48.3,31.54,C
1400,48.36,3.42,D
1400,48.39,10.9,C
1400,48.42,23.96,D
1400,48.43,14.8,D
1400,48.47,8.5,D
1400,48.53,5.92,C
1400,48.53,8.96,C
1400,48.53,9.34,C
1400,48.53,14.14,C
1400,48.53,16,C
1400,48.53,16.38,C
1400,48.53,16.96,C
1400,48.53,17.28,C
1400,48.53,17.73,C
1400,48.53,18.82,C
1400,48.53,23.44,C
1400,48.53,25.83,C
1400,48.53,25.9,C
1400,48.53,26.31,C
1400,48.53,29.66,C
1400,48.53,30,C
1400,48.53,32.03,C
1400,48.53,32.82,C
1400,48.55,3.2,C
1400,48.55,3.77,C
1400,48.55,12.8,C
1400,48.55,12.86,C
1400,48.55,14.75,C
1400,48.55,18.24,C
1400,48.55,18.74,C
1400,48.55,20.29,C
1400,48.56,19.67,C
1400,48.57,8.99,C
1400,48.57,10.58,C
1400,48.57,12.08,C
1400,48.57,13.96,C
1400,48.57,14.2,C
1400,48.57,14.96,C
1400,48.57,16.69,C
1400,48.57,17.42,C
1400,48.57,19.87,C
1400,48.57,20.27,C
1400,48.57,21.3,C
1400,48.57,21.75,C
1400,48.57,23.64,C
1400,48.57,28.47,C
1400,48.57,30.38,C
1400,48.57,31.02,C
1400,48.61,7.62,C
1400,48.61,22.27,C
1400,48.69,30.32,C
1400,48.72,22.61,C
1400,48.75,5.48,C
1400,48.75,11.31,C
1400,48.75,13.57,C
1400,48.75,17.76,C
1400,48.75,18.53,C
1400,48.75,21.6,C
1400,48.75,27.73,C
1400,48.75,28.85,C
1400,48.75,31.41,C
1400,48.79,5.07,D
1400,48.82,5.73,D
1400,48.82,32.15,D
1400,48.87,0,C
1400,48.87,1.2,C
1400,48.87,44.05,C
1400,48.94,1.77,C
1400,48.94,12.27,C
1400,48.94,12.7,D
1400,48.94,18.76,D
1400,48.94,21.26,C
1400,48.94,21.38,C
1400,48.94,23.27,C
1400,48.94,24.42,C
1400,48.94,25.86,C
1400,48.94,29.17,C
1400,48.96,2.28,D
1400,48.96,2.29,D
1400,48.96,11.77,C
1400,48.96,12.72,D
1400,48.96,14.95,D
1400,48.96,20.13,D
1400,48.96,21.15,C
1400,48.96,21.68,D
1400,48.96,23.52,D
1400,48.96,23.87,D
1400,49.09,0.11,C
1400,49.09,0.95,C
1400,49.09,10.01,C
1400,49.09,34.08,C
1400,49.14,31.63,C
1400,49.2,19.57,C
1400,49.22,2.76,C
1400,49.22,6.51,C
1400,49.22,7.99,C
1400,49.22,8.17,D
1400,49.22,14.91,C
1400,49.22,20.46,C
1400,49.22,22.75,C
1400,49.22,23.04,D
1400,49.22,28.21,D
1400,49.22,29.17,C
1400,49.22,31.03,C
1400,49.22,32.17,C
1400,49.22,34.11,C
1400,49.22,34.46,D
1400,49.23,0,C
1400,49.23,14.15,C
1400,49.23,26.96,C
1400,49.23,29.72,C
1400,49.24,2.82,C
1400,49.24,4.28,C
1400,49.24,4.44,C
1400,49.24,5.22,C
1400,49.24,8.73,C
1400,49.24,10.15,C
1400,49.24,11.01,C
1400,49.24,11.58,C
1400,49.24,12.45,C
1400,49.24,15.27,C
1400,49.24,15.51,C
1400,49.24,17.08,C
1400,49.24,18.81,C
1400,49.24,20.52,C
1400,49.24,21,C
1400,49.24,23.26,C
1400,49.24,24.36,C
1400,49.24,28.23,C
1400,49.24,28.32,C
1400,49.24,28.36,C
1400,49.24,28.61,C
1400,49.24,29.52,C
1400,49.24,30.62,C
1400,49.24,32.45,C
1400,49.32,27.78,C
1400,49.32,33.74,C
1400,49.43,10.2,D
1400,49.43,10.44,D
1400,49.43,11.72,C
1400,49.43,15.99,C
1400,49.43,20.47,D
1400,49.43,24.08,D
1400,49.43,24.81,D
1400,49.43,27.48,D
1400,49.43,28.18,D
1400,49.43,29.28,C
1400,49.43,31.05,D
1400,49.54,2.25,C
1400,49.54,21.15,C
1400,49.54,25.08,C
1400,49.56,11.95,D
1400,49.61,14.17,D
1400,49.61,17.03,D
1400,49.61,23.44,D
1400,49.61,28.95,D
1400,49.61,31.02,D
1400,49.63,19.58,D
1400,49.63,20.24,D
1400,49.76,21.38,D
1400,49.77,2.6,C
1400,49.77,4.88,C
1400,49.77,15.2,C
1400,49.86,5.85,C
1400,49.86,6.64,C
1400,49.86,12.37,C
1400,49.86,18.21,C
1400,49.86,22.56,C
1400,49.91,2.27,D
1400,49.91,2.31,D
1400,49.91,5.94,D
1400,49.91,8.38,D
1400,49.91,9,D
1400,49.91,10.08,D
1400,49.91,12.27,D
1400,49.91,12.58,D
1400,49.91,12.59,D
1400,49.91,13.26,D
1400,49.91,13.98,D
1400,49.91,14.06,D
1400,49.91,14.44,D
1400,49.91,15.92,D
1400,49.91,16.55,D
1400,49.91,16.78,D
1400,49.91,16.8,D
1400,49.91,17.24,D
1400,49.91,19.62,D
1400,49.91,20.4,D
1400,49.91,20.63,D
1400,49.91,21.15,D
1400,49.91,22.22,D
1400,49.91,22.64,D
1400,49.91,24.62,D
1400,49.91,25.48,D
1400,49.91,27.06,D
1400,49.91,29.48,D
1400,49.91,30.4,D
1400,49.91,30.53,D
1400,49.91,30.97,D
1400,49.91,31.3,D
1400,49.91,31.58,D
1400,49.91,32.58,D
1400,49.91,33.89,D
1400,49.91,34.38,D
1400,49.91,37.32,D
1400,49.91,38.57,D
1400,49.98,11.5,D
1400,49.98,16.78,D
1400,49.98,20.54,D
1400,49.98,22.66,D
1400,49.98,22.69,D
1400,49.98,34.78,D
1400,49.99,11.83,C
1400,49.99,23.14,C
1400,50.02,16.95,D
1400,50.11,6.11,C
1400,50.11,12.77,C
1400,50.11,13.84,D
1400,50.11,14.52,D
1400,50.11,17.98,C
1400,50.11,19.82,C
1400,50.11,24.13,D
1400,50.11,24.23,D
1400,50.25,11.51,D
1400,50.25,27.35,D
1400,50.25,41.7,D
1400,50.31,10.37,D
1400,50.31,25.66,D
1400,50.32,11,D
1400,50.32,14.07,D
1400,50.32,19.41,D
1400,50.32,21.78,D
1400,50.32,21.79,D
1400,50.32,22.43,D
1400,50.32,23.66,D
1400,50.32,25.07,D
1400,50.32,26.33,D
1400,50.32,27.52,D
1400,50.32,28.7,D
1400,50.32,31.07,D
1400,50.32,31.81,D
1400,50.46,0.33,D
1400,50.46,2.27,D
1400,50.46,19.2,D
1400,50.46,22.55,D
1400,50.46,24.38,D
1400,50.46,24.98,D
1400,50.52,14.97,D
1400,50.52,19.28,D
1400,50.52,21.15,D
1400,50.52,22.67,D
1400,50.52,30.35,D
1400,50.52,34.08,D
1400,50.6,1.23,D
1400,50.6,17.94,D
1400,50.6,18.45,D
1400,50.6,18.98,D
1400,50.6,23.22,D
1400,50.6,24.58,D
1400,50.6,27.66,D
1400,50.6,34.43,D
1400,50.61,11.61,D
1400,50.61,12.94,D
1400,50.61,13.21,D
1400,50.61,14.18,D
1400,50.61,17.57,D
1400,50.61,18.48,D
1400,50.61,21.76,D
1400,50.61,28.43,D
1400,50.66,1.89,D
1400,50.66,2.83,D
1400,50.66,3.44,D
1400,50.66,7.08,D
1400,50.66,13.73,D
1400,50.66,14.36,D
1400,50.66,15.03,D
1400,50.66,16.42,D
1400,50.66,16.49,D
1400,50.66,17.07,D
1400,50.66,19.97,D
1400,50.66,21.44,D
1400,50.66,21.57,D
1400,50.66,24.07,D
1400,50.66,24.54,D
1400,50.66,26.84,D
1400,50.79,2.26,D
1400,50.79,7.67,D
1400,50.79,8.7,D
1400,50.79,13.1,D
1400,50.79,14.53,D
1400,50.79,17.34,D
1400,50.79,20.9,D
1400,50.79,26.58,D
1400,50.79,28.37,D
1400,50.93,8.96,D
1400,50.93,13.94,D
1400,50.93,29.8,D
1400,50.96,1.36,D
1400,50.96,9.9,E
1400,51.01,9.9,E
1400,51.01,13.72,E
1400,51.15,5.92,D
1400,51.15,8.63,D
1400,51.15,11.73,D
1400,51.15,16.08,D
1400,51.15,17.48,D
1400,51.15,23.16,D
1400,51.22,19.44,D
1400,51.22,20.82,D
1400,51.22,27.28,D
1400,51.27,11.63,D
1400,51.28,8.63,D
1400,51.28,10.97,D
1400,51.28,15.81,D
1400,51.28,23.16,D
1400,51.28,31.87,D
1400,51.28,35.93,D
1400,51.32,3.6,D
1400,51.32,8.3,E
1400,51.32,10.56,D
1400,51.32,10.91,E
1400,51.32,12.95,D
1400,51.32,16.03,D
1400,51.32,20.64,D
1400,51.32,21.47,D
1400,51.32,22.1,D
1400,51.32,22.5,D
1400,51.34,10.38,D
1400,51.34,14.88,D
1400,51.34,19.09,D
1400,51.34,19.28,D
1400,51.34,19.51,D
1400,51.34,22.16,D
1400,51.34,22.72,D
1400,51.34,23.6,D
1400,51.34,32.14,D
1400,51.34,32.69,D
1400,51.36,9.51,D
1400,51.36,16.35,D
1400,51.46,7.22,E
1400,51.48,1.03,D
1400,51.49,9.58,E
1400,51.62,6.97,D
1400,51.66,10.45,D
1400,51.66,18.96,D
1400,51.66,19.83,D
1400,51.69,25.77,E
1400,51.69,25.86,D
1400,51.69,27.82,D
1400,51.69,30.27,D
1400,51.7,39.83,D
1400,51.83,13.3,D
1400,51.98,9.06,D
1400,51.98,15.17,D
1400,51.98,15.94,D
1400,51.98,17.07,D
1400,52.03,5,D
1400,52.03,6.4,D
1400,52.03,12.56,E
1400,52.03,17.36,D
1400,52.03,19.11,E
1400,52.03,19.61,D
1400,52.03,21.05,D
1400,52.03,21.42,D
1400,52.03,27.49,D
1400,52.03,28.02,D
1400,52.03,28.38,D
1400,52.03,34.17,D
1400,52.03,39.57,E
1400,52.03,53.29,D
1400,52.18,20.44,D
1400,52.18,26.74,E
1400,52.26,17.09,D
1400,52.26,20.55,D
1400,52.38,1.13,E
1400,52.38,11.83,E
1400,52.38,15.88,E
1400,52.57,22.52,E
1400,52.61,18.78,E
1400,52.67,22.85,D
1400,52.67,22.96,D
1400,52.67,27.94,D
1400,52.67,94.75,D
1400,52.74,44.35,E
1400,52.75,3.2,E
1400,52.75,28.07,E
1400,52.88,9.05,E
1400,52.88,27.8,E
1400,53.07,8.28,D
1400,53.07,11.89,D
1400,53.07,15.01,D
1400,53.07,17.3,D
1400,53.07,18.72,D
1400,53.07,21.02,D
1400,53.07,22.16,D
1400,53.07,22.22,D
1400,53.07,27.16,D
1400,53.07,37.35,D
1400,53.07,37.97,D
1400,53.07,68.12,D
1400,53.1,7.89,E
1400,53.1,16.11,E
1400,53.1,21.49,E
1400,53.1,26.13,D
1400,53.25,11.34,E
1400,53.25,24.07,E
1400,53.36,0,D
1400,53.36,10.63,D
1400,53.45,28.25,E
1400,53.46,6.47,F
1400,53.46,16.48,E
1400,53.46,26.3,E
1400,53.52,6.49,F
1400,53.73,6.63,D
1400,53.76,6.93,E
1400,53.76,8.2,E
1400,53.8,19.87,E
1400,53.8,38.65,E
1400,53.81,18.6,E
1400,54.01,2.46,E
1400,54.27,22.22,E
1400,54.4,30.56,F
1400,54.49,29.63,E
1400,54.49,32.33,E
1400,54.51,0.53,F
1400,54.51,21.3,F
1400,54.56,9.92,F
1400,54.66,5.8,F
1400,54.66,15.2,F
1400,54.71,11.39,F
1400,54.84,8.02,E
1400,54.84,11.07,E
1400,54.84,19.83,E
1400,54.84,24.93,E
1400,54.84,30.73,E
1400,54.84,30.8,E
1400,54.84,38.54,E
1400,54.84,55.88,E
1400,54.92,12.35,E
1400,54.92,19.64,E
1400,54.92,21.47,E
1400,54.92,34.61,E
1400,54.99,25.24,F
1400,54.99,28.75,F
1400,55.01,36.32,F
1400,55.2,4.54,E
1400,55.2,9.96,E
1400,55.29,2.17,E
1400,55.29,15.4,E
1400,55.3,15.48,F
1400,55.3,26.4,F
1400,55.55,0.24,E
1400,55.56,29.26,E
1400,55.66,5.69,E
1400,55.66,31.2,F
1400,55.66,33.54,F
1400,55.88,11.1,E
1400,56.03,3.25,E
1400,56.28,3.88,E
1400,56.28,7.94,E
1400,56.28,20.91,E
1400,56.59,21,E
1400,56.64,5.63,E
1400,57.36,14.76,E
1400,57.36,18.89,E
1400,57.36,24.36,E
1400,58.46,0.33,F
1400,59.05,30.12,F
1400,60.01,9.56,F
1400,60.2,10.53,G
1425,42.92,2.5,A
1425,43.43,3.26,A
1425,43.67,10.84,A
1425,44.14,13.16,A
1425,44.65,17.19,A
1425,45.19,6.69,A
1425,45.65,23.16,B
1425,46.23,14.07,B
1425,46.31,15.17,B
1425,46.99,13.01,B
1425,47.11,23.36,B
1425,47.74,20.26,C
1425,47.81,6.25,C
1425,48.4,35.32,C
1425,48.76,24.21,C
1425,50.12,14.87,C
1425,50.12,37.25,C
1425,50.31,16.75,D
1425,50.8,38.9,D
1425,51.42,9.43,D
1425,51.92,3.86,E
1425,52.23,31.4,E
1425,52.91,6.16,D
1425,54.76,23.12,E
1425,55.9,21.14,E
1425,57.25,31.2,F
1425,57.65,19.32,E
1450,31.24,29,B
1450,32.43,3.6,C
1450,42.14,20.4,F
1450,43.67,2.53,A
1450,43.67,5.86,A
1450,43.67,19.55,A
1450,43.98,11.11,A
1450,44.17,13.69,A
1450,44.23,22.99,A
1450,44.24,18.23,A
1450,44.44,12.05,A
1450,44.44,13.68,A
1450,44.53,1.76,A
1450,44.53,3.44,A
1450,44.53,10.07,A
1450,44.53,18.18,A
1450,44.58,28.32,A
1450,44.62,18.83,A
1450,44.77,9.96,A
1450,44.77,22,A
1450,44.82,14.31,A
1450,44.82,17.81,A
1450,44.92,12.39,A
1450,44.92,16.63,A
1450,44.92,19.56,A
1450,44.92,29.65,A
1450,44.94,19.24,A
1450,44.95,33.02,A
1450,45,0.83,A
1450,45.01,10.34,A
1450,45.01,18.64,A
1450,45.01,21.73,A
1450,45.04,2.86,A
1450,45.1,20.97,A
1450,45.12,10.9,A
1450,45.12,22.2,A
1450,45.15,29.85,A
1450,45.17,14.89,A
1450,45.17,25.6,A
1450,45.19,13.73,A
1450,45.37,29.33,A
1450,45.38,1.22,A
1450,45.38,11.36,A
1450,45.38,25.07,A
1450,45.42,5.17,A
1450,45.42,14.4,A
1450,45.42,17.29,A
1450,45.42,22.55,A
1450,45.42,23.25,A
1450,45.42,30.8,A
1450,45.44,27.51,A
1450,45.5,12.68,A
1450,45.56,23.23,B
1450,45.57,13.27,A
1450,45.77,16.05,A
1450,46.05,10.64,A
1450,46.05,15.55,A
1450,46.05,22.4,A
1450,46.23,15.92,B
1450,46.23,18.59,B
1450,46.23,19.65,B
1450,46.41,5.12,B
1450,46.41,7.59,B
1450,46.41,10.18,B
1450,46.41,15.55,B
1450,46.41,21.62,B
1450,46.45,12.51,B
1450,46.45,28.24,B
1450,46.62,2.55,B
1450,46.63,7.74,B
1450,46.63,26.13,B
1450,46.71,7.54,B
1450,46.74,26.68,B
1450,46.79,6.65,B
1450,46.79,13.99,B
1450,46.79,15.22,B
1450,46.79,17.16,B
1450,46.79,19.2,B
1450,46.79,27.93,B
1450,46.79,29.95,B
1450,46.85,17.04,B
1450,47.07,0,B
1450,47.08,,B
1450,47.08,6.1,B
1450,47.08,16.37,B
1450,47.08,22.99,B
1450,47.08,36.37,B
1450,47.13,7.5,B
1450,47.13,14.08,B
1450,47.13,15.22,B
1450,47.13,16.65,B
1450,47.13,18.65,B
1450,47.13,20.09,B
1450,47.13,29.19,B
1450,47.13,29.64,B
1450,47.13,31.15,B
1450,47.2,23.96,B
1450,47.3,5.77,B
1450,47.3,8.22,B
1450,47.3,12.98,B
1450,47.3,17.39,B
1450,47.3,24.66,B
1450,47.41,8.86,B
1450,47.41,11.14,B
1450,47.41,16.76,B
1450,47.41,26.35,B
1450,47.47,9.69,B
1450,47.47,15.2,B
1450,47.47,16.57,B
1450,47.47,25.57,B
1450,47.57,15.77,B
1450,47.57,24.44,B
1450,47.57,27.92,B
1450,47.69,27.23,B
1450,47.74,13.65,B
1450,47.74,14.64,B
1450,47.78,17.08,B
1450,47.78,23.04,B
1450,47.78,25.32,B
1450,47.78,28.84,B
1450,47.81,6.42,B
1450,47.81,7.57,B
1450,47.81,17.47,B
1450,47.81,19.29,B
1450,47.81,22.92,B
1450,47.81,28.96,B
1450,47.81,30.3,B
1450,47.81,30.9,B
1450,47.84,9.02,B
1450,47.84,32.2,B
1450,47.85,22.18,B
1450,47.94,15.04,B
1450,48.16,5.84,B
1450,48.16,7.74,B
1450,48.16,11.06,B
1450,48.16,13.91,B
1450,48.16,15.38,B
1450,48.16,19.96,B
1450,48.16,20.49,C
1450,48.16,27.96,B
1450,48.2,5.13,C
1450,48.2,21.04,C
1450,48.25,28.47,B
1450,48.26,16.68,B
1450,48.37,8.36,C
1450,48.44,20.91,C
1450,48.44,22.31,C
1450,48.46,21.53,B
1450,48.58,5.98,C
1450,48.58,20.59,C
1450,48.58,23.34,C
1450,48.58,32.21,C
1450,48.65,13.65,C
1450,48.65,26.18,C
1450,48.65,27.91,C
1450,48.67,28.33,B
1450,48.68,11.45,C
1450,48.68,14.59,C
1450,48.68,20.34,C
1450,48.71,3.15,C
1450,48.71,8.64,C
1450,48.71,12.51,C
1450,48.77,7.41,C
1450,48.78,30.19,C
1450,48.85,6.69,B
1450,48.85,13.51,C
1450,48.85,15.05,C
1450,48.85,17.85,B
1450,48.85,25.96,C
1450,48.85,31.77,C
1450,49.09,17.57,C
1450,49.09,20.4,C
1450,49.09,25.22,C
1450,49.09,27.79,C
1450,49.09,30.89,C
1450,49.11,12.06,C
1450,49.11,20.47,C
1450,49.11,20.51,C
1450,49.11,21.95,C
1450,49.2,11.63,C
1450,49.2,15.42,C
1450,49.2,15.97,C
1450,49.2,18,C
1450,49.2,23.23,C
1450,49.2,25.71,C
1450,49.23,7.44,B
1450,49.25,14.14,C
1450,49.25,26.82,C
1450,49.27,17.14,C
1450,49.27,18.32,C
1450,49.27,18.52,C
1450,49.27,34.4,C
1450,49.32,18.96,C
1450,49.33,2.55,C
1450,49.33,17.89,C
1450,49.33,19.38,C
1450,49.33,23.57,C
1450,49.33,26.21,C
1450,49.33,32.23,C
1450,49.34,9.05,C
1450,49.55,9.31,C
1450,49.56,4.91,C
1450,49.56,15.21,C
1450,49.56,15.58,C
1450,49.56,17.07,C
1450,49.56,17.84,C
1450,49.56,21.44,C
1450,49.56,22.43,C
1450,49.56,28.45,C
1450,49.58,4.29,C
1450,49.61,20.82,C
1450,49.62,10.41,C
1450,49.62,12.82,C
1450,49.62,15.77,C
1450,49.62,17.45,C
1450,49.62,17.54,C
1450,49.62,18.62,C
1450,49.62,21.86,C
1450,49.62,22.58,C
1450,49.62,26.18,C
1450,49.62,30.12,C
1450,49.63,13.93,B
1450,49.75,6.95,C
1450,49.78,11.73,C
1450,49.8,16.87,C
1450,49.8,20.41,C
1450,49.8,28.61,C
1450,49.91,20.23,C
1450,49.91,22,C
1450,49.91,23.95,C
1450,49.91,27.64,C
1450,50.02,4.42,C
1450,50.02,21.47,C
1450,50.02,22.5,C
1450,50.02,36.3,C
1450,50.16,22.45,C
1450,50.26,16.93,C
1450,50.26,20.75,C
1450,50.26,21.75,C
1450,50.26,27.73,C
1450,50.28,20,C
1450,50.31,1.2,C
1450,50.31,8.92,C
1450,50.31,13.85,C
1450,50.31,29.6,C
1450,50.43,24.48,C
1450,50.56,3.94,D
1450,50.56,26.76,D
1450,50.56,29.87,D
1450,50.62,18.79,C
1450,50.62,19.94,C
1450,50.68,17.24,D
1450,50.69,22.64,C
1450,50.7,4.68,D
1450,50.7,4.8,D
1450,50.7,8.07,D
1450,50.7,11.21,D
1450,50.7,18.03,D
1450,50.7,18.84,D
1450,50.7,22.1,D
1450,50.7,28.97,D
1450,50.7,30.32,D
1450,50.7,31.32,C
1450,50.7,33.73,D
1450,50.84,23.55,C
1450,50.98,26.4,D
1450,50.98,27.55,C
1450,50.98,32.51,C
1450,50.98,34.7,C
1450,51,14.38,C
1450,51,20.55,C
1450,51.08,5.85,C
1450,51.19,14.7,C
1450,51.38,2.66,D
1450,51.38,16.21,D
1450,51.38,19.62,D
1450,51.38,21.63,D
1450,51.38,25.85,D
1450,51.38,38.91,D
1450,51.64,11.11,C
1450,51.64,15.48,C
1450,51.64,21.03,C
1450,51.64,28.36,C
1450,51.64,29.2,C
1450,51.69,2.18,D
1450,51.69,11.33,D
1450,51.77,5.33,D
1450,51.77,22.96,D
1450,52.04,28.84,D
1450,52.25,27.19,D
1450,52.26,10.9,D
1450,52.32,19.83,D
1450,52.32,36.78,D
1450,52.4,21.46,D
1450,52.4,25.18,D
1450,52.42,6.4,D
1450,52.42,13.64,D
1450,52.42,23.11,D
1450,52.42,33.57,D
1450,52.42,48.09,D
1450,52.47,17.03,D
1450,52.47,20.21,D
1450,52.47,23.24,D
1450,52.6,4.04,D
1450,52.61,13.86,E
1450,52.61,15.3,E
1450,52.61,30.99,D
1450,52.61,33.34,D
1450,52.61,38.69,E
1450,52.75,11.34,D
1450,52.75,17.8,D
1450,52.78,17.76,D
1450,53.15,10.89,D
1450,53.15,13.94,D
1450,53.15,24.75,D
1450,53.15,27.06,D
1450,53.18,11.26,D
1450,53.18,16.73,D
1450,53.18,17.93,D
1450,53.3,0.2,E
1450,53.32,19.13,D
1450,53.46,15.66,D
1450,53.46,30.15,D
1450,53.54,14.97,E
1450,53.54,18.93,D
1450,53.69,17.36,D
1450,53.83,5.09,D
1450,53.88,9.34,D
1450,53.88,33.51,D
1450,54.04,9.9,E
1450,54.04,20.73,E
1450,54.04,23.9,E
1450,54.26,15.39,E
1450,54.55,30.34,D
1450,54.77,32.7,E
1450,54.99,33.45,E
1450,55,19.84,E
1450,55.37,22.25,F
1450,56.06,20.43,E
1450,56.06,38.43,E
1450,56.1,34.95,F
1450,56.66,18.64,F
1450,56.8,18.67,E
1450,56.95,31.42,F
1450,57.46,8.86,E
1450,61.31,24.07,F
1475,44.42,6.55,A
1475,44.74,10.3,A
1475,45.79,27.52,A
1475,45.95,14.52,A
1475,45.95,22.33,A
1475,46.54,20.35,A
1475,47.21,18.82,B
1475,48.22,17.67,B
1475,48.23,10.42,B
1475,48.6,10.67,B
1475,48.64,22.76,B
1475,49.83,5.11,C
1475,50.05,30.88,C
1475,50.41,33.56,C
1475,50.47,27.51,C
1475,50.75,26.65,C
1475,50.77,11.64,C
1475,51.13,11.42,C
1475,51.17,14.68,C
1475,52.04,21.92,C
1475,52.26,24.55,D
1475,52.53,35.49,C
1475,52.66,21.33,D
1475,52.79,10.88,D
1475,53.01,20.73,D
1475,53.01,26.07,D
1475,53.01,27.26,D
1475,53.69,24.99,E
1475,54.07,31.38,D
1475,54.11,18.26,D
1475,54.21,10.2,E
1475,54.97,30.04,E
1475,56.31,42.39,E
1475,57.02,25.44,E
1475,57.41,4.56,E
1475,57.41,17.28,E
1475,57.78,8.87,E
1475,57.78,10.76,E
1475,57.87,26.93,E
1475,58.64,7.68,F
1475,58.88,29.94,E
1475,60.21,19.85,F
1500,30.77,22.01,A
1500,31.81,16.19,B
1500,32.42,0.2,B
1500,32.72,29.29,B
1500,32.99,19.02,B
1500,33.46,23.19,B
1500,33.84,16.56,C
1500,33.89,7.08,C
1500,33.89,22.29,C
1500,34.13,2.95,C
1500,34.13,6.91,C
1500,34.22,9.65,B
1500,34.31,5.3,C
1500,34.51,20.18,C
1500,34.6,13.87,C
1500,35.77,1.64,C
1500,35.83,4.2,B
1500,35.86,21,C
1500,36.44,14.88,E
1500,36.45,13.75,C
1500,36.45,24.77,C
1500,36.47,0,D
1500,36.48,7.1,A
1500,36.71,9.5,C
1500,36.71,12.13,C
1500,36.87,18,D
1500,36.87,19.63,D
1500,37.5,13.88,C
1500,37.74,3.17,E
1500,37.74,18.72,E
1500,38.3,12.28,D
1500,38.64,17.34,F
1500,42.53,10.2,F
1500,43.01,23.6,F
1500,43.23,12.04,F
1500,43.59,9.24,F
1500,44.02,9.4,F
1500,44.53,17.38,F
1500,44.76,24.41,G
1500,45.17,1.52,A
1500,45.17,2.58,A
1500,45.17,3.24,A
1500,45.17,6.79,A
1500,45.17,8.54,A
1500,45.17,9.53,A
1500,45.17,10.59,A
1500,45.17,11.52,A
1500,45.17,12.42,A
1500,45.17,16.72,A
1500,45.18,2.56,A
1500,45.18,3.03,A
1500,45.18,3.09,A
1500,45.18,3.15,A
1500,45.18,3.21,A
1500,45.18,5.95,A
1500,45.18,6.35,A
1500,45.18,6.44,A
1500,45.18,7.64,A
1500,45.18,7.71,A
1500,45.18,8.45,A
1500,45.18,8.95,A
1500,45.18,9.08,A
1500,45.18,9.27,A
1500,45.18,9.64,A
1500,45.18,9.67,A
1500,45.18,10.39,A
1500,45.18,10.43,A
1500,45.18,12.12,A
1500,45.18,12.35,A
1500,45.18,12.71,A
1500,45.18,12.88,A
1500,45.18,12.95,A
1500,45.18,13.57,A
1500,45.18,13.77,A
1500,45.18,13.81,A
1500,45.18,14.06,A
1500,45.18,14.44,A
1500,45.18,14.53,A
1500,45.18,14.67,A
1500,45.18,14.74,A
1500,45.18,14.93,A
1500,45.18,14.96,A
1500,45.18,15.26,A
1500,45.18,15.27,A
1500,45.18,15.87,A
1500,45.18,16.22,A
1500,45.18,18.29,A
1500,45.18,19.32,A
1500,45.18,20.16,A
1500,45.18,20.38,A
1500,45.18,20.67,A
1500,45.18,20.72,A
1500,45.18,21.42,A
1500,45.18,21.9,A
1500,45.18,22.32,A
1500,45.18,22.54,A
1500,45.18,22.96,A
1500,45.18,23.07,A
1500,45.18,23.5,A
1500,45.18,23.68,A
1500,45.18,24.61,A
1500,45.18,25.65,A
1500,45.18,25.73,A
1500,45.18,27.15,A
1500,45.18,28.28,A
1500,45.24,3.53,A
1500,45.24,5.26,A
1500,45.24,5.98,A
1500,45.24,6.72,A
1500,45.5,9.03,A
1500,45.5,27.39,A
1500,45.63,1,A
1500,45.63,12.6,A
1500,45.63,19.15,A
1500,45.63,21.49,A
1500,45.66,0.9,A
1500,45.66,4.54,A
1500,45.66,6.25,A
1500,45.66,9.12,A
1500,45.66,11.78,A
1500,45.66,12.33,A
1500,45.66,12.74,A
1500,45.66,13.26,A
1500,45.66,13.35,A
1500,45.66,14.46,A
1500,45.66,15.01,A
1500,45.66,22.01,A
1500,45.66,22.05,A
1500,45.66,23.18,A
1500,45.66,28.34,A
1500,45.69,0,A
1500,45.69,2.88,A
1500,45.69,4.73,A
1500,45.69,5.21,A
1500,45.69,5.62,A
1500,45.69,6.91,A
1500,45.69,8.12,A
1500,45.69,9.67,A
1500,45.69,9.81,A
1500,45.69,10.28,A
1500,45.69,10.67,A
1500,45.69,10.97,A
1500,45.69,10.98,A
1500,45.69,11.12,A
1500,45.69,13.79,A
1500,45.69,16.02,A
1500,45.69,17.82,A
1500,45.69,18.13,A
1500,45.69,20.24,A
1500,45.69,20.28,A
1500,45.69,21.12,A
1500,45.69,26.83,A
1500,45.71,1.25,A
1500,45.71,2.22,A
1500,45.71,2.67,A
1500,45.71,2.91,A
1500,45.71,4.73,A
1500,45.71,6.78,A
1500,45.71,7.24,A
1500,45.71,11.35,A
1500,45.71,12.26,A
1500,45.71,15.65,A
1500,45.71,16.99,A
1500,45.71,17.2,A
1500,45.71,19.87,A
1500,45.71,34.33,A
1500,45.75,0.57,A
1500,45.75,6.54,A
1500,45.77,4.57,A
1500,45.77,8.31,A
1500,45.77,8.83,A
1500,45.77,8.98,A
1500,45.77,13.38,A
1500,45.77,15.79,A
1500,45.8,4.14,A
1500,45.8,6,A
1500,45.8,6.87,A
1500,45.8,7.97,A
1500,45.8,20.32,A
1500,45.9,2.4,A
1500,45.91,2.38,A
1500,45.95,10.92,A
1500,45.95,11.6,A
1500,45.95,14.84,A
1500,45.95,15.34,A
1500,45.95,18.08,A
1500,45.95,18.35,A
1500,45.95,37.47,A
1500,45.97,1.77,A
1500,45.97,9.44,A
1500,45.97,10.43,A
1500,45.97,11.47,A
1500,45.97,11.54,A
1500,45.97,14.8,A
1500,45.97,16.11,A
1500,45.97,17.3,A
1500,45.97,17.67,A
1500,45.97,19.18,A
1500,45.97,21.31,A
1500,45.97,21.89,A
1500,45.97,23.81,A
1500,45.97,23.82,A
1500,45.97,25.84,A
1500,45.97,27.91,A
1500,46.01,3.87,A
1500,46.01,20.06,A
1500,46.06,4.88,A
1500,46.06,9.34,A
1500,46.06,9.57,A
1500,46.06,10.26,A
1500,46.06,10.6,A
1500,46.06,11.86,A
1500,46.06,28.86,A
1500,46.09,3.57,A
1500,46.09,11.16,A
1500,46.09,11.75,A
1500,46.09,12.54,A
1500,46.09,13.07,A
1500,46.09,13.82,A
1500,46.09,13.89,A
1500,46.09,14.12,A
1500,46.09,15.15,A
1500,46.09,17.79,A
1500,46.09,22.81,A
1500,46.09,23.21,A
1500,46.09,25.16,A
1500,46.09,35.92,A
1500,46.1,3.27,A
1500,46.1,14.03,A
1500,46.12,1.84,A
1500,46.12,2.9,A
1500,46.12,3.89,A
1500,46.12,8.28,A
1500,46.12,11.7,A
1500,46.12,13.18,A
1500,46.12,13.34,A
1500,46.12,14.86,A
1500,46.12,15.71,A
1500,46.12,22.1,A
1500,46.12,36.68,A
1500,46.12,321.77,A
1500,46.13,1,A
1500,46.13,1.3,A
1500,46.13,1.63,A
1500,46.13,2.29,A
1500,46.13,2.56,A
1500,46.13,4.32,A
1500,46.13,4.95,A
1500,46.13,5.84,A
1500,46.13,11.37,A
1500,46.13,11.79,A
1500,46.13,12.18,A
1500,46.13,13.98,A
1500,46.13,15.02,A
1500,46.13,15.27,A
1500,46.13,17.35,A
1500,46.13,17.62,A
1500,46.13,17.92,A
1500,46.13,18.39,A
1500,46.13,20.15,A
1500,46.13,20.23,A
1500,46.13,23.26,A
1500,46.13,24.65,A
1500,46.13,25.44,A
1500,46.13,37.4,A
1500,46.16,0.75,A
1500,46.16,5.09,A
1500,46.16,8.72,A
1500,46.2,2.93,A
1500,46.2,5,A
1500,46.2,9.21,A
1500,46.2,10.11,A
1500,46.2,11.13,A
1500,46.2,12.47,A
1500,46.2,12.72,A
1500,46.2,14.16,A
1500,46.2,15.98,A
1500,46.2,17.12,A
1500,46.2,17.94,A
1500,46.2,22.09,A
1500,46.2,22.98,A
1500,46.25,2.11,A
1500,46.25,2.42,A
1500,46.25,5.87,A
1500,46.25,6.74,A
1500,46.25,8.33,A
1500,46.25,9.03,A
1500,46.25,9.68,A
1500,46.25,13.59,A
1500,46.25,18.08,A
1500,46.25,18.63,A
1500,46.25,19.38,A
1500,46.25,26.38,A
1500,46.25,26.47,A
1500,46.25,27.21,A
1500,46.26,0.74,A
1500,46.26,11.88,A
1500,46.26,16.22,A
1500,46.26,16.74,A
1500,46.26,20.05,A
1500,46.27,6.59,A
1500,46.27,9.27,A
1500,46.27,25.39,A
1500,46.3,4.4,A
1500,46.3,8.37,A
1500,46.3,8.43,A
1500,46.3,11.97,A
1500,46.3,18.51,A
1500,46.3,20.31,A
1500,46.3,21.35,A
1500,46.31,0.92,A
1500,46.31,0.93,A
1500,46.31,4.08,A
1500,46.31,5.16,A
1500,46.31,6.05,A
1500,46.31,6.29,A
1500,46.31,6.44,A
1500,46.31,7.34,A
1500,46.31,8.21,A
1500,46.31,9.11,A
1500,46.31,9.13,A
1500,46.31,9.33,A
1500,46.31,9.57,A
1500,46.31,9.66,A
1500,46.31,10.59,A
1500,46.31,10.68,A
1500,46.31,10.73,A
1500,46.31,11.04,A
1500,46.31,11.44,A
1500,46.31,12.15,A
1500,46.31,12.17,A
1500,46.31,12.23,A
1500,46.31,13.49,A
1500,46.31,13.73,A
1500,46.31,14.54,A
1500,46.31,14.64,A
1500,46.31,15.53,A
1500,46.31,15.88,A
1500,46.31,17.24,A
1500,46.31,17.42,A
1500,46.31,18,A
1500,46.31,19.42,A
1500,46.31,21,A
1500,46.31,21.67,A
1500,46.31,23.97,A
1500,46.31,24.4,A
1500,46.31,24.44,A
1500,46.31,25.82,A
1500,46.31,26.67,A
1500,46.31,28.1,A
1500,46.31,28.3,A
1500,46.31,28.35,A
1500,46.31,29.3,A
1500,46.31,31.66,A
1500,46.33,12.53,A
1500,46.33,12.7,A
1500,46.33,19.54,A
1500,46.33,20.44,A
1500,46.33,20.54,A
1500,46.35,16.24,A
1500,46.37,0.6,A
1500,46.37,1.22,A
1500,46.37,2,A
1500,46.37,3.36,A
1500,46.37,3.43,A
1500,46.37,4.51,A
1500,46.37,5.33,A
1500,46.37,5.67,A
1500,46.37,5.76,A
1500,46.37,6.72,A
1500,46.37,10.03,A
1500,46.37,10.47,A
1500,46.37,10.95,A
1500,46.37,11.28,A
1500,46.37,13.04,A
1500,46.37,13.28,A
1500,46.37,14.16,A
1500,46.37,14.44,A
1500,46.37,15.96,A
1500,46.37,17.31,A
1500,46.37,18.02,A
1500,46.37,19.49,A
1500,46.37,27,A
1500,46.37,31.44,A
1500,46.37,32.45,A
1500,46.4,9.71,A
1500,46.4,9.73,A
1500,46.4,16.19,A
1500,46.41,4.8,A
1500,46.42,4.38,A
1500,46.42,19.4,A
1500,46.46,2.44,A
1500,46.46,2.55,A
1500,46.46,3.05,A
1500,46.46,3.55,A
1500,46.46,3.98,A
1500,46.46,4.36,A
1500,46.46,5.91,A
1500,46.46,9.36,A
1500,46.46,9.7,A
1500,46.46,10.14,A
1500,46.46,10.74,A
1500,46.46,11.85,A
1500,46.46,12.32,A
1500,46.46,12.82,A
1500,46.46,13.35,A
1500,46.46,13.69,A
1500,46.46,14.68,A
1500,46.46,15.42,A
1500,46.46,16.03,A
1500,46.46,16.6,A
1500,46.46,20.13,A
1500,46.46,20.8,A
1500,46.46,21.99,A
1500,46.46,22.14,A
1500,46.46,22.91,A
1500,46.46,23.29,A
1500,46.46,23.63,A
1500,46.46,24.04,A
1500,46.46,24.91,A
1500,46.46,25.85,A
1500,46.46,28.15,A
1500,46.46,33.55,A
1500,46.46,95.6,A
1500,46.49,4.53,A
1500,46.49,5.59,A
1500,46.49,9.57,A
1500,46.49,13.81,A
1500,46.49,14.06,A
1500,46.49,15.12,A
1500,46.49,15.36,A
1500,46.49,17.38,A
1500,46.49,18.19,A
1500,46.49,22.9,A
1500,46.5,9.42,A
1500,46.5,9.62,A
1500,46.5,10.08,A
1500,46.5,11.5,A
1500,46.5,13.51,A
1500,46.5,14.27,A
1500,46.5,14.72,A
1500,46.5,17.87,A
1500,46.5,22.84,A
1500,46.5,24.69,A
1500,46.5,25.22,A
1500,46.5,25.84,A
1500,46.5,27.07,A
1500,46.52,1.76,A
1500,46.52,3.4,A
1500,46.52,14.86,A
1500,46.52,18.34,A
1500,46.52,18.75,A
1500,46.52,19.05,A
1500,46.52,24.21,A
1500,46.55,1.21,A
1500,46.55,1.46,A
1500,46.55,5.21,A
1500,46.55,6.79,A
1500,46.55,7.15,A
1500,46.55,7.25,A
1500,46.55,7.95,A
1500,46.55,9.53,A
1500,46.55,11.6,A
1500,46.55,12.66,A
1500,46.55,12.79,A
1500,46.55,15.31,A
1500,46.55,17.36,A
1500,46.55,18.31,A
1500,46.55,19.19,A
1500,46.55,19.89,A
1500,46.55,35.36,A
1500,46.56,1.2,A
1500,46.56,1.71,A
1500,46.56,1.78,A
1500,46.56,2.08,A
1500,46.56,2.98,A
1500,46.56,3.66,A
1500,46.56,3.77,A
1500,46.56,3.84,A
1500,46.56,4.12,A
1500,46.56,4.4,A
1500,46.56,4.62,A
1500,46.56,5.41,A
1500,46.56,5.82,A
1500,46.56,6.18,A
1500,46.56,6.32,A
1500,46.56,6.38,A
1500,46.56,6.47,A
1500,46.56,7.83,A
1500,46.56,8.11,A
1500,46.56,8.34,A
1500,46.56,8.5,A
1500,46.56,9.29,A
1500,46.56,9.39,A
1500,46.56,9.45,A
1500,46.56,9.63,A
1500,46.56,10.14,A
1500,46.56,11.09,A
1500,46.56,12.15,A
1500,46.56,12.51,A
1500,46.56,13.2,A
1500,46.56,13.44,A
1500,46.56,14.26,A
1500,46.56,14.7,A
1500,46.56,14.83,A
1500,46.56,15.82,A
1500,46.56,15.93,A
1500,46.56,16.03,A
1500,46.56,16.15,A
1500,46.56,16.64,A
1500,46.56,16.85,A
1500,46.56,17.34,A
1500,46.56,18.48,A
1500,46.56,18.51,A
1500,46.56,18.73,A
1500,46.56,18.75,A
1500,46.56,19.77,A
1500,46.56,20.14,A
1500,46.56,20.24,A
1500,46.56,21.03,A
1500,46.56,21.75,A
1500,46.56,22.32,A
1500,46.56,22.64,A
1500,46.56,23.04,A
1500,46.56,23.26,A
1500,46.56,23.65,A
1500,46.56,23.72,A
1500,46.56,27.47,A
1500,46.56,28.43,A
1500,46.56,28.95,A
1500,46.56,29.54,A
1500,46.56,30.45,A
1500,46.56,30.66,A
1500,46.56,34.11,A
1500,46.56,36.69,A
1500,46.56,53.25,A
1500,46.57,13.57,A
1500,46.59,0.69,A
1500,46.59,5.69,A
1500,46.59,7.11,A
1500,46.59,10.07,A
1500,46.59,10.95,A
1500,46.59,12.22,A
1500,46.59,14.4,A
1500,46.59,26.96,A
1500,46.64,1.23,A
1500,46.64,1.71,A
1500,46.64,2.66,A
1500,46.64,3.9,A
1500,46.64,6.2,A
1500,46.64,6.36,A
1500,46.64,8.88,A
1500,46.64,10.57,A
1500,46.64,11.92,A
1500,46.64,12.07,A
1500,46.64,12.93,A
1500,46.64,12.96,A
1500,46.64,14.36,A
1500,46.64,15.49,A
1500,46.64,16.98,A
1500,46.64,17.39,A
1500,46.64,17.56,A
1500,46.64,19.37,A
1500,46.64,20.23,A
1500,46.64,22.48,A
1500,46.64,29.32,A
1500,46.64,32.18,A
1500,46.66,2.95,A
1500,46.66,5.64,A
1500,46.66,6.9,A
1500,46.66,7.24,A
1500,46.66,8.05,A
1500,46.66,9.7,A
1500,46.66,10.77,A
1500,46.66,11.46,A
1500,46.66,11.71,A
1500,46.66,12.06,A
1500,46.66,13.12,A
1500,46.66,14.12,A
1500,46.66,15.15,A
1500,46.66,15.65,A
1500,46.66,15.74,A
1500,46.66,16.06,A
1500,46.66,16.08,A
1500,46.66,16.29,A
1500,46.66,16.54,A
1500,46.66,17.22,A
1500,46.66,18.38,A
1500,46.66,18.53,A
1500,46.66,18.54,A
1500,46.66,19.19,A
1500,46.66,20.91,A
1500,46.66,21.78,A
1500,46.66,22.32,A
1500,46.66,22.65,A
1500,46.66,24.77,A
1500,46.66,25.87,A
1500,46.66,26.39,A
1500,46.66,27.35,A
1500,46.66,27.42,A
1500,46.66,27.45,A
1500,46.66,29.81,A
1500,46.66,29.88,A
1500,46.67,9.76,A
1500,46.67,17.12,A
1500,46.67,19.24,A
1500,46.67,20.77,A
1500,46.71,1.5,A
1500,46.71,3.79,A
1500,46.71,10.07,A
1500,46.71,10.63,A
1500,46.71,11.9,A
1500,46.71,13.56,A
1500,46.71,13.82,A
1500,46.71,16.43,A
1500,46.71,24.67,A
1500,46.71,28.29,A
1500,46.73,6.34,A
1500,46.73,6.41,A
1500,46.73,7.83,A
1500,46.73,10.97,A
1500,46.73,11.91,A
1500,46.73,18,A
1500,46.73,18.56,A
1500,46.73,19.95,A
1500,46.73,26.9,A
1500,46.75,0.01,A
1500,46.75,2.52,A
1500,46.75,4.2,A
1500,46.75,5.81,A
1500,46.75,10.36,A
1500,46.75,14.55,A
1500,46.75,18.13,A
1500,46.75,20.45,A
1500,46.79,4.33,A
1500,46.8,17.11,A
1500,46.8,21.3,A
1500,46.83,3.42,A
1500,46.83,4.36,A
1500,46.83,15.04,A
1500,46.9,0.6,A
1500,46.9,1.41,A
1500,46.9,2.83,A
1500,46.9,3.24,A
1500,46.9,3.51,A
1500,46.9,4.14,A
1500,46.9,4.26,A
1500,46.9,4.77,A
1500,46.9,5,A
1500,46.9,5.26,A
1500,46.9,6.24,A
1500,46.9,7.6,A
1500,46.9,7.8,A
1500,46.9,9.34,A
1500,46.9,10.9,A
1500,46.9,11.93,A
1500,46.9,12.26,A
1500,46.9,12.89,A
1500,46.9,13,A
1500,46.9,13.07,A
1500,46.9,13.44,A
1500,46.9,14.33,A
1500,46.9,15.13,A
1500,46.9,15.28,A
1500,46.9,17.35,A
1500,46.9,17.76,A
1500,46.9,17.84,A
1500,46.9,18.03,A
1500,46.9,18.21,A
1500,46.9,19.4,A
1500,46.9,20.11,A
1500,46.9,20.52,A
1500,46.9,20.64,A
1500,46.9,20.66,A
1500,46.9,21.24,A
1500,46.9,23.22,A
1500,46.9,24.73,A
1500,46.9,26.09,A
1500,46.9,26.23,A
1500,46.9,26.32,A
1500,46.9,28.73,A
1500,46.9,29.22,A
1500,46.9,34.84,A
1500,46.9,38.76,A
1500,46.93,2.58,A
1500,46.93,4.14,A
1500,46.93,4.87,A
1500,46.93,5.35,A
1500,46.93,6.07,A
1500,46.93,6.48,A
1500,46.93,7.7,A
1500,46.93,8.9,A
1500,46.93,11.69,A
1500,46.93,12.12,A
1500,46.93,12.15,A
1500,46.93,12.54,A
1500,46.93,13.87,A
1500,46.93,15.25,A
1500,46.93,15.35,A
1500,46.93,18.21,A
1500,46.93,20.27,A
1500,46.93,20.73,A
1500,46.93,20.86,A
1500,46.93,21.01,A
1500,46.93,23.74,A
1500,46.93,24.48,A
1500,46.93,24.58,A
1500,46.93,28.25,A
1500,46.93,28.57,A
1500,46.94,4.13,A
1500,46.94,8.6,A
1500,46.94,9.97,A
1500,46.94,12.53,A
1500,46.94,13.68,A
1500,46.94,16.56,A
1500,46.94,18.23,A
1500,46.94,20.13,A
1500,46.94,21.88,A
1500,46.94,22.25,A
1500,46.94,22.45,A
1500,46.94,33.53,A
1500,46.95,0.96,A
1500,46.95,4.46,A
1500,46.95,12.15,A
1500,46.95,20.91,A
1500,46.98,0,A
1500,46.98,2.07,A
1500,46.98,3.06,A
1500,46.98,7.54,A
1500,46.98,12.52,A
1500,46.98,13.54,A
1500,46.98,13.66,A
1500,46.98,13.84,A
1500,46.98,14.59,A
1500,46.98,18.77,A
1500,46.98,19.43,A
1500,46.98,19.67,A
1500,46.98,19.73,A
1500,46.98,20.31,A
1500,46.98,23.83,A
1500,46.98,28.41,A
1500,46.98,30.3,A
1500,46.98,39.28,A
1500,46.98,39.57,A
1500,46.99,0.34,A
1500,46.99,1.39,A
1500,46.99,3.04,A
1500,46.99,3.2,A
1500,46.99,3.31,A
1500,46.99,5.2,A
1500,46.99,5.84,A
1500,46.99,6.27,A
1500,46.99,6.32,A
1500,46.99,6.34,A
1500,46.99,6.66,A
1500,46.99,6.84,A
1500,46.99,6.89,A
1500,46.99,7.04,A
1500,46.99,7.15,A
1500,46.99,7.5,A
1500,46.99,7.78,A
1500,46.99,8.19,A
1500,46.99,8.28,A
1500,46.99,8.36,A
1500,46.99,8.52,A
1500,46.99,8.86,A
1500,46.99,9.38,A
1500,46.99,9.41,A
1500,46.99,10.02,A
1500,46.99,10.94,A
1500,46.99,11.01,A
1500,46.99,11.69,A
1500,46.99,11.82,A
1500,46.99,12.03,A
1500,46.99,13.68,A
1500,46.99,14.18,A
1500,46.99,14.2,A
1500,46.99,14.88,A
1500,46.99,15.15,A
1500,46.99,15.32,A
1500,46.99,16.11,A
1500,46.99,16.24,A
1500,46.99,16.3,A
1500,46.99,16.34,A
1500,46.99,16.46,A
1500,46.99,17.21,A
1500,46.99,17.46,A
1500,46.99,17.54,A
1500,46.99,18.45,A
1500,46.99,19.15,A
1500,46.99,19.2,A
1500,46.99,19.46,A
1500,46.99,19.76,A
1500,46.99,20.25,A
1500,46.99,20.31,A
1500,46.99,20.34,A
1500,46.99,20.64,A
1500,46.99,21.01,A
1500,46.99,21.26,A
1500,46.99,21.44,A
1500,46.99,23.02,A
1500,46.99,23.24,A
1500,46.99,23.4,A
1500,46.99,23.62,A
1500,46.99,24.49,A
1500,46.99,24.53,A
1500,46.99,24.58,A
1500,46.99,24.74,A
1500,46.99,24.96,A
1500,46.99,27.12,A
1500,46.99,28.71,A
1500,46.99,28.73,A
1500,46.99,29.76,A
1500,46.99,29.91,A
1500,46.99,34.27,A
1500,46.99,37.09,A
1500,47,5.76,A
1500,47,7.29,A
1500,47,7.54,A
1500,47,9.72,A
1500,47,9.9,A
1500,47,10.8,A
1500,47,11.63,A
1500,47,12.5,A
1500,47,12.76,A
1500,47,16.39,A
1500,47,16.74,A
1500,47,16.75,A
1500,47,18.33,A
1500,47,18.49,A
1500,47,19.98,A
1500,47,20.04,A
1500,47,20.72,A
1500,47,22.23,A
1500,47,24.44,A
1500,47,26.36,A
1500,47,27.8,A
1500,47,28.28,A
1500,47,28.72,A
1500,47,29.76,A
1500,47,32.33,A
1500,47,32.62,A
1500,47,34.21,A
1500,47.01,14.73,A
1500,47.01,16.9,A
1500,47.06,2.82,A
1500,47.06,5.78,A
1500,47.06,8.55,A
1500,47.06,10.16,A
1500,47.06,10.44,A
1500,47.06,11.64,A
1500,47.06,12.14,A
1500,47.06,13.8,A
1500,47.06,15.2,A
1500,47.06,15.71,A
1500,47.06,16.78,A
1500,47.06,19.68,A
1500,47.06,19.88,A
1500,47.06,24.12,A
1500,47.06,24.32,A
1500,47.06,25.62,A
1500,47.06,26.3,A
1500,47.06,26.5,A
1500,47.06,33.23,A
1500,47.13,3.42,B
1500,47.13,6.88,B
1500,47.13,7.11,B
1500,47.13,7.12,B
1500,47.13,10.55,B
1500,47.13,10.99,B
1500,47.13,11.05,B
1500,47.13,12.72,B
1500,47.13,12.84,B
1500,47.13,14.05,B
1500,47.13,16.37,B
1500,47.13,17.2,B
1500,47.13,19.11,B
1500,47.13,19.37,B
1500,47.13,19.75,B
1500,47.13,20.39,B
1500,47.13,20.44,B
1500,47.13,21.51,B
1500,47.13,22.01,B
1500,47.13,24.07,B
1500,47.13,24.4,B
1500,47.13,24.87,B
1500,47.13,26.55,B
1500,47.13,27.49,B
1500,47.13,28.4,B
1500,47.13,29.59,B
1500,47.14,2.23,A
1500,47.14,4.44,A
1500,47.14,4.75,A
1500,47.14,4.95,A
1500,47.14,13.68,A
1500,47.14,14.39,A
1500,47.14,14.57,A
1500,47.14,15.23,A
1500,47.14,15.62,A
1500,47.14,17.17,A
1500,47.14,17.29,A
1500,47.14,17.56,A
1500,47.14,18.67,A
1500,47.14,18.76,A
1500,47.14,18.79,A
1500,47.14,19.43,A
1500,47.14,21.87,A
1500,47.14,22.12,A
1500,47.14,22.26,A
1500,47.14,25.17,A
1500,47.14,25.44,A
1500,47.14,27.24,A
1500,47.14,37.57,A
1500,47.18,5.42,B
1500,47.18,5.8,B
1500,47.18,7.68,B
1500,47.18,9.4,B
1500,47.18,9.77,B
1500,47.18,9.87,B
1500,47.18,10.45,B
1500,47.18,10.82,B
1500,47.18,11,B
1500,47.18,11.26,B
1500,47.18,11.46,B
1500,47.18,12.6,B
1500,47.18,12.96,B
1500,47.18,13.14,B
1500,47.18,13.35,B
1500,47.18,13.5,B
1500,47.18,13.93,B
1500,47.18,14.46,B
1500,47.18,14.79,B
1500,47.18,14.86,B
1500,47.18,15.54,B
1500,47.18,15.97,B
1500,47.18,16.46,B
1500,47.18,16.86,B
1500,47.18,17.54,B
1500,47.18,18.51,B
1500,47.18,18.76,B
1500,47.18,20.3,B
1500,47.18,21.07,B
1500,47.18,21.8,B
1500,47.18,21.81,B
1500,47.18,22,B
1500,47.18,22.4,B
1500,47.18,23.14,B
1500,47.18,25.45,B
1500,47.18,25.97,B
1500,47.18,27.64,B
1500,47.18,27.65,B
1500,47.18,27.83,B
1500,47.18,28.5,B
1500,47.18,29.25,B
1500,47.18,29.62,B
1500,47.18,30.33,B
1500,47.18,31.1,B
1500,47.18,31.8,B
1500,47.23,2.53,A
1500,47.23,12.39,A
1500,47.27,18.68,B
1500,47.27,25.5,B
1500,47.27,26.71,B
1500,47.28,8,A
1500,47.28,8.38,A
1500,47.28,10.62,A
1500,47.28,11.14,A
1500,47.28,11.56,A
1500,47.28,12.51,B
1500,47.28,13.51,B
1500,47.28,17.33,A
1500,47.28,17.67,B
1500,47.28,19.09,A
1500,47.28,20.04,B
1500,47.28,20.82,A
1500,47.28,21.7,B
1500,47.28,21.91,A
1500,47.28,29.96,A
1500,47.28,39.91,B
1500,47.33,3.46,A
1500,47.33,3.57,A
1500,47.33,6.11,A
1500,47.33,7.23,A
1500,47.33,8.9,A
1500,47.33,11.86,A
1500,47.33,12.43,A
1500,47.33,12.48,A
1500,47.33,13.34,A
1500,47.33,15.26,A
1500,47.33,16.03,A
1500,47.33,18.55,A
1500,47.33,19.22,A
1500,47.33,22.09,A
1500,47.33,24.66,A
1500,47.33,26.09,A
1500,47.33,30.25,A
1500,47.33,36.64,A
1500,47.35,2.44,A
1500,47.35,8.43,A
1500,47.35,10.42,A
1500,47.35,13.54,B
1500,47.35,14.56,B
1500,47.35,15.71,A
1500,47.35,20.73,B
1500,47.35,22.5,A
1500,47.42,12.54,A
1500,47.42,12.87,A
1500,47.42,14.53,A
1500,47.42,14.6,A
1500,47.42,15.8,A
1500,47.42,18.2,A
1500,47.42,18.66,A
1500,47.42,18.89,A
1500,47.42,20.2,A
1500,47.42,24,A
1500,47.42,24.13,A
1500,47.42,24.17,A
1500,47.42,30.11,A
1500,47.45,9.37,A
1500,47.47,6.34,B
1500,47.47,8.29,B
1500,47.47,9.14,B
1500,47.47,9.8,B
1500,47.47,15.55,B
1500,47.47,20.11,B
1500,47.47,20.83,B
1500,47.57,6.07,A
1500,47.57,9.03,A
1500,47.57,10.93,A
1500,47.57,11.57,A
1500,47.57,13.18,A
1500,47.57,14.36,A
1500,47.57,14.37,A
1500,47.57,16.21,A
1500,47.57,19.54,A
1500,47.57,20.16,A
1500,47.57,22.11,A
1500,47.57,25.8,A
1500,47.57,26.16,A
1500,47.57,32.56,A
1500,47.57,37.54,A
1500,47.57,42.49,A
1500,47.62,11.21,B
1500,47.62,19.76,B
1500,47.63,2.45,A
1500,47.63,4,A
1500,47.63,4.44,A
1500,47.63,7.53,A
1500,47.63,12,A
1500,47.63,12.17,A
1500,47.63,12.28,A
1500,47.63,16.6,A
1500,47.63,18,A
1500,47.63,18.3,A
1500,47.63,20.67,A
1500,47.63,20.98,A
1500,47.66,7.27,A
1500,47.66,8.52,A
1500,47.66,9.6,A
1500,47.7,3.74,B
1500,47.7,5.17,B
1500,47.7,8.2,B
1500,47.7,9.06,B
1500,47.7,11.78,B
1500,47.7,11.79,B
1500,47.7,12.57,B
1500,47.7,13.75,B
1500,47.7,13.84,B
1500,47.7,16.5,B
1500,47.7,18.88,B
1500,47.7,19.46,B
1500,47.7,19.67,B
1500,47.7,20.2,B
1500,47.7,23.21,B
1500,47.7,25.49,B
1500,47.7,26.87,B
1500,47.7,30.48,B
1500,47.82,0,B
1500,47.82,0.99,B
1500,47.82,2.14,B
1500,47.82,2.47,B
1500,47.82,3.59,B
1500,47.82,3.66,B
1500,47.82,3.9,B
1500,47.82,4.22,B
1500,47.82,4.32,B
1500,47.82,5.4,B
1500,47.82,6.97,B
1500,47.82,7.16,B
1500,47.82,7.69,B
1500,47.82,7.94,B
1500,47.82,9.56,B
1500,47.82,9.74,B
1500,47.82,9.85,B
1500,47.82,10.44,B
1500,47.82,11.47,B
1500,47.82,12.1,B
1500,47.82,12.18,B
1500,47.82,12.3,B
1500,47.82,12.39,B
1500,47.82,12.57,B
1500,47.82,13.6,B
1500,47.82,13.9,B
1500,47.82,13.97,B
1500,47.82,14.37,B
1500,47.82,14.45,B
1500,47.82,14.49,B
1500,47.82,15.65,B
1500,47.82,16.23,B
1500,47.82,16.75,B
1500,47.82,17.1,B
1500,47.82,17.44,B
1500,47.82,17.91,B
1500,47.82,18.41,B
1500,47.82,18.58,B
1500,47.82,18.65,B
1500,47.82,18.96,B
1500,47.82,19.75,B
1500,47.82,20.21,B
1500,47.82,20.35,B
1500,47.82,20.4,B
1500,47.82,20.66,B
1500,47.82,21.38,B
1500,47.82,21.48,B
1500,47.82,21.66,B
1500,47.82,22.4,B
1500,47.82,22.46,B
1500,47.82,22.67,B
1500,47.82,22.75,B
1500,47.82,23,B
1500,47.82,23.56,B
1500,47.82,23.72,B
1500,47.82,23.82,B
1500,47.82,24.83,B
1500,47.82,25.87,B
1500,47.82,25.99,B
1500,47.82,26.67,B
1500,47.82,27.85,B
1500,47.82,28.06,B
1500,47.82,28.07,B
1500,47.82,28.11,B
1500,47.82,28.64,B
1500,47.82,30.58,B
1500,47.82,32.17,B
1500,47.82,32.84,B
1500,47.82,33.36,B
1500,47.88,4.99,B
1500,47.88,22,B
1500,47.93,5.94,A
1500,47.93,18.2,A
1500,48.01,0.75,B
1500,48.01,0.88,B
1500,48.01,1.13,B
1500,48.01,1.5,B
1500,48.01,3.16,B
1500,48.01,3.23,B
1500,48.01,3.39,B
1500,48.01,3.47,B
1500,48.01,4.2,B
1500,48.01,4.58,B
1500,48.01,4.77,B
1500,48.01,5.2,B
1500,48.01,5.36,B
1500,48.01,5.37,B
1500,48.01,6,B
1500,48.01,6.3,B
1500,48.01,6.51,B
1500,48.01,6.82,B
1500,48.01,6.83,B
1500,48.01,7.18,B
1500,48.01,7.32,B
1500,48.01,8.45,B
1500,48.01,9.12,B
1500,48.01,9.16,B
1500,48.01,9.31,B
1500,48.01,9.97,B
1500,48.01,10.31,B
1500,48.01,10.64,B
1500,48.01,10.91,B
1500,48.01,11.03,B
1500,48.01,11.17,B
1500,48.01,11.21,B
1500,48.01,11.6,B
1500,48.01,11.64,B
1500,48.01,12,B
1500,48.01,12.29,B
1500,48.01,12.34,B
1500,48.01,12.41,B
1500,48.01,12.64,B
1500,48.01,13.37,B
1500,48.01,14.52,B
1500,48.01,15.03,B
1500,48.01,15.07,B
1500,48.01,15.13,B
1500,48.01,15.38,B
1500,48.01,15.56,B
1500,48.01,15.6,B
1500,48.01,15.74,B
1500,48.01,16.1,B
1500,48.01,16.18,B
1500,48.01,16.21,B
1500,48.01,16.27,B
1500,48.01,16.59,B
1500,48.01,17.66,B
1500,48.01,19.04,B
1500,48.01,19.32,B
1500,48.01,19.42,B
1500,48.01,19.83,B
1500,48.01,20.29,B
1500,48.01,20.68,B
1500,48.01,20.8,B
1500,48.01,20.94,B
1500,48.01,21.05,B
1500,48.01,21.44,B
1500,48.01,21.59,B
1500,48.01,22.45,B
1500,48.01,22.55,B
1500,48.01,22.79,B
1500,48.01,22.8,B
1500,48.01,23.15,B
1500,48.01,23.24,B
1500,48.01,23.67,B
1500,48.01,25.01,B
1500,48.01,25.15,B
1500,48.01,26.04,B
1500,48.01,26.3,B
1500,48.01,26.71,B
1500,48.01,28.47,B
1500,48.01,30.08,B
1500,48.01,30.32,B
1500,48.01,30.98,B
1500,48.01,31.86,B
1500,48.01,32.73,B
1500,48.01,35.38,B
1500,48.01,36.5,B
1500,48.01,38.5,B
1500,48.05,5.32,B
1500,48.05,6.75,B
1500,48.05,6.8,B
1500,48.05,7.65,B
1500,48.05,8.22,B
1500,48.05,9.19,B
1500,48.05,10.8,B
1500,48.05,11.06,B
1500,48.05,12.33,B
1500,48.05,12.65,B
1500,48.05,16.09,B
1500,48.05,16.28,B
1500,48.05,17.19,B
1500,48.05,17.37,B
1500,48.05,18.22,B
1500,48.05,18.48,B
1500,48.05,18.9,B
1500,48.05,19.83,B
1500,48.05,19.94,B
1500,48.05,21.04,B
1500,48.05,21.1,B
1500,48.05,22.25,B
1500,48.05,22.96,B
1500,48.05,23.33,B
1500,48.11,5.97,B
1500,48.11,8.1,B
1500,48.11,9.46,B
1500,48.11,11.15,B
1500,48.11,12.69,B
1500,48.11,13.04,B
1500,48.11,19.97,B
1500,48.11,19.99,B
1500,48.11,21.81,B
1500,48.11,22.57,B
1500,48.11,37.66,B
1500,48.14,14.06,B
1500,48.14,16.86,B
1500,48.14,17.79,B
1500,48.14,21.02,B
1500,48.15,8.5,B
1500,48.15,9.8,A
1500,48.15,16.98,B
1500,48.15,22.04,B
1500,48.17,7.64,B
1500,48.17,28.78,B
1500,48.19,15.62,B
1500,48.2,10.85,B
1500,48.23,2.57,B
1500,48.23,2.63,B
1500,48.23,3.2,B
1500,48.23,4.2,B
1500,48.23,4.75,B
1500,48.23,5.08,B
1500,48.23,6.27,B
1500,48.23,7.62,B
1500,48.23,7.95,B
1500,48.23,8.73,B
1500,48.23,9.2,B
1500,48.23,10.62,B
1500,48.23,14.46,B
1500,48.23,15.65,B
1500,48.23,16.92,B
1500,48.23,17,B
1500,48.23,17.28,B
1500,48.23,17.63,B
1500,48.23,18.76,B
1500,48.23,21.09,B
1500,48.23,21.67,B
1500,48.23,22.94,B
1500,48.23,24,B
1500,48.23,24.2,B
1500,48.23,25.6,B
1500,48.23,27.39,B
1500,48.23,28.98,B
1500,48.24,1.4,B
1500,48.24,3.67,B
1500,48.24,18.13,B
1500,48.24,24.44,B
1500,48.24,26.99,B
1500,48.24,28.12,B
1500,48.24,34.98,B
1500,48.27,3.78,B
1500,48.27,6.58,B
1500,48.27,7.68,B
1500,48.27,8.83,B
1500,48.27,12.17,B
1500,48.27,20.21,B
1500,48.27,22.84,B
1500,48.27,24.71,B
1500,48.27,33.4,B
1500,48.34,2.72,B
1500,48.34,8.21,B
1500,48.34,17.55,B
1500,48.35,6.7,B
1500,48.35,7.56,B
1500,48.35,7.71,B
1500,48.35,8.38,B
1500,48.35,11.63,B
1500,48.35,13.11,B
1500,48.35,17.5,B
1500,48.35,18.1,B
1500,48.35,19.67,B
1500,48.35,23.2,B
1500,48.35,24.92,B
1500,48.35,31.67,B
1500,48.35,32,B
1500,48.35,34.37,B
1500,48.35,42.69,B
1500,48.36,0.79,B
1500,48.36,2,B
1500,48.36,2.25,B
1500,48.36,3.23,B
1500,48.36,4.43,B
1500,48.36,4.94,B
1500,48.36,5,B
1500,48.36,5.6,B
1500,48.36,5.84,B
1500,48.36,6.22,B
1500,48.36,6.83,B
1500,48.36,6.93,B
1500,48.36,6.98,B
1500,48.36,7.18,B
1500,48.36,7.7,B
1500,48.36,8.1,B
1500,48.36,8.14,B
1500,48.36,9.66,B
1500,48.36,10.28,B
1500,48.36,10.74,B
1500,48.36,10.82,B
1500,48.36,11.08,B
1500,48.36,11.23,B
1500,48.36,11.26,B
1500,48.36,12.06,B
1500,48.36,12.85,B
1500,48.36,12.86,B
1500,48.36,13.4,B
1500,48.36,14.03,B
1500,48.36,14.28,B
1500,48.36,14.33,B
1500,48.36,14.8,B
1500,48.36,15.03,B
1500,48.36,15.09,B
1500,48.36,15.24,B
1500,48.36,15.93,B
1500,48.36,15.98,B
1500,48.36,16.08,B
1500,48.36,16.44,B
1500,48.36,17.1,B
1500,48.36,17.38,B
1500,48.36,17.39,B
1500,48.36,17.68,B
1500,48.36,18.24,B
1500,48.36,18.25,B
1500,48.36,18.26,B
1500,48.36,18.41,B
1500,48.36,18.96,B
1500,48.36,19.44,B
1500,48.36,20.33,B
1500,48.36,20.73,B
1500,48.36,21.3,B
1500,48.36,21.48,B
1500,48.36,21.76,B
1500,48.36,21.82,B
1500,48.36,22.2,B
1500,48.36,22.33,B
1500,48.36,23.33,B
1500,48.36,23.34,B
1500,48.36,25.97,B
1500,48.36,27.56,B
1500,48.36,28.43,B
1500,48.36,28.58,B
1500,48.36,29.6,B
1500,48.36,30.99,B
1500,48.36,32.52,B
1500,48.4,8.39,B
1500,48.4,9.42,B
1500,48.4,10.4,B
1500,48.4,11.9,B
1500,48.4,12.23,B
1500,48.4,12.78,B
1500,48.4,13.85,B
1500,48.4,15.28,B
1500,48.4,17.53,B
1500,48.4,18.23,B
1500,48.4,19.31,B
1500,48.4,19.38,B
1500,48.4,20.02,B
1500,48.4,20.98,B
1500,48.4,21.67,B
1500,48.4,23.66,B
1500,48.4,24,B
1500,48.4,24.39,B
1500,48.4,25.26,B
1500,48.4,26.37,B
1500,48.4,26.96,B
1500,48.4,26.99,B
1500,48.4,27.25,B
1500,48.4,28.95,B
1500,48.4,32.05,B
1500,48.4,32.95,B
1500,48.41,11.07,B
1500,48.41,22.3,B
1500,48.46,2.11,B
1500,48.46,2.69,B
1500,48.46,3,B
1500,48.46,3.56,B
1500,48.46,4.21,B
1500,48.46,5.95,B
1500,48.46,6.07,B
1500,48.46,6.54,B
1500,48.46,7.75,B
1500,48.46,8.32,B
1500,48.46,8.4,B
1500,48.46,8.62,B
1500,48.46,9.6,B
1500,48.46,13.57,B
1500,48.46,13.69,B
1500,48.46,13.78,B
1500,48.46,13.79,B
1500,48.46,15.42,B
1500,48.46,15.89,B
1500,48.46,16.72,B
1500,48.46,18.96,B
1500,48.46,19.1,B
1500,48.46,21.29,B
1500,48.46,23.92,B
1500,48.46,24.55,B
1500,48.46,24.76,B
1500,48.46,26.3,B
1500,48.46,30.3,B
1500,48.46,36.44,B
1500,48.51,4.91,B
1500,48.51,5.11,B
1500,48.51,5.12,B
1500,48.51,8.68,B
1500,48.51,11.75,B
1500,48.51,12.76,B
1500,48.51,13.67,B
1500,48.51,17.38,B
1500,48.51,19.57,B
1500,48.51,20.69,B
1500,48.51,22.06,B
1500,48.51,30.92,B
1500,48.52,2.96,B
1500,48.52,13.02,B
1500,48.52,16.97,B
1500,48.52,21.47,B
1500,48.58,0.94,B
1500,48.64,0.72,B
1500,48.64,3.72,B
1500,48.64,6.72,B
1500,48.64,12.07,B
1500,48.64,13.84,B
1500,48.64,13.87,B
1500,48.64,14.44,B
1500,48.64,15.14,B
1500,48.64,19.76,B
1500,48.64,19.91,B
1500,48.66,5.38,B
1500,48.66,11.28,B
1500,48.66,18.16,B
1500,48.66,20.82,B
1500,48.67,5.18,B
1500,48.67,5.6,B
1500,48.67,13.68,B
1500,48.67,15.99,B
1500,48.67,19.92,B
1500,48.67,23.08,B
1500,48.68,4.96,B
1500,48.68,13.17,B
1500,48.7,1.47,B
1500,48.7,2.74,B
1500,48.7,2.83,B
1500,48.7,2.96,B
1500,48.7,3.4,B
1500,48.7,3.42,B
1500,48.7,5.07,B
1500,48.7,6.04,B
1500,48.7,6.57,B
1500,48.7,6.8,B
1500,48.7,6.97,B
1500,48.7,7.08,B
1500,48.7,7.36,B
1500,48.7,7.46,B
1500,48.7,7.59,B
1500,48.7,7.83,B
1500,48.7,7.88,B
1500,48.7,8.45,B
1500,48.7,8.58,B
1500,48.7,8.82,B
1500,48.7,8.99,B
1500,48.7,9.38,B
1500,48.7,9.47,B
1500,48.7,10.11,B
1500,48.7,10.37,B
1500,48.7,10.38,B
1500,48.7,10.56,B
1500,48.7,10.64,B
1500,48.7,11.35,B
1500,48.7,11.56,B
1500,48.7,11.86,B
1500,48.7,12,B
1500,48.7,12.39,B
1500,48.7,12.7,B
1500,48.7,13.14,B
1500,48.7,13.76,B
1500,48.7,14.02,B
1500,48.7,14.05,B
1500,48.7,14.07,B
1500,48.7,14.17,B
1500,48.7,14.18,B
1500,48.7,14.19,B
1500,48.7,14.37,B
1500,48.7,14.51,B
1500,48.7,14.76,B
1500,48.7,14.83,B
1500,48.7,14.99,B
1500,48.7,15.2,B
1500,48.7,15.37,B
1500,48.7,15.41,B
1500,48.7,15.43,B
1500,48.7,15.64,B
1500,48.7,15.94,B
1500,48.7,16.13,B
1500,48.7,16.25,B
1500,48.7,16.54,B
1500,48.7,16.64,B
1500,48.7,16.73,B
1500,48.7,16.92,B
1500,48.7,17.06,B
1500,48.7,17.25,B
1500,48.7,17.28,B
1500,48.7,17.71,B
1500,48.7,18,B
1500,48.7,18.31,B
1500,48.7,18.45,B
1500,48.7,18.68,B
1500,48.7,18.79,B
1500,48.7,18.88,B
1500,48.7,19.04,B
1500,48.7,19.05,B
1500,48.7,19.36,B
1500,48.7,19.38,B
1500,48.7,19.41,B
1500,48.7,19.5,B
1500,48.7,19.66,B
1500,48.7,20.13,B
1500,48.7,20.54,B
1500,48.7,20.59,B
1500,48.7,20.79,B
1500,48.7,20.88,B
1500,48.7,21.54,B
1500,48.7,21.85,B
1500,48.7,22.56,B
1500,48.7,23.16,B
1500,48.7,23.28,B
1500,48.7,23.34,B
1500,48.7,24.04,B
1500,48.7,24.05,B
1500,48.7,24.52,B
1500,48.7,24.67,B
1500,48.7,25.22,B
1500,48.7,25.53,B
1500,48.7,26,B
1500,48.7,26.37,B
1500,48.7,26.5,B
1500,48.7,26.7,B
1500,48.7,26.84,B
1500,48.7,27.02,B
1500,48.7,28.46,B
1500,48.7,28.99,B
1500,48.7,29.32,B
1500,48.7,29.62,B
1500,48.7,30.85,B
1500,48.7,30.89,B
1500,48.7,31.26,B
1500,48.7,32.29,B
1500,48.7,33.63,B
1500,48.7,35.87,B
1500,48.7,38.41,B
1500,48.7,39.79,B
1500,48.7,49.78,B
1500,48.74,6.14,B
1500,48.74,6.6,B
1500,48.74,8.61,B
1500,48.74,10.44,B
1500,48.74,11.04,B
1500,48.74,12.59,B
1500,48.74,15.19,B
1500,48.74,16.45,B
1500,48.74,16.49,B
1500,48.74,16.72,B
1500,48.74,17.23,B
1500,48.74,17.82,B
1500,48.74,20.8,B
1500,48.74,21.42,B
1500,48.74,24.81,B
1500,48.74,28.61,B
1500,48.74,29.57,B
1500,48.75,0.87,B
1500,48.75,4.04,B
1500,48.75,5.06,B
1500,48.75,6,B
1500,48.75,6.92,B
1500,48.75,7.32,B
1500,48.75,8.28,B
1500,48.75,8.59,B
1500,48.75,9.35,B
1500,48.75,9.49,B
1500,48.75,9.61,B
1500,48.75,9.65,B
1500,48.75,9.68,B
1500,48.75,10.35,B
1500,48.75,10.4,B
1500,48.75,10.84,B
1500,48.75,11.06,B
1500,48.75,11.29,B
1500,48.75,11.59,B
1500,48.75,11.69,B
1500,48.75,11.75,B
1500,48.75,12.37,B
1500,48.75,12.38,B
1500,48.75,13.44,B
1500,48.75,14.19,B
1500,48.75,14.28,B
1500,48.75,15,B
1500,48.75,15.01,B
1500,48.75,15.13,B
1500,48.75,15.48,B
1500,48.75,15.87,B
1500,48.75,15.94,B
1500,48.75,16.79,B
1500,48.75,17.91,B
1500,48.75,18.44,B
1500,48.75,18.67,B
1500,48.75,18.95,B
1500,48.75,19.01,B
1500,48.75,19.4,B
1500,48.75,19.51,B
1500,48.75,19.94,B
1500,48.75,20.37,B
1500,48.75,20.72,B
1500,48.75,21.92,B
1500,48.75,21.96,B
1500,48.75,22.03,B
1500,48.75,22.15,B
1500,48.75,22.26,B
1500,48.75,22.4,B
1500,48.75,22.64,B
1500,48.75,25.2,B
1500,48.75,25.5,B
1500,48.75,25.56,B
1500,48.75,25.91,B
1500,48.75,26.34,B
1500,48.75,26.4,B
1500,48.75,26.77,B
1500,48.75,26.79,B
1500,48.75,26.92,B
1500,48.75,26.97,B
1500,48.75,27.24,B
1500,48.75,29.84,B
1500,48.75,31.12,B
1500,48.75,31.13,B
1500,48.75,32.16,B
1500,48.75,33.66,B
1500,48.75,34.07,B
1500,48.75,35.2,B
1500,48.75,36.78,B
1500,48.75,37.69,B
1500,48.77,12.94,B
1500,48.8,1.34,B
1500,48.8,3.2,B
1500,48.8,3.62,B
1500,48.8,4.45,B
1500,48.8,5.18,B
1500,48.8,7.76,B
1500,48.8,9.12,B
1500,48.8,9.28,B
1500,48.8,9.92,B
1500,48.8,12.3,B
1500,48.8,13.92,B
1500,48.8,15.52,B
1500,48.8,18.48,B
1500,48.8,21.21,B
1500,48.8,21.22,B
1500,48.8,21.93,B
1500,48.8,31.3,B
1500,48.8,32.6,B
1500,48.82,14.68,B
1500,48.84,15.16,B
1500,48.84,21.41,B
1500,48.86,3.94,B
1500,48.86,9.74,B
1500,48.86,10.45,B
1500,48.86,11.84,B
1500,48.86,17.8,B
1500,48.86,20.27,B
1500,48.86,22.62,B
1500,48.86,23.03,B
1500,48.86,26.73,B
1500,48.86,28.96,B
1500,48.86,30.57,B
1500,48.86,31.49,B
1500,48.91,0.91,B
1500,48.91,1.5,B
1500,48.91,4.55,B
1500,48.91,5.97,B
1500,48.91,8.9,B
1500,48.91,13.66,B
1500,48.91,13.72,B
1500,48.91,15.16,B
1500,48.91,18.06,B
1500,48.91,18.14,B
1500,48.91,19.04,B
1500,48.91,20.66,B
1500,48.91,25.71,B
1500,48.91,27.95,B
1500,48.91,32.73,B
1500,48.93,16.93,B
1500,48.93,21.64,B
1500,48.94,1.09,B
1500,48.94,3.01,B
1500,48.94,5.63,B
1500,48.94,5.8,B
1500,48.94,8.4,B
1500,48.94,9.21,B
1500,48.94,9.54,B
1500,48.94,10.05,B
1500,48.94,12.7,B
1500,48.94,13.49,B
1500,48.94,14.29,B
1500,48.94,14.61,B
1500,48.94,15.17,B
1500,48.94,17.18,B
1500,48.94,18.58,B
1500,48.94,19.07,B
1500,48.94,19.09,B
1500,48.94,19.31,B
1500,48.94,20.85,B
1500,48.94,21.17,B
1500,48.94,24.72,B
1500,48.94,25.17,B
1500,48.94,25.36,B
1500,48.94,27.08,B
1500,48.94,27.28,B
1500,48.94,34.52,B
1500,48.96,17.19,B
1500,48.96,21.93,B
1500,48.96,30.65,B
1500,48.96,33.46,B
1500,49.04,1.67,B
1500,49.04,2.72,B
1500,49.04,3.8,B
1500,49.04,4.69,B
1500,49.04,9.98,B
1500,49.04,12.15,B
1500,49.04,14.4,B
1500,49.04,14.51,B
1500,49.04,18.72,B
1500,49.04,18.81,B
1500,49.04,20.88,B
1500,49.04,21.42,B
1500,49.04,24.21,B
1500,49.04,25.25,B
1500,49.04,26.3,B
1500,49.04,27.73,B
1500,49.04,65.32,B
1500,49.05,1.25,B
1500,49.05,1.54,B
1500,49.05,4.68,B
1500,49.05,4.8,B
1500,49.05,5.02,B
1500,49.05,5.1,B
1500,49.05,5.62,B
1500,49.05,6.34,B
1500,49.05,7.64,B
1500,49.05,7.79,B
1500,49.05,8.09,B
1500,49.05,8.86,B
1500,49.05,8.89,B
1500,49.05,9.24,B
1500,49.05,10.28,B
1500,49.05,11.21,B
1500,49.05,11.36,B
1500,49.05,11.43,B
1500,49.05,11.58,B
1500,49.05,12.12,B
1500,49.05,12.3,B
1500,49.05,12.59,B
1500,49.05,12.98,B
1500,49.05,13.73,B
1500,49.05,14.06,B
1500,49.05,14.13,B
1500,49.05,14.15,B
1500,49.05,14.47,B
1500,49.05,14.55,B
1500,49.05,14.74,B
1500,49.05,14.76,B
1500,49.05,15.43,B
1500,49.05,15.56,B
1500,49.05,16.59,B
1500,49.05,16.68,B
1500,49.05,16.94,B
1500,49.05,17.17,B
1500,49.05,18.37,B
1500,49.05,18.48,B
1500,49.05,18.56,B
1500,49.05,18.68,B
1500,49.05,20.23,B
1500,49.05,20.72,B
1500,49.05,20.86,B
1500,49.05,21.02,B
1500,49.05,21.07,B
1500,49.05,21.24,B
1500,49.05,21.64,B
1500,49.05,22.51,B
1500,49.05,22.89,B
1500,49.05,22.96,B
1500,49.05,22.98,B
1500,49.05,23.46,B
1500,49.05,23.51,B
1500,49.05,23.89,B
1500,49.05,23.91,B
1500,49.05,24.4,B
1500,49.05,24.61,B
1500,49.05,24.65,B
1500,49.05,25.4,B
1500,49.05,26.88,B
1500,49.05,27.29,B
1500,49.05,28.6,B
1500,49.05,29.42,B
1500,49.05,31.55,B
1500,49.05,31.65,B
1500,49.05,32.8,B
1500,49.05,34.81,B
1500,49.05,35.26,B
1500,49.05,38.03,B
1500,49.05,38.21,B
1500,49.08,7.56,B
1500,49.11,1,B
1500,49.11,1.73,B
1500,49.11,3.8,B
1500,49.11,3.93,B
1500,49.11,4.01,B
1500,49.11,4.7,B
1500,49.11,5.01,B
1500,49.11,5.04,B
1500,49.11,5.97,B
1500,49.11,6.92,B
1500,49.11,8.9,B
1500,49.11,8.92,B
1500,49.11,9.28,B
1500,49.11,9.57,B
1500,49.11,10.31,B
1500,49.11,10.5,B
1500,49.11,10.63,B
1500,49.11,11.04,B
1500,49.11,11.43,B
1500,49.11,12.01,B
1500,49.11,12.41,B
1500,49.11,12.79,B
1500,49.11,12.9,B
1500,49.11,13.43,B
1500,49.11,14.1,B
1500,49.11,14.38,B
1500,49.11,14.46,B
1500,49.11,14.9,B
1500,49.11,14.96,B
1500,49.11,15.14,B
1500,49.11,15.16,B
1500,49.11,15.59,B
1500,49.11,16.13,B
1500,49.11,16.23,B
1500,49.11,16.25,B
1500,49.11,16.36,B
1500,49.11,16.86,B
1500,49.11,16.89,B
1500,49.11,16.98,B
1500,49.11,17,B
1500,49.11,17.13,B
1500,49.11,17.53,B
1500,49.11,17.57,B
1500,49.11,17.65,B
1500,49.11,17.93,B
1500,49.11,17.97,B
1500,49.11,18.25,B
1500,49.11,18.3,B
1500,49.11,18.5,B
1500,49.11,18.56,B
1500,49.11,18.8,B
1500,49.11,19.02,B
1500,49.11,19.39,B
1500,49.11,19.75,B
1500,49.11,20.43,B
1500,49.11,20.45,B
1500,49.11,20.66,B
1500,49.11,20.67,B
1500,49.11,20.89,B
1500,49.11,21.19,B
1500,49.11,21.62,B
1500,49.11,21.66,B
1500,49.11,21.67,B
1500,49.11,21.87,B
1500,49.11,22,B
1500,49.11,22.35,B
1500,49.11,22.43,B
1500,49.11,22.78,B
1500,49.11,22.8,B
1500,49.11,22.87,B
1500,49.11,23.75,B
1500,49.11,23.9,B
1500,49.11,24.08,B
1500,49.11,24.19,B
1500,49.11,25.93,B
1500,49.11,26.99,B
1500,49.11,27.16,B
1500,49.11,27.66,B
1500,49.11,28,B
1500,49.11,28.08,B
1500,49.11,28.47,B
1500,49.11,28.55,B
1500,49.11,28.7,B
1500,49.11,30.22,B
1500,49.11,31.24,B
1500,49.11,34.72,B
1500,49.11,34.89,B
1500,49.11,37.98,B
1500,49.13,13.5,C
1500,49.15,3.47,B
1500,49.15,3.97,B
1500,49.15,4.09,B
1500,49.15,6.8,B
1500,49.15,8.67,B
1500,49.15,14.44,B
1500,49.15,14.86,B
1500,49.15,16.89,B
1500,49.15,20.31,B
1500,49.15,25,B
1500,49.15,27.99,B
1500,49.15,31.96,B
1500,49.16,2.25,B
1500,49.16,3.11,B
1500,49.16,5.73,B
1500,49.16,5.97,B
1500,49.16,6.41,B
1500,49.16,6.74,B
1500,49.16,7.42,B
1500,49.16,7.43,B
1500,49.16,7.69,B
1500,49.16,7.88,B
1500,49.16,9.19,B
1500,49.16,14.22,B
1500,49.16,14.49,B
1500,49.16,16.65,B
1500,49.16,17.1,B
1500,49.16,17.2,B
1500,49.16,18.86,B
1500,49.16,20.03,B
1500,49.16,20.41,B
1500,49.16,22.55,B
1500,49.16,23.04,B
1500,49.16,24.15,B
1500,49.16,24.97,B
1500,49.16,27.42,B
1500,49.16,28.64,B
1500,49.16,29.09,B
1500,49.16,29.13,B
1500,49.16,34.43,B
1500,49.16,35.59,B
1500,49.16,66.52,B
1500,49.19,0,B
1500,49.19,5.69,B
1500,49.19,22.64,B
1500,49.2,0.65,B
1500,49.2,17.9,B
1500,49.2,20.57,B
1500,49.2,24.08,B
1500,49.21,2.1,B
1500,49.21,4.04,B
1500,49.21,9.12,B
1500,49.21,11.89,B
1500,49.21,16.44,B
1500,49.21,19.06,B
1500,49.21,20.37,B
1500,49.21,20.55,B
1500,49.21,22.06,B
1500,49.21,25.25,B
1500,49.27,4.02,B
1500,49.27,9.7,B
1500,49.27,18.27,B
1500,49.27,19.94,B
1500,49.27,20.97,B
1500,49.27,21.43,B
1500,49.27,24.98,B
1500,49.27,27.49,B
1500,49.33,2.32,B
1500,49.33,5.47,B
1500,49.33,7.9,B
1500,49.33,10.17,B
1500,49.33,13.49,B
1500,49.33,15.16,B
1500,49.33,17.08,B
1500,49.33,18.13,B
1500,49.33,20.03,B
1500,49.33,22.39,B
1500,49.33,24,B
1500,49.33,24.56,B
1500,49.33,26.66,B
1500,49.33,27.34,B
1500,49.33,33.82,B
1500,49.37,4.72,B
1500,49.37,14.4,B
1500,49.37,21.86,B
1500,49.37,24.74,B
1500,49.39,2.69,B
1500,49.39,5.52,B
1500,49.39,6,B
1500,49.39,6.39,B
1500,49.39,7.03,B
1500,49.39,7.28,B
1500,49.39,8.18,B
1500,49.39,9.31,B
1500,49.39,9.47,B
1500,49.39,9.6,B
1500,49.39,10.7,B
1500,49.39,12.71,B
1500,49.39,12.84,B
1500,49.39,12.88,B
1500,49.39,13.15,B
1500,49.39,14.21,B
1500,49.39,14.65,B
1500,49.39,14.66,B
1500,49.39,14.95,B
1500,49.39,15.52,B
1500,49.39,15.96,B
1500,49.39,16.2,B
1500,49.39,16.24,B
1500,49.39,16.75,B
1500,49.39,17.28,B
1500,49.39,17.37,B
1500,49.39,17.69,B
1500,49.39,18.18,B
1500,49.39,19.08,B
1500,49.39,19.13,B
1500,49.39,19.46,B
1500,49.39,19.58,B
1500,49.39,19.7,B
1500,49.39,20.6,B
1500,49.39,21.08,B
1500,49.39,21.61,B
1500,49.39,22,B
1500,49.39,22.05,B
1500,49.39,22.29,B
1500,49.39,22.44,B
1500,49.39,22.64,B
1500,49.39,23.07,B
1500,49.39,23.32,B
1500,49.39,24.57,B
1500,49.39,26.03,B
1500,49.39,27.92,B
1500,49.39,29.01,B
1500,49.39,31.5,B
1500,49.39,32.48,B
1500,49.39,33.41,B
1500,49.43,1.35,B
1500,49.43,1.94,B
1500,49.43,4.6,B
1500,49.43,5.28,B
1500,49.43,6.09,B
1500,49.43,8.58,B
1500,49.43,8.62,B
1500,49.43,9.18,B
1500,49.43,9.79,B
1500,49.43,9.95,B
1500,49.43,10.78,B
1500,49.43,11.54,B
1500,49.43,11.57,B
1500,49.43,11.91,B
1500,49.43,12.71,B
1500,49.43,12.72,B
1500,49.43,14.14,B
1500,49.43,14.35,B
1500,49.43,14.84,B
1500,49.43,14.9,B
1500,49.43,15.24,B
1500,49.43,15.93,B
1500,49.43,16.03,B
1500,49.43,16.19,B
1500,49.43,16.4,B
1500,49.43,16.75,B
1500,49.43,17.33,B
1500,49.43,17.37,B
1500,49.43,18.32,B
1500,49.43,19.29,B
1500,49.43,19.48,B
1500,49.43,19.74,B
1500,49.43,20.31,B
1500,49.43,20.7,B
1500,49.43,22.35,B
1500,49.43,22.49,B
1500,49.43,22.54,B
1500,49.43,22.59,B
1500,49.43,22.63,B
1500,49.43,23.61,B
1500,49.43,24.15,B
1500,49.43,24.53,B
1500,49.43,25.88,B
1500,49.43,26.37,B
1500,49.43,27.41,B
1500,49.43,29.09,B
1500,49.43,29.43,B
1500,49.43,29.48,B
1500,49.43,29.56,B
1500,49.43,30.79,B
1500,49.43,31.59,B
1500,49.43,32.21,B
1500,49.43,32.79,B
1500,49.43,33.6,B
1500,49.43,34.14,B
1500,49.44,7.22,B
1500,49.45,5.17,B
1500,49.45,5.6,B
1500,49.45,6,B
1500,49.45,6.57,B
1500,49.45,12.12,B
1500,49.45,12.35,B
1500,49.45,12.42,B
1500,49.45,13.73,B
1500,49.45,13.85,B
1500,49.45,15.55,B
1500,49.45,16.03,B
1500,49.45,16.38,B
1500,49.45,20.43,B
1500,49.45,20.51,B
1500,49.45,23.09,B
1500,49.45,25.86,B
1500,49.45,27.06,B
1500,49.45,27.82,B
1500,49.45,30.85,B
1500,49.45,30.98,B
1500,49.45,31.79,B
1500,49.45,32.01,B
1500,49.46,0,B
1500,49.46,1.03,B
1500,49.46,1.25,B
1500,49.46,1.32,B
1500,49.46,1.94,B
1500,49.46,2.12,B
1500,49.46,3.05,B
1500,49.46,3.54,B
1500,49.46,3.67,B
1500,49.46,3.96,B
1500,49.46,4.08,B
1500,49.46,4.91,B
1500,49.46,5,B
1500,49.46,6.06,B
1500,49.46,6.44,B
1500,49.46,6.69,B
1500,49.46,6.79,B
1500,49.46,7.07,B
1500,49.46,7.23,B
1500,49.46,7.68,B
1500,49.46,7.72,B
1500,49.46,7.75,B
1500,49.46,7.8,B
1500,49.46,8.62,B
1500,49.46,9.06,B
1500,49.46,9.45,B
1500,49.46,9.55,B
1500,49.46,9.79,B
1500,49.46,9.81,B
1500,49.46,9.87,B
1500,49.46,9.88,B
1500,49.46,10.04,B
1500,49.46,10.05,B
1500,49.46,10.1,B
1500,49.46,10.22,B
1500,49.46,10.32,B
1500,49.46,10.6,B
1500,49.46,10.87,B
1500,49.46,11.02,B
1500,49.46,12.48,B
1500,49.46,12.65,B
1500,49.46,12.87,B
1500,49.46,13.14,B
1500,49.46,13.2,B
1500,49.46,13.24,B
1500,49.46,13.32,B
1500,49.46,13.42,B
1500,49.46,13.48,B
1500,49.46,13.62,B
1500,49.46,13.66,B
1500,49.46,13.72,B
1500,49.46,13.87,B
1500,49.46,13.99,B
1500,49.46,14.19,B
1500,49.46,14.35,B
1500,49.46,14.51,B
1500,49.46,14.57,B
1500,49.46,14.64,B
1500,49.46,14.66,B
1500,49.46,14.78,B
1500,49.46,14.81,B
1500,49.46,14.84,B
1500,49.46,14.88,B
1500,49.46,14.89,B
1500,49.46,14.94,B
1500,49.46,15.06,B
1500,49.46,15.21,B
1500,49.46,15.23,B
1500,49.46,15.58,B
1500,49.46,15.69,B
1500,49.46,15.77,B
1500,49.46,15.9,B
1500,49.46,16.19,B
1500,49.46,16.34,B
1500,49.46,16.44,B
1500,49.46,16.59,B
1500,49.46,17.14,B
1500,49.46,17.72,B
1500,49.46,17.86,B
1500,49.46,17.91,B
1500,49.46,17.92,B
1500,49.46,18.03,B
1500,49.46,18.17,B
1500,49.46,18.5,B
1500,49.46,18.6,B
1500,49.46,18.84,B
1500,49.46,18.87,B
1500,49.46,19,B
1500,49.46,19.2,B
1500,49.46,19.4,B
1500,49.46,19.68,B
1500,49.46,19.94,B
1500,49.46,20.03,B
1500,49.46,20.26,B
1500,49.46,20.96,B
1500,49.46,21,B
1500,49.46,21.3,B
1500,49.46,21.49,B
1500,49.46,21.92,B
1500,49.46,22.15,B
1500,49.46,22.35,B
1500,49.46,22.41,B
1500,49.46,22.53,B
1500,49.46,22.59,B
1500,49.46,23.01,B
1500,49.46,23.31,B
1500,49.46,23.6,B
1500,49.46,23.67,B
1500,49.46,23.89,B
1500,49.46,23.9,B
1500,49.46,23.91,B
1500,49.46,24.04,B
1500,49.46,24.07,B
1500,49.46,24.22,B
1500,49.46,24.26,B
1500,49.46,25.22,B
1500,49.46,25.64,B
1500,49.46,26.41,B
1500,49.46,26.66,B
1500,49.46,26.79,B
1500,49.46,26.9,B
1500,49.46,27.24,B
1500,49.46,27.56,B
1500,49.46,27.6,B
1500,49.46,27.61,B
1500,49.46,27.68,B
1500,49.46,27.69,B
1500,49.46,27.73,B
1500,49.46,27.87,B
1500,49.46,27.94,B
1500,49.46,28.16,B
1500,49.46,28.25,B
1500,49.46,28.96,B
1500,49.46,29.02,B
1500,49.46,31.45,B
1500,49.46,32.05,B
1500,49.46,34.03,B
1500,49.46,34.07,B
1500,49.46,34.53,B
1500,49.49,3.04,B
1500,49.49,3.81,B
1500,49.49,5.29,B
1500,49.49,6.21,B
1500,49.49,6.93,B
1500,49.49,7.27,B
1500,49.49,7.39,B
1500,49.49,9.67,B
1500,49.49,9.85,B
1500,49.49,13.28,B
1500,49.49,13.98,B
1500,49.49,14.16,B
1500,49.49,15.24,B
1500,49.49,15.63,B
1500,49.49,16.28,B
1500,49.49,16.37,B
1500,49.49,18.83,B
1500,49.49,19.96,B
1500,49.49,20.58,B
1500,49.49,20.75,B
1500,49.49,21.79,B
1500,49.49,21.84,B
1500,49.49,22.77,B
1500,49.49,23.35,B
1500,49.49,24.69,B
1500,49.49,26.51,B
1500,49.49,26.65,B
1500,49.49,30.39,B
1500,49.49,33.06,B
1500,49.5,2.34,B
1500,49.5,2.76,B
1500,49.5,2.84,B
1500,49.5,7.54,B
1500,49.5,8.35,B
1500,49.5,11.1,C
1500,49.5,11.36,B
1500,49.5,11.6,B
1500,49.5,11.96,B
1500,49.5,11.98,B
1500,49.5,12.47,B
1500,49.5,13.77,B
1500,49.5,14.1,B
1500,49.5,14.54,B
1500,49.5,14.96,B
1500,49.5,16.82,B
1500,49.5,17.8,B
1500,49.5,18.94,B
1500,49.5,20.75,B
1500,49.5,21.4,B
1500,49.5,21.78,B
1500,49.5,22.57,B
1500,49.5,24.82,B
1500,49.5,25.41,B
1500,49.5,28.56,B
1500,49.5,29.78,B
1500,49.5,31.32,B
1500,49.56,11.76,B
1500,49.59,5.46,B
1500,49.59,9.13,B
1500,49.59,10.22,B
1500,49.59,10.61,B
1500,49.59,11.34,B
1500,49.59,12.87,B
1500,49.59,13.18,B
1500,49.59,13.42,B
1500,49.59,13.65,B
1500,49.59,17.37,B
1500,49.59,20.3,B
1500,49.62,1.13,B
1500,49.62,2.22,B
1500,49.67,5.43,C
1500,49.67,7.68,C
1500,49.68,0.5,B
1500,49.68,7.31,B
1500,49.68,7.77,B
1500,49.68,11.61,B
1500,49.68,13.39,B
1500,49.68,15.21,B
1500,49.68,15.96,B
1500,49.68,16.9,B
1500,49.68,19.57,B
1500,49.68,23.15,B
1500,49.68,24.14,B
1500,49.68,29.51,B
1500,49.68,29.8,B
1500,49.71,1.5,B
1500,49.72,14.31,D
1500,49.73,5.08,B
1500,49.73,9.68,B
1500,49.73,12.67,B
1500,49.73,12.88,B
1500,49.73,14.8,B
1500,49.75,5.62,B
1500,49.75,16.29,B
1500,49.75,16.87,B
1500,49.75,18.13,B
1500,49.75,24.63,B
1500,49.81,1.48,B
1500,49.81,2.22,B
1500,49.81,4.37,B
1500,49.81,5.83,B
1500,49.81,11.04,B
1500,49.81,11.39,B
1500,49.81,11.87,B
1500,49.81,13.63,B
1500,49.81,17.41,B
1500,49.81,18.24,B
1500,49.81,19.33,B
1500,49.81,22.48,B
1500,49.81,23.14,B
1500,49.81,23.84,B
1500,49.81,24.14,B
1500,49.81,25.92,B
1500,49.81,79.43,B
1500,49.82,0.98,B
1500,49.82,1.27,B
1500,49.82,1.98,B
1500,49.82,2,B
1500,49.82,2.66,B
1500,49.82,2.91,C
1500,49.82,3.62,B
1500,49.82,3.75,B
1500,49.82,4.08,B
1500,49.82,4.62,B
1500,49.82,4.84,B
1500,49.82,4.87,B
1500,49.82,4.89,C
1500,49.82,5.08,B
1500,49.82,5.12,B
1500,49.82,5.23,B
1500,49.82,5.39,B
1500,49.82,5.65,B
1500,49.82,5.77,B
1500,49.82,6.26,B
1500,49.82,6.57,B
1500,49.82,7.02,B
1500,49.82,7.18,B
1500,49.82,7.19,B
1500,49.82,7.2,B
1500,49.82,7.27,B
1500,49.82,8.01,C
1500,49.82,8.08,C
1500,49.82,8.17,B
1500,49.82,8.31,B
1500,49.82,8.82,B
1500,49.82,8.86,B
1500,49.82,8.87,B
1500,49.82,8.93,C
1500,49.82,9.32,B
1500,49.82,9.42,B
1500,49.82,9.46,C
1500,49.82,9.64,B
1500,49.82,9.7,B
1500,49.82,9.78,B
1500,49.82,9.84,C
1500,49.82,9.92,B
1500,49.82,10.08,B
1500,49.82,10.28,B
1500,49.82,10.42,C
1500,49.82,10.52,B
1500,49.82,10.66,B
1500,49.82,10.66,C
1500,49.82,10.71,B
1500,49.82,10.78,B
1500,49.82,11.93,C
1500,49.82,11.96,B
1500,49.82,12.22,B
1500,49.82,12.23,B
1500,49.82,12.44,B
1500,49.82,12.46,B
1500,49.82,12.58,B
1500,49.82,12.71,B
1500,49.82,12.95,B
1500,49.82,12.96,C
1500,49.82,13.48,B
1500,49.82,13.49,B
1500,49.82,13.5,B
1500,49.82,13.55,C
1500,49.82,13.59,B
1500,49.82,13.63,C
1500,49.82,13.96,B
1500,49.82,14.28,B
1500,49.82,14.45,B
1500,49.82,14.58,B
1500,49.82,15.01,B
1500,49.82,15.37,B
1500,49.82,15.88,C
1500,49.82,15.9,B
1500,49.82,15.95,C
1500,49.82,15.96,C
1500,49.82,15.98,B
1500,49.82,16.03,B
1500,49.82,16.1,B
1500,49.82,16.14,B
1500,49.82,16.18,B
1500,49.82,16.28,B
1500,49.82,16.48,B
1500,49.82,16.65,B
1500,49.82,16.82,C
1500,49.82,17.03,C
1500,49.82,17.16,B
1500,49.82,17.59,B
1500,49.82,17.61,B
1500,49.82,17.62,B
1500,49.82,18.38,B
1500,49.82,18.68,B
1500,49.82,18.72,C
1500,49.82,18.83,B
1500,49.82,19.44,B
1500,49.82,19.58,B
1500,49.82,19.76,C
1500,49.82,19.79,B
1500,49.82,19.79,C
1500,49.82,19.89,B
1500,49.82,19.95,C
1500,49.82,20.08,C
1500,49.82,20.09,C
1500,49.82,20.3,B
1500,49.82,20.61,B
1500,49.82,20.73,C
1500,49.82,20.79,C
1500,49.82,21.17,C
1500,49.82,21.29,B
1500,49.82,21.85,B
1500,49.82,22.19,B
1500,49.82,22.2,B
1500,49.82,22.22,C
1500,49.82,22.39,B
1500,49.82,22.46,C
1500,49.82,22.66,B
1500,49.82,22.8,B
1500,49.82,22.92,C
1500,49.82,23.16,B
1500,49.82,23.17,B
1500,49.82,23.47,C
1500,49.82,23.56,B
1500,49.82,24.04,C
1500,49.82,24.28,C
1500,49.82,24.42,C
1500,49.82,24.84,C
1500,49.82,24.85,B
1500,49.82,25.16,B
1500,49.82,25.22,C
1500,49.82,26.02,B
1500,49.82,26.92,B
1500,49.82,27.14,B
1500,49.82,27.25,B
1500,49.82,27.4,C
1500,49.82,27.71,B
1500,49.82,27.79,B
1500,49.82,28.01,C
1500,49.82,28.48,B
1500,49.82,28.66,B
1500,49.82,28.81,B
1500,49.82,29.07,C
1500,49.82,29.57,B
1500,49.82,29.98,B
1500,49.82,30.09,C
1500,49.82,30.18,B
1500,49.82,30.25,B
1500,49.82,31.88,B
1500,49.82,32.97,B
1500,49.82,33.66,C
1500,49.82,34.22,B
1500,49.82,34.46,B
1500,49.82,34.89,B
1500,49.82,34.93,C
1500,49.82,35.16,B
1500,49.82,37.71,C
1500,49.86,3.58,C
1500,49.86,5.93,C
1500,49.86,16.45,C
1500,49.86,17.7,C
1500,49.86,23.63,C
1500,49.86,29.9,C
1500,49.86,30.37,C
1500,49.86,31.12,C
1500,49.86,34.55,C
1500,49.86,35.82,C
1500,49.91,5.76,B
1500,49.91,5.94,B
1500,49.91,7.39,B
1500,49.91,11.9,B
1500,49.91,12.66,B
1500,49.91,12.73,B
1500,49.91,14.48,B
1500,49.91,14.5,B
1500,49.91,15.37,B
1500,49.91,15.9,B
1500,49.91,17.13,B
1500,49.91,17.39,B
1500,49.91,17.86,B
1500,49.91,17.88,B
1500,49.91,20.44,B
1500,49.91,20.55,B
1500,49.91,21.73,B
1500,49.91,22.98,B
1500,49.91,23.21,B
1500,49.91,24.88,B
1500,49.91,25.06,B
1500,49.91,29.94,B
1500,49.91,31.58,B
1500,49.91,34.19,B
1500,49.92,3.74,B
1500,49.92,6.72,B
1500,49.92,7.31,B
1500,49.92,10.32,B
1500,49.92,12.42,B
1500,49.92,12.94,B
1500,49.92,18.79,B
1500,49.92,19.05,B
1500,49.92,20.25,B
1500,49.92,22.66,B
1500,49.92,24.92,B
1500,49.92,25.5,B
1500,49.92,28.63,B
1500,49.92,28.89,B
1500,49.92,31.32,B
1500,49.92,36.52,B
1500,49.92,38.34,B
1500,49.92,39.38,B
1500,49.95,14.4,B
1500,49.95,22.23,B
1500,49.98,21.15,B
1500,49.98,21.51,C
1500,49.99,15.26,C
1500,49.99,21.6,C
1500,49.99,22.41,C
1500,50.03,3.23,C
1500,50.03,3.25,C
1500,50.03,4.18,C
1500,50.03,4.67,C
1500,50.03,4.7,C
1500,50.03,5.87,C
1500,50.03,6.29,C
1500,50.03,6.93,C
1500,50.03,7.09,C
1500,50.03,7.21,C
1500,50.03,7.43,C
1500,50.03,7.46,C
1500,50.03,8.11,C
1500,50.03,9.31,C
1500,50.03,9.9,C
1500,50.03,10.83,C
1500,50.03,12.47,C
1500,50.03,13.52,C
1500,50.03,14.12,C
1500,50.03,14.9,C
1500,50.03,15.54,C
1500,50.03,15.56,C
1500,50.03,15.94,C
1500,50.03,17.38,C
1500,50.03,19.57,C
1500,50.03,19.72,C
1500,50.03,19.77,C
1500,50.03,20.01,C
1500,50.03,20.16,C
1500,50.03,20.21,C
1500,50.03,20.4,C
1500,50.03,21.17,C
1500,50.03,21.55,C
1500,50.03,21.69,C
1500,50.03,23.38,C
1500,50.03,23.5,C
1500,50.03,23.83,C
1500,50.03,25.06,C
1500,50.03,29.51,C
1500,50.03,30.67,C
1500,50.03,38.03,C
1500,50.08,9.45,B
1500,50.08,16.66,B
1500,50.08,28.09,B
1500,50.08,29.96,B
1500,50.11,9.44,C
1500,50.11,12.77,C
1500,50.11,13.34,C
1500,50.11,17.54,C
1500,50.11,18.82,C
1500,50.11,18.85,C
1500,50.11,25.76,C
1500,50.11,29.48,C
1500,50.11,32.58,C
1500,50.11,37.64,C
1500,50.13,13.39,B
1500,50.13,19.78,B
1500,50.13,22.19,B
1500,50.18,6.96,B
1500,50.18,10.14,B
1500,50.18,12.74,B
1500,50.18,13.7,B
1500,50.18,14.23,D
1500,50.18,14.52,B
1500,50.18,14.83,B
1500,50.18,16,B
1500,50.18,16.54,B
1500,50.18,17.97,B
1500,50.18,18.51,B
1500,50.18,21.19,B
1500,50.18,21.93,B
1500,50.18,24.97,B
1500,50.18,27.32,B
1500,50.18,29.75,B
1500,50.18,30.02,B
1500,50.18,31.04,B
1500,50.18,31.59,B
1500,50.2,20.75,C
1500,50.25,3.95,C
1500,50.25,6.51,C
1500,50.25,6.76,C
1500,50.25,8.18,C
1500,50.25,14.48,C
1500,50.25,14.57,C
1500,50.25,18.21,C
1500,50.25,19.43,C
1500,50.25,19.92,C
1500,50.25,19.97,C
1500,50.25,20.28,C
1500,50.25,21.06,C
1500,50.25,21.69,C
1500,50.25,24.61,C
1500,50.25,24.99,C
1500,50.25,27.06,C
1500,50.25,28.04,C
1500,50.25,29.52,C
1500,50.25,31.61,C
1500,50.25,33.07,C
1500,50.25,33.16,C
1500,50.25,34.74,C
1500,50.26,1.87,D
1500,50.26,2.75,C
1500,50.26,5.48,C
1500,50.26,5.84,C
1500,50.26,9.62,C
1500,50.26,10.86,C
1500,50.26,11.14,C
1500,50.26,12.19,C
1500,50.26,12.93,C
1500,50.26,15.33,C
1500,50.26,18.48,C
1500,50.26,20.74,C
1500,50.26,20.98,C
1500,50.26,24.73,C
1500,50.26,28.25,C
1500,50.26,28.95,C
1500,50.26,29.3,C
1500,50.26,33.29,C
1500,50.27,0,C
1500,50.27,3.09,C
1500,50.27,3.25,C
1500,50.27,3.36,C
1500,50.27,3.55,C
1500,50.27,5.38,C
1500,50.27,6,C
1500,50.27,6.35,C
1500,50.27,6.6,C
1500,50.27,7.1,C
1500,50.27,7.14,C
1500,50.27,8.8,C
1500,50.27,9.22,C
1500,50.27,9.6,C
1500,50.27,10.51,C
1500,50.27,12.11,C
1500,50.27,12.24,C
1500,50.27,12.4,C
1500,50.27,12.84,C
1500,50.27,13.31,C
1500,50.27,13.36,C
1500,50.27,13.63,C
1500,50.27,13.78,C
1500,50.27,13.81,C
1500,50.27,13.98,C
1500,50.27,14.42,C
1500,50.27,14.6,C
1500,50.27,15.44,C
1500,50.27,15.58,C
1500,50.27,16.08,C
1500,50.27,16.28,C
1500,50.27,16.52,C
1500,50.27,17.15,C
1500,50.27,17.46,C
1500,50.27,17.55,C
1500,50.27,17.76,C
1500,50.27,17.81,C
1500,50.27,17.83,C
1500,50.27,17.93,C
1500,50.27,17.95,C
1500,50.27,18.34,C
1500,50.27,18.35,C
1500,50.27,18.72,C
1500,50.27,18.93,C
1500,50.27,19.28,C
1500,50.27,19.36,C
1500,50.27,19.4,C
1500,50.27,19.63,C
1500,50.27,19.83,C
1500,50.27,20.24,C
1500,50.27,20.54,C
1500,50.27,21.24,C
1500,50.27,21.52,C
1500,50.27,21.87,C
1500,50.27,22.24,C
1500,50.27,22.54,C
1500,50.27,23.28,C
1500,50.27,24.39,C
1500,50.27,24.44,C
1500,50.27,24.93,C
1500,50.27,25.53,C
1500,50.27,25.79,C
1500,50.27,26.86,C
1500,50.27,26.89,C
1500,50.27,26.97,C
1500,50.27,27.65,C
1500,50.27,27.72,C
1500,50.27,28.58,C
1500,50.27,32.22,C
1500,50.27,32.56,C
1500,50.27,33.53,C
1500,50.27,35.61,C
1500,50.27,52.44,C
1500,50.27,54.19,C
1500,50.32,1.59,C
1500,50.32,1.98,C
1500,50.32,2.27,C
1500,50.32,3.06,B
1500,50.32,4.63,C
1500,50.32,7.11,C
1500,50.32,8.43,C
1500,50.32,8.5,C
1500,50.32,8.56,C
1500,50.32,8.61,C
1500,50.32,9.62,C
1500,50.32,10.02,C
1500,50.32,10.03,C
1500,50.32,10.06,C
1500,50.32,10.5,C
1500,50.32,10.64,B
1500,50.32,11.87,C
1500,50.32,12.14,C
1500,50.32,12.86,C
1500,50.32,12.93,C
1500,50.32,12.95,C
1500,50.32,13,C
1500,50.32,13.49,C
1500,50.32,14.1,C
1500,50.32,14.12,C
1500,50.32,14.4,C
1500,50.32,15.87,C
1500,50.32,16.26,C
1500,50.32,16.32,C
1500,50.32,16.51,C
1500,50.32,16.57,C
1500,50.32,16.63,C
1500,50.32,16.9,C
1500,50.32,17.4,C
1500,50.32,19.23,C
1500,50.32,19.53,C
1500,50.32,21.4,C
1500,50.32,21.46,C
1500,50.32,22.55,B
1500,50.32,23.08,C
1500,50.32,23.22,C
1500,50.32,23.39,C
1500,50.32,24,C
1500,50.32,24.02,C
1500,50.32,24.56,C
1500,50.32,25.02,C
1500,50.32,25.09,C
1500,50.32,25.84,C
1500,50.32,26.22,C
1500,50.32,26.25,C
1500,50.32,26.55,C
1500,50.32,26.58,C
1500,50.32,27.44,C
1500,50.32,28.74,C
1500,50.32,29.37,C
1500,50.32,29.86,C
1500,50.32,30.5,C
1500,50.32,30.86,C
1500,50.32,31.77,C
1500,50.32,32.37,C
1500,50.32,33.1,C
1500,50.32,34.2,C
1500,50.35,3,B
1500,50.35,4.48,B
1500,50.35,5.97,B
1500,50.35,8.05,B
1500,50.35,8.25,C
1500,50.35,8.65,B
1500,50.35,9.18,B
1500,50.35,11.97,B
1500,50.35,13.28,B
1500,50.35,13.76,B
1500,50.35,14.77,B
1500,50.35,16.04,B
1500,50.35,16.41,B
1500,50.35,16.86,B
1500,50.35,17.32,B
1500,50.35,17.8,C
1500,50.35,18.6,B
1500,50.35,18.68,B
1500,50.35,19.14,B
1500,50.35,19.57,B
1500,50.35,21.27,B
1500,50.35,21.57,B
1500,50.35,27.54,B
1500,50.35,32.27,B
1500,50.35,35.34,B
1500,50.36,0.92,C
1500,50.36,2.4,C
1500,50.36,3.36,C
1500,50.36,3.64,C
1500,50.36,4.54,C
1500,50.36,5.13,C
1500,50.36,5.83,C
1500,50.36,5.85,C
1500,50.36,6.88,C
1500,50.36,6.96,C
1500,50.36,8.3,C
1500,50.36,8.52,C
1500,50.36,9.09,C
1500,50.36,9.76,C
1500,50.36,9.89,C
1500,50.36,11.12,C
1500,50.36,11.55,C
1500,50.36,12.39,C
1500,50.36,12.4,C
1500,50.36,12.67,C
1500,50.36,12.84,C
1500,50.36,13.03,C
1500,50.36,13.07,C
1500,50.36,13.11,C
1500,50.36,13.2,C
1500,50.36,13.25,C
1500,50.36,13.67,C
1500,50.36,13.97,C
1500,50.36,14.57,C
1500,50.36,15.96,C
1500,50.36,16.06,C
1500,50.36,16.65,C
1500,50.36,16.89,C
1500,50.36,16.93,C
1500,50.36,17.18,C
1500,50.36,17.7,C
1500,50.36,18.94,C
1500,50.36,18.97,C
1500,50.36,19.1,C
1500,50.36,19.32,C
1500,50.36,19.75,C
1500,50.36,19.76,C
1500,50.36,20.37,C
1500,50.36,20.83,C
1500,50.36,21,C
1500,50.36,21.93,C
1500,50.36,22,C
1500,50.36,22.14,C
1500,50.36,22.38,C
1500,50.36,22.52,C
1500,50.36,22.83,C
1500,50.36,22.96,C
1500,50.36,23.01,C
1500,50.36,23.07,C
1500,50.36,23.18,C
1500,50.36,23.88,C
1500,50.36,23.91,C
1500,50.36,24.19,C
1500,50.36,24.6,C
1500,50.36,26.21,C
1500,50.36,26.26,C
1500,50.36,26.31,C
1500,50.36,26.8,C
1500,50.36,27.74,C
1500,50.36,27.9,C
1500,50.36,28.34,C
1500,50.36,30.58,C
1500,50.36,30.6,C
1500,50.36,30.74,C
1500,50.36,30.77,C
1500,50.36,30.86,C
1500,50.36,31.03,C
1500,50.36,31.42,C
1500,50.36,31.84,C
1500,50.36,32.08,C
1500,50.36,33.14,C
1500,50.36,33.57,C
1500,50.36,34.64,C
1500,50.36,34.81,C
1500,50.39,1,C
1500,50.39,3.84,C
1500,50.39,5.01,C
1500,50.39,5.6,C
1500,50.39,7.13,C
1500,50.39,7.55,C
1500,50.39,7.78,C
1500,50.39,10.26,C
1500,50.39,10.82,C
1500,50.39,12.14,C
1500,50.39,12.36,C
1500,50.39,13.25,C
1500,50.39,13.26,C
1500,50.39,13.78,C
1500,50.39,14.96,C
1500,50.39,15.91,C
1500,50.39,16.1,C
1500,50.39,16.49,C
1500,50.39,16.91,C
1500,50.39,19.13,C
1500,50.39,21.7,C
1500,50.39,21.74,C
1500,50.39,22.44,C
1500,50.39,22.48,C
1500,50.39,22.56,C
1500,50.39,23.68,C
1500,50.39,23.89,C
1500,50.39,24.21,C
1500,50.39,25.55,C
1500,50.39,26.21,C
1500,50.39,26.92,C
1500,50.39,27.38,C
1500,50.39,27.7,C
1500,50.39,27.84,C
1500,50.39,28.05,C
1500,50.39,28.21,C
1500,50.39,28.73,C
1500,50.39,28.89,C
1500,50.39,30.15,C
1500,50.39,31.79,C
1500,50.39,32.27,C
1500,50.39,32.58,C
1500,50.39,33.31,C
1500,50.39,33.4,C
1500,50.43,17.32,C
1500,50.43,17.65,C
1500,50.43,23.09,C
1500,50.44,13.45,D
1500,50.44,16.55,B
1500,50.45,8.52,C
1500,50.45,17.32,C
1500,50.45,19.8,C
1500,50.45,22.71,C
1500,50.46,9.1,C
1500,50.46,16.77,C
1500,50.46,22.12,C
1500,50.46,24.25,C
1500,50.53,4,B
1500,50.53,7.61,B
1500,50.53,9.55,B
1500,50.53,9.97,B
1500,50.53,10.04,C
1500,50.53,11.26,B
1500,50.53,15.21,B
1500,50.53,15.77,B
1500,50.53,15.82,B
1500,50.53,15.86,B
1500,50.53,17.66,B
1500,50.53,18.5,B
1500,50.53,21.95,B
1500,50.53,22.55,B
1500,50.53,24.32,B
1500,50.53,25.25,B
1500,50.53,25.95,B
1500,50.53,27.95,B
1500,50.53,28.84,B
1500,50.53,29.73,B
1500,50.53,36.61,B
1500,50.54,3.9,C
1500,50.54,4.39,C
1500,50.54,4.71,C
1500,50.54,4.89,C
1500,50.54,6.09,C
1500,50.54,8.33,C
1500,50.54,9.37,C
1500,50.54,9.67,B
1500,50.54,10.02,C
1500,50.54,10.62,C
1500,50.54,11.14,C
1500,50.54,11.75,C
1500,50.54,13.13,C
1500,50.54,13.19,C
1500,50.54,13.4,C
1500,50.54,13.83,C
1500,50.54,13.89,C
1500,50.54,14.22,C
1500,50.54,14.7,C
1500,50.54,14.97,C
1500,50.54,15.31,C
1500,50.54,15.92,C
1500,50.54,15.99,C
1500,50.54,16.71,C
1500,50.54,16.74,C
1500,50.54,16.83,C
1500,50.54,17.4,C
1500,50.54,18.22,C
1500,50.54,18.48,C
1500,50.54,18.65,C
1500,50.54,18.74,C
1500,50.54,18.89,C
1500,50.54,19.55,C
1500,50.54,19.58,C
1500,50.54,19.94,C
1500,50.54,20.31,C
1500,50.54,20.45,C
1500,50.54,20.6,C
1500,50.54,21.05,C
1500,50.54,21.96,B
1500,50.54,23.59,C
1500,50.54,23.87,C
1500,50.54,24.07,B
1500,50.54,24.27,C
1500,50.54,24.32,C
1500,50.54,25.31,C
1500,50.54,25.73,C
1500,50.54,26.17,C
1500,50.54,26.2,C
1500,50.54,27.64,C
1500,50.54,27.74,C
1500,50.54,28.2,C
1500,50.54,28.65,C
1500,50.54,28.75,C
1500,50.54,29.43,C
1500,50.54,29.61,C
1500,50.54,30.8,C
1500,50.54,31.41,C
1500,50.54,31.55,C
1500,50.59,4,C
1500,50.59,6.58,C
1500,50.59,7.46,C
1500,50.59,12.66,C
1500,50.59,14.67,C
1500,50.59,18.58,C
1500,50.59,20.82,C
1500,50.59,21.44,C
1500,50.59,26.14,C
1500,50.59,36.25,C
1500,50.59,94.78,C
1500,50.63,1.58,B
1500,50.63,2.14,C
1500,50.63,7.39,B
1500,50.63,11.35,B
1500,50.63,12.89,B
1500,50.63,13.04,B
1500,50.63,13.22,B
1500,50.63,16.59,B
1500,50.63,18.35,B
1500,50.63,18.96,B
1500,50.63,20.37,B
1500,50.63,22.91,B
1500,50.63,31,B
1500,50.63,34.71,B
1500,50.66,10.44,C
1500,50.66,17.26,C
1500,50.68,2.1,C
1500,50.68,11.33,C
1500,50.68,12,C
1500,50.68,15.23,C
1500,50.68,15.78,C
1500,50.68,18.29,C
1500,50.68,18.4,C
1500,50.68,19.41,C
1500,50.68,22.03,C
1500,50.68,25.26,C
1500,50.68,25.33,C
1500,50.68,25.39,C
1500,50.68,27.84,C
1500,50.68,33.8,C
1500,50.71,1.14,C
1500,50.71,4.8,C
1500,50.71,10.53,C
1500,50.78,3.44,C
1500,50.78,6.29,C
1500,50.78,7.36,C
1500,50.78,7.5,C
1500,50.78,8.49,C
1500,50.78,9.9,C
1500,50.78,10.37,C
1500,50.78,10.95,C
1500,50.78,12.42,C
1500,50.78,16.27,C
1500,50.78,19.09,C
1500,50.78,19.52,C
1500,50.78,21.65,C
1500,50.78,21.93,C
1500,50.78,22,C
1500,50.78,22.04,C
1500,50.78,22.56,C
1500,50.78,23.3,C
1500,50.78,24.44,C
1500,50.78,24.77,C
1500,50.78,25.62,C
1500,50.78,26.05,C
1500,50.78,27.67,C
1500,50.78,28.42,C
1500,50.78,29.25,C
1500,50.78,29.4,C
1500,50.78,31.58,C
1500,50.78,33.14,C
1500,50.78,33.32,C
1500,50.78,34.01,C
1500,50.78,34.81,C
1500,50.78,36.2,C
1500,50.78,37.96,C
1500,50.8,5.03,C
1500,50.8,11.59,C
1500,50.8,13.79,C
1500,50.8,14.45,C
1500,50.8,14.47,C
1500,50.8,15.79,C
1500,50.8,18.16,C
1500,50.8,18.44,C
1500,50.8,18.85,C
1500,50.8,19.05,C
1500,50.8,19.89,C
1500,50.8,23.04,C
1500,50.8,24.88,C
1500,50.8,24.99,C
1500,50.8,25.72,C
1500,50.8,26.4,C
1500,50.8,27.17,C
1500,50.8,27.33,C
1500,50.8,28.95,C
1500,50.8,29.93,C
1500,50.8,31.79,C
1500,50.8,35.81,C
1500,50.86,12.2,C
1500,50.86,13.05,C
1500,50.86,15.36,C
1500,50.86,16.76,C
1500,50.86,19.31,C
1500,50.86,22.3,C
1500,50.86,22.51,C
1500,50.89,0.63,C
1500,50.89,21.47,C
1500,50.9,0.89,C
1500,50.9,1.24,C
1500,50.9,1.37,C
1500,50.9,1.5,C
1500,50.9,2.49,C
1500,50.9,2.57,C
1500,50.9,3.78,C
1500,50.9,6.16,C
1500,50.9,6.18,C
1500,50.9,6.37,C
1500,50.9,7.33,C
1500,50.9,7.39,C
1500,50.9,8.97,C
1500,50.9,9.97,C
1500,50.9,10.01,C
1500,50.9,10.14,C
1500,50.9,10.32,C
1500,50.9,10.4,C
1500,50.9,10.45,C
1500,50.9,10.71,C
1500,50.9,10.8,C
1500,50.9,11.02,C
1500,50.9,11.34,C
1500,50.9,11.47,C
1500,50.9,12.05,C
1500,50.9,12.31,C
1500,50.9,12.78,C
1500,50.9,12.99,C
1500,50.9,13.25,C
1500,50.9,13.39,C
1500,50.9,13.56,C
1500,50.9,13.98,C
1500,50.9,14.07,C
1500,50.9,14.21,C
1500,50.9,14.46,C
1500,50.9,14.76,C
1500,50.9,15.16,C
1500,50.9,15.21,C
1500,50.9,15.5,C
1500,50.9,15.75,C
1500,50.9,16.04,C
1500,50.9,16.16,C
1500,50.9,16.25,C
1500,50.9,16.27,C
1500,50.9,16.37,C
1500,50.9,16.44,C
1500,50.9,16.67,C
1500,50.9,16.85,C
1500,50.9,16.9,C
1500,50.9,16.97,C
1500,50.9,17.15,C
1500,50.9,17.31,C
1500,50.9,17.53,C
1500,50.9,17.71,C
1500,50.9,17.85,C
1500,50.9,17.91,C
1500,50.9,18.18,C
1500,50.9,18.24,C
1500,50.9,18.32,C
1500,50.9,18.48,C
1500,50.9,19.04,C
1500,50.9,19.34,C
1500,50.9,19.8,C
1500,50.9,19.88,C
1500,50.9,20.24,C
1500,50.9,20.25,C
1500,50.9,20.74,C
1500,50.9,20.81,C
1500,50.9,21.1,C
1500,50.9,21.28,C
1500,50.9,21.61,C
1500,50.9,21.65,C
1500,50.9,21.67,C
1500,50.9,21.7,C
1500,50.9,21.71,C
1500,50.9,21.89,C
1500,50.9,23.31,C
1500,50.9,23.46,C
1500,50.9,23.56,C
1500,50.9,23.57,C
1500,50.9,23.67,C
1500,50.9,23.73,C
1500,50.9,23.87,C
1500,50.9,23.88,C
1500,50.9,24,C
1500,50.9,24.11,C
1500,50.9,24.43,C
1500,50.9,24.6,C
1500,50.9,24.97,C
1500,50.9,25.26,C
1500,50.9,25.43,C
1500,50.9,25.5,C
1500,50.9,25.68,C
1500,50.9,26.72,C
1500,50.9,27.27,C
1500,50.9,27.33,C
1500,50.9,27.7,C
1500,50.9,27.73,C
1500,50.9,27.97,C
1500,50.9,28.09,C
1500,50.9,28.14,C
1500,50.9,28.25,C
1500,50.9,28.34,C
1500,50.9,30.38,C
1500,50.9,30.75,C
1500,50.9,30.8,C
1500,50.9,30.83,C
1500,50.9,30.86,C
1500,50.9,31.34,C
1500,50.9,31.71,C
1500,50.9,32.28,C
1500,50.9,32.41,C
1500,50.9,34.04,C
1500,50.9,34.21,C
1500,50.9,34.31,C
1500,50.9,34.48,C
1500,50.9,37.15,C
1500,50.93,19.97,B
1500,50.93,21.6,B
1500,50.93,31.12,B
1500,50.94,14.2,D
1500,50.95,1.84,C
1500,50.95,2.92,C
1500,50.95,4.23,C
1500,50.95,4.6,C
1500,50.95,6.38,C
1500,50.95,6.66,C
1500,50.95,8.13,C
1500,50.95,8.36,C
1500,50.95,9.35,C
1500,50.95,10.43,C
1500,50.95,10.72,C
1500,50.95,12.3,C
1500,50.95,12.48,C
1500,50.95,12.73,C
1500,50.95,14.28,C
1500,50.95,14.36,C
1500,50.95,15.86,C
1500,50.95,16.08,C
1500,50.95,16.17,C
1500,50.95,17.4,C
1500,50.95,18.47,C
1500,50.95,18.69,C
1500,50.95,18.86,C
1500,50.95,19.07,C
1500,50.95,19.2,C
1500,50.95,19.32,C
1500,50.95,19.39,C
1500,50.95,21.3,C
1500,50.95,21.48,C
1500,50.95,25.34,C
1500,50.95,25.45,C
1500,50.95,26.48,C
1500,50.95,26.88,C
1500,50.95,27.77,C
1500,50.95,28.42,C
1500,50.95,29.21,C
1500,50.95,29.45,C
1500,50.95,30.18,C
1500,50.95,35.22,C
1500,50.95,39.12,C
1500,50.95,39.85,C
1500,50.95,48.76,C
1500,50.95,56.56,C
1500,50.95,58.85,C
1500,50.96,20.6,C
1500,50.97,1.12,C
1500,50.97,1.3,C
1500,50.97,1.69,C
1500,50.97,1.87,C
1500,50.97,3.47,C
1500,50.97,3.71,C
1500,50.97,4.2,C
1500,50.97,4.23,C
1500,50.97,4.46,C
1500,50.97,5.8,C
1500,50.97,6.46,C
1500,50.97,6.6,C
1500,50.97,6.73,C
1500,50.97,7.02,C
1500,50.97,7.36,C
1500,50.97,8.16,C
1500,50.97,8.33,C
1500,50.97,8.94,C
1500,50.97,9.79,C
1500,50.97,9.97,C
1500,50.97,10.83,C
1500,50.97,11.56,C
1500,50.97,11.65,C
1500,50.97,12.8,C
1500,50.97,12.91,C
1500,50.97,13.91,C
1500,50.97,13.99,C
1500,50.97,14.19,C
1500,50.97,14.47,C
1500,50.97,14.8,C
1500,50.97,14.96,C
1500,50.97,15.66,C
1500,50.97,16.08,C
1500,50.97,16.35,C
1500,50.97,16.36,C
1500,50.97,16.83,C
1500,50.97,16.86,C
1500,50.97,17.19,C
1500,50.97,18.24,C
1500,50.97,18.34,C
1500,50.97,18.38,C
1500,50.97,18.48,C
1500,50.97,18.65,C
1500,50.97,18.9,C
1500,50.97,19.18,C
1500,50.97,19.52,C
1500,50.97,19.6,C
1500,50.97,20.04,C
1500,50.97,20.06,C
1500,50.97,20.16,C
1500,50.97,20.28,C
1500,50.97,20.31,C
1500,50.97,20.41,C
1500,50.97,20.48,C
1500,50.97,20.74,C
1500,50.97,21.14,C
1500,50.97,21.47,C
1500,50.97,21.54,C
1500,50.97,21.64,C
1500,50.97,22.04,C
1500,50.97,22.26,C
1500,50.97,22.39,C
1500,50.97,22.78,C
1500,50.97,23.28,C
1500,50.97,23.56,C
1500,50.97,24.83,C
1500,50.97,24.85,C
1500,50.97,25.1,C
1500,50.97,25.71,C
1500,50.97,26.08,C
1500,50.97,26.4,C
1500,50.97,27.07,C
1500,50.97,27.56,C
1500,50.97,28.11,C
1500,50.97,29.4,C
1500,50.97,29.48,C
1500,50.97,30.67,C
1500,50.97,30.71,C
1500,50.97,30.83,C
1500,50.97,30.97,C
1500,50.97,32.33,C
1500,50.97,33.77,C
1500,50.97,34.21,C
1500,50.97,34.28,C
1500,50.97,34.93,C
1500,50.97,38.71,C
1500,50.97,39.25,C
1500,50.97,58.31,C
1500,50.99,1.66,C
1500,50.99,8.91,C
1500,51.02,3.04,C
1500,51.02,7.58,C
1500,51.02,8.46,C
1500,51.02,9,C
1500,51.02,9.66,C
1500,51.02,11.81,C
1500,51.02,12.67,C
1500,51.02,13.31,C
1500,51.02,14.52,C
1500,51.02,15.72,C
1500,51.02,17.55,C
1500,51.02,18.44,C
1500,51.02,18.8,C
1500,51.02,19.67,C
1500,51.02,21.17,C
1500,51.02,21.4,C
1500,51.02,22.8,C
1500,51.02,22.9,C
1500,51.02,23.31,C
1500,51.02,24,C
1500,51.02,24.49,C
1500,51.02,24.98,C
1500,51.02,25.09,C
1500,51.02,26.22,C
1500,51.02,26.83,C
1500,51.02,35.42,C
1500,51.02,38.9,C
1500,51.03,1.76,C
1500,51.03,5.27,C
1500,51.03,8.27,C
1500,51.03,8.67,C
1500,51.03,10.23,C
1500,51.03,10.77,C
1500,51.03,11.51,C
1500,51.03,11.7,C
1500,51.03,11.84,C
1500,51.03,12.95,B
1500,51.03,13.01,C
1500,51.03,14.31,C
1500,51.03,16.58,C
1500,51.03,16.87,C
1500,51.03,18.72,C
1500,51.03,19.14,C
1500,51.03,19.18,C
1500,51.03,20.47,C
1500,51.03,20.86,C
1500,51.03,23.47,C
1500,51.03,25.09,C
1500,51.03,25.28,C
1500,51.03,25.32,C
1500,51.03,25.46,C
1500,51.03,25.56,C
1500,51.03,25.91,C
1500,51.03,26.13,C
1500,51.03,26.33,C
1500,51.03,27.38,C
1500,51.03,32,C
1500,51.03,32.16,C
1500,51.03,32.99,C
1500,51.03,34.08,C
1500,51.03,36.47,C
1500,51.04,7.2,C
1500,51.04,8.78,C
1500,51.04,12.7,C
1500,51.04,22.02,C
1500,51.04,24.17,C
1500,51.04,31.24,C
1500,51.07,11.85,C
1500,51.07,20,C
1500,51.12,9.51,C
1500,51.16,4.65,C
1500,51.16,10.43,C
1500,51.21,4.09,C
1500,51.21,17.04,C
1500,51.21,19.08,C
1500,51.21,20.7,C
1500,51.26,0,C
1500,51.26,0.36,C
1500,51.26,1.74,C
1500,51.26,1.88,C
1500,51.26,2.51,C
1500,51.26,2.76,C
1500,51.26,3.45,C
1500,51.26,3.54,C
1500,51.26,3.62,C
1500,51.26,3.85,C
1500,51.26,4.07,C
1500,51.26,4.12,C
1500,51.26,4.71,C
1500,51.26,4.83,C
1500,51.26,4.97,C
1500,51.26,5,C
1500,51.26,5.07,C
1500,51.26,5.1,C
1500,51.26,5.37,C
1500,51.26,5.45,C
1500,51.26,5.96,C
1500,51.26,6.18,C
1500,51.26,6.34,C
1500,51.26,6.71,C
1500,51.26,7.63,C
1500,51.26,7.66,C
1500,51.26,7.72,C
1500,51.26,7.86,C
1500,51.26,7.88,C
1500,51.26,8.25,C
1500,51.26,8.86,C
1500,51.26,8.89,C
1500,51.26,9.29,C
1500,51.26,9.42,C
1500,51.26,9.8,C
1500,51.26,9.82,C
1500,51.26,9.86,C
1500,51.26,9.99,C
1500,51.26,10.45,C
1500,51.26,10.64,C
1500,51.26,10.71,C
1500,51.26,10.73,C
1500,51.26,10.77,C
1500,51.26,10.84,C
1500,51.26,11.4,C
1500,51.26,11.41,C
1500,51.26,11.5,C
1500,51.26,11.84,C
1500,51.26,11.85,C
1500,51.26,12,C
1500,51.26,12.02,C
1500,51.26,12.1,C
1500,51.26,12.32,C
1500,51.26,12.48,C
1500,51.26,12.55,C
1500,51.26,12.6,C
1500,51.26,12.64,C
1500,51.26,13.14,C
1500,51.26,13.46,C
1500,51.26,14.11,C
1500,51.26,14.15,C
1500,51.26,14.16,C
1500,51.26,14.82,C
1500,51.26,14.94,C
1500,51.26,14.98,C
1500,51.26,15.02,C
1500,51.26,15.54,C
1500,51.26,15.96,C
1500,51.26,16.03,C
1500,51.26,16.55,C
1500,51.26,16.58,C
1500,51.26,16.68,C
1500,51.26,16.8,C
1500,51.26,16.81,C
1500,51.26,17.01,C
1500,51.26,17.04,C
1500,51.26,17.19,C
1500,51.26,17.27,C
1500,51.26,17.3,C
1500,51.26,17.31,C
1500,51.26,17.53,C
1500,51.26,17.73,C
1500,51.26,17.8,C
1500,51.26,17.96,C
1500,51.26,18.04,C
1500,51.26,18.22,C
1500,51.26,18.37,C
1500,51.26,18.57,C
1500,51.26,18.69,C
1500,51.26,18.73,C
1500,51.26,19.13,C
1500,51.26,19.28,C
1500,51.26,19.99,C
1500,51.26,20.02,C
1500,51.26,20.18,C
1500,51.26,20.4,C
1500,51.26,20.61,C
1500,51.26,20.76,C
1500,51.26,20.85,C
1500,51.26,21.2,C
1500,51.26,21.28,C
1500,51.26,21.58,C
1500,51.26,22.11,C
1500,51.26,22.12,C
1500,51.26,22.46,C
1500,51.26,22.54,C
1500,51.26,22.58,C
1500,51.26,22.69,C
1500,51.26,22.71,C
1500,51.26,22.91,C
1500,51.26,22.95,C
1500,51.26,23.44,C
1500,51.26,23.72,C
1500,51.26,23.82,C
1500,51.26,24.06,C
1500,51.26,24.13,C
1500,51.26,24.33,C
1500,51.26,24.6,C
1500,51.26,24.66,C
1500,51.26,24.71,C
1500,51.26,25.23,C
1500,51.26,25.38,C
1500,51.26,25.54,C
1500,51.26,25.62,C
1500,51.26,25.78,C
1500,51.26,26.02,C
1500,51.26,26.03,C
1500,51.26,26.21,C
1500,51.26,26.37,C
1500,51.26,26.46,C
1500,51.26,26.72,C
1500,51.26,26.97,C
1500,51.26,27.06,C
1500,51.26,27.39,C
1500,51.26,27.52,C
1500,51.26,27.75,C
1500,51.26,27.82,C
1500,51.26,27.84,C
1500,51.26,27.85,C
1500,51.26,27.87,C
1500,51.26,28.08,C
1500,51.26,28.17,C
1500,51.26,29.08,C
1500,51.26,29.1,C
1500,51.26,29.18,C
1500,51.26,29.21,C
1500,51.26,29.4,C
1500,51.26,29.91,C
1500,51.26,30.19,C
1500,51.26,30.93,C
1500,51.26,31.02,C
1500,51.26,31.52,C
1500,51.26,31.56,C
1500,51.26,32.07,C
1500,51.26,32.16,C
1500,51.26,32.62,C
1500,51.26,33.03,C
1500,51.26,33.41,C
1500,51.26,34.04,C
1500,51.26,34.06,C
1500,51.26,34.15,C
1500,51.26,34.64,C
1500,51.29,3.13,C
1500,51.29,4.47,C
1500,51.29,6.34,C
1500,51.29,9.56,C
1500,51.29,9.79,C
1500,51.29,11.46,C
1500,51.29,16.37,C
1500,51.29,20.17,C
1500,51.29,20.83,C
1500,51.29,21.12,C
1500,51.29,24.44,C
1500,51.32,3.66,C
1500,51.32,4.74,C
1500,51.32,4.86,C
1500,51.32,8.6,C
1500,51.32,10.82,C
1500,51.32,13.18,C
1500,51.32,17.4,C
1500,51.32,19.43,C
1500,51.32,22.66,C
1500,51.32,22.95,E
1500,51.32,24.12,C
1500,51.32,26.66,C
1500,51.32,26.68,C
1500,51.32,27.6,C
1500,51.32,30.51,C
1500,51.32,30.75,C
1500,51.32,34.88,C
1500,51.32,36.96,C
1500,51.33,,C
1500,51.33,1.25,C
1500,51.33,1.9,C
1500,51.33,2.08,C
1500,51.33,3.04,C
1500,51.33,3.23,C
1500,51.33,3.95,C
1500,51.33,6.82,C
1500,51.33,7.28,C
1500,51.33,7.39,C
1500,51.33,8.06,C
1500,51.33,8.63,C
1500,51.33,8.84,C
1500,51.33,8.88,C
1500,51.33,8.94,C
1500,51.33,9.02,C
1500,51.33,10.12,C
1500,51.33,10.13,C
1500,51.33,10.95,C
1500,51.33,11.11,C
1500,51.33,11.97,C
1500,51.33,13.01,C
1500,51.33,13.16,C
1500,51.33,13.3,C
1500,51.33,13.53,C
1500,51.33,14.24,C
1500,51.33,15.22,C
1500,51.33,15.58,C
1500,51.33,15.62,C
1500,51.33,15.69,C
1500,51.33,15.74,C
1500,51.33,16.42,C
1500,51.33,16.43,C
1500,51.33,16.56,C
1500,51.33,17.05,C
1500,51.33,17.07,C
1500,51.33,17.15,C
1500,51.33,17.26,C
1500,51.33,17.36,C
1500,51.33,17.77,C
1500,51.33,17.89,C
1500,51.33,18.27,C
1500,51.33,18.59,C
1500,51.33,18.78,C
1500,51.33,19.49,C
1500,51.33,19.71,C
1500,51.33,19.91,C
1500,51.33,20.48,C
1500,51.33,20.77,C
1500,51.33,20.99,C
1500,51.33,22.43,C
1500,51.33,22.87,C
1500,51.33,23.22,C
1500,51.33,23.23,C
1500,51.33,23.7,C
1500,51.33,24.25,C
1500,51.33,24.33,C
1500,51.33,24.6,C
1500,51.33,24.73,C
1500,51.33,25.77,C
1500,51.33,26.24,C
1500,51.33,26.3,C
1500,51.33,27.42,C
1500,51.33,27.5,C
1500,51.33,27.54,C
1500,51.33,28.08,C
1500,51.33,28.15,C
1500,51.33,29.84,C
1500,51.33,30.9,C
1500,51.33,32.24,C
1500,51.33,32.5,C
1500,51.33,33,C
1500,51.33,33.21,C
1500,51.33,33.23,C
1500,51.33,34,C
1500,51.33,43.21,C
1500,51.33,47.62,C
1500,51.33,61.8,C
1500,51.33,65.45,C
1500,51.34,5.36,B
1500,51.34,11.61,B
1500,51.34,17.86,B
1500,51.34,23.96,B
1500,51.35,6.1,D
1500,51.39,11.65,C
1500,51.39,12.11,C
1500,51.39,14.58,C
1500,51.39,14.63,C
1500,51.39,22.29,C
1500,51.39,25.73,C
1500,51.39,31.3,C
1500,51.4,12.42,C
1500,51.4,16.36,E
1500,51.4,22.24,C
1500,51.43,12,C
1500,51.43,14.52,C
1500,51.43,24.44,C
1500,51.46,15.97,C
1500,51.46,24.43,C
1500,51.47,9.45,C
1500,51.49,19.37,C
1500,51.5,10.75,C
1500,51.5,13.14,C
1500,51.5,13.72,C
1500,51.5,15.93,C
1500,51.5,17.77,C
1500,51.5,18.13,C
1500,51.5,20.21,C
1500,51.5,23.79,C
1500,51.5,28.12,C
1500,51.5,29.35,C
1500,51.51,4.36,C
1500,51.51,12.11,C
1500,51.51,12.12,C
1500,51.51,12.58,C
1500,51.51,14.4,C
1500,51.51,15.33,C
1500,51.51,15.6,C
1500,51.51,15.73,C
1500,51.51,16.48,C
1500,51.51,16.51,C
1500,51.51,17.26,C
1500,51.51,17.51,C
1500,51.51,17.55,C
1500,51.51,19.44,C
1500,51.51,21.96,C
1500,51.51,22.53,C
1500,51.51,24.06,C
1500,51.51,25.34,C
1500,51.51,29.09,C
1500,51.53,15.31,C
1500,51.53,21.75,C
1500,51.53,23.4,C
1500,51.58,11.4,D
1500,51.58,12.04,D
1500,51.58,13.54,D
1500,51.58,20,D
1500,51.61,1.61,C
1500,51.61,1.88,C
1500,51.61,2.7,C
1500,51.61,3.6,C
1500,51.61,4.28,C
1500,51.61,5.06,C
1500,51.61,5.08,C
1500,51.61,5.72,C
1500,51.61,7.22,C
1500,51.61,7.36,C
1500,51.61,7.37,C
1500,51.61,8.04,C
1500,51.61,9,C
1500,51.61,10.33,C
1500,51.61,11.39,C
1500,51.61,11.44,C
1500,51.61,11.47,C
1500,51.61,12.26,C
1500,51.61,12.76,C
1500,51.61,13.14,C
1500,51.61,13.18,C
1500,51.61,14.08,C
1500,51.61,14.87,C
1500,51.61,15.25,C
1500,51.61,15.48,C
1500,51.61,15.5,C
1500,51.61,15.66,C
1500,51.61,15.75,C
1500,51.61,15.93,C
1500,51.61,16,C
1500,51.61,16.33,C
1500,51.61,16.52,C
1500,51.61,16.74,C
1500,51.61,16.96,C
1500,51.61,17.44,C
1500,51.61,17.81,C
1500,51.61,18.9,C
1500,51.61,18.96,C
1500,51.61,19.06,C
1500,51.61,19.4,C
1500,51.61,19.59,C
1500,51.61,19.71,C
1500,51.61,19.79,C
1500,51.61,20.52,C
1500,51.61,20.97,C
1500,51.61,21.55,C
1500,51.61,21.6,C
1500,51.61,21.7,C
1500,51.61,21.84,C
1500,51.61,22.21,C
1500,51.61,23.26,C
1500,51.61,23.39,C
1500,51.61,24.06,D
1500,51.61,24.29,C
1500,51.61,25.69,C
1500,51.61,26.28,C
1500,51.61,26.4,C
1500,51.61,26.77,C
1500,51.61,27.97,C
1500,51.61,30.03,C
1500,51.61,31,C
1500,51.61,31.21,C
1500,51.61,32.39,C
1500,51.61,33.54,C
1500,51.61,34.59,C
1500,51.61,35.64,C
1500,51.61,35.86,C
1500,51.61,43.66,C
1500,51.61,238.55,C
1500,51.62,0.43,C
1500,51.62,15.6,C
1500,51.62,17.11,C
1500,51.62,17.31,C
1500,51.62,23.91,C
1500,51.62,33.02,C
1500,51.63,1.58,C
1500,51.63,1.91,C
1500,51.63,5.5,C
1500,51.63,5.7,C
1500,51.63,6.58,C
1500,51.63,6.9,C
1500,51.63,7.85,C
1500,51.63,9.81,C
1500,51.63,9.98,C
1500,51.63,10.62,C
1500,51.63,10.7,C
1500,51.63,11.71,C
1500,51.63,12.35,C
1500,51.63,14.18,C
1500,51.63,14.49,C
1500,51.63,14.53,C
1500,51.63,14.58,C
1500,51.63,15.27,C
1500,51.63,15.38,C
1500,51.63,15.42,C
1500,51.63,15.82,C
1500,51.63,16.56,C
1500,51.63,17.73,C
1500,51.63,18.44,C
1500,51.63,19.07,C
1500,51.63,19.09,C
1500,51.63,19.26,C
1500,51.63,20.27,C
1500,51.63,21.12,C
1500,51.63,21.38,C
1500,51.63,22.75,C
1500,51.63,23.38,C
1500,51.63,24.28,C
1500,51.63,24.3,C
1500,51.63,25.98,C
1500,51.63,26.42,C
1500,51.63,26.88,C
1500,51.63,27.15,C
1500,51.63,30.93,C
1500,51.63,31.51,C
1500,51.63,32.32,C
1500,51.63,32.95,C
1500,51.63,33.36,C
1500,51.63,34.85,C
1500,51.65,4.76,C
1500,51.65,8.97,C
1500,51.65,9.68,C
1500,51.65,11.62,C
1500,51.65,18.18,C
1500,51.65,22.48,C
1500,51.65,25.17,C
1500,51.65,25.56,C
1500,51.65,27.82,C
1500,51.65,35.91,C
1500,51.67,17.62,D
1500,51.67,24.25,D
1500,51.7,21.7,D
1500,51.72,3.9,D
1500,51.72,6.44,D
1500,51.72,7.25,D
1500,51.74,3.89,C
1500,51.74,6.55,C
1500,51.74,6.56,C
1500,51.74,7.57,C
1500,51.74,12.43,C
1500,51.74,15.54,C
1500,51.74,20.36,C
1500,51.74,21.9,C
1500,51.74,24.24,C
1500,51.74,27.28,C
1500,51.75,2.64,C
1500,51.75,3.59,C
1500,51.75,4.14,C
1500,51.75,5.22,C
1500,51.75,7.88,C
1500,51.75,8.29,C
1500,51.75,9.44,C
1500,51.75,11.83,C
1500,51.75,12.06,C
1500,51.75,12.53,C
1500,51.75,13.84,C
1500,51.75,14.31,C
1500,51.75,18.51,C
1500,51.75,18.6,C
1500,51.75,18.78,C
1500,51.75,19.02,C
1500,51.75,19.29,C
1500,51.75,19.36,C
1500,51.75,19.71,C
1500,51.75,20.04,C
1500,51.75,20.24,C
1500,51.75,21.81,C
1500,51.75,22.03,C
1500,51.75,22.73,C
1500,51.75,23.38,C
1500,51.75,23.49,C
1500,51.75,23.9,C
1500,51.75,23.92,C
1500,51.75,24.19,C
1500,51.75,24.2,C
1500,51.75,24.55,C
1500,51.75,26.02,C
1500,51.75,29.64,C
1500,51.75,31.3,C
1500,51.75,31.91,C
1500,51.75,32,C
1500,51.75,32.52,C
1500,51.75,35.25,C
1500,51.75,35.36,C
1500,51.75,36.38,C
1500,51.75,37.91,C
1500,51.78,3.84,E
1500,51.8,1.92,C
1500,51.8,12.89,C
1500,51.81,1.04,D
1500,51.81,20.35,D
1500,51.85,13.71,C
1500,51.85,19.2,C
1500,51.89,9.97,C
1500,51.89,10.5,D
1500,51.89,15.58,C
1500,51.89,17.3,C
1500,51.89,19.29,C
1500,51.89,20.33,C
1500,51.89,24.97,C
1500,51.99,5.76,C
1500,51.99,19.6,C
1500,51.99,21.18,C
1500,51.99,30.13,C
1500,52,1.03,C
1500,52,2.36,C
1500,52,3.6,C
1500,52,4.88,C
1500,52,7.47,C
1500,52,7.66,C
1500,52,7.84,C
1500,52,9.34,C
1500,52,10.46,C
1500,52,10.74,C
1500,52,11.24,C
1500,52,11.87,C
1500,52,12.04,C
1500,52,12.48,C
1500,52,12.54,C
1500,52,12.6,C
1500,52,12.62,C
1500,52,13.29,C
1500,52,13.67,C
1500,52,13.71,C
1500,52,13.96,C
1500,52,14.26,C
1500,52,14.68,C
1500,52,16.09,C
1500,52,16.97,C
1500,52,17.17,C
1500,52,17.28,C
1500,52,17.49,C
1500,52,18.27,C
1500,52,18.88,C
1500,52,18.92,C
1500,52,19.36,C
1500,52,19.65,C
1500,52,19.99,C
1500,52,20.18,C
1500,52,20.85,C
1500,52,21,C
1500,52,21.17,C
1500,52,21.84,C
1500,52,22.41,C
1500,52,22.97,C
1500,52,23.14,C
1500,52,23.2,C
1500,52,24.22,C
1500,52,24.76,C
1500,52,25.01,C
1500,52,25.4,C
1500,52,25.8,C
1500,52,26.34,C
1500,52,26.93,C
1500,52,26.99,C
1500,52,27.4,C
1500,52,27.84,C
1500,52,27.88,C
1500,52,28.24,C
1500,52,28.94,C
1500,52,29.02,C
1500,52,30.21,C
1500,52,31.41,C
1500,52,31.6,C
1500,52,31.66,C
1500,52,32.47,C
1500,52,33.02,C
1500,52,34.13,C
1500,52,34.29,C
1500,52,34.3,C
1500,52,35.4,C
1500,52.02,0,C
1500,52.02,2.61,C
1500,52.02,4.08,C
1500,52.02,4.17,C
1500,52.02,5.38,C
1500,52.02,5.72,C
1500,52.02,6.48,C
1500,52.02,6.54,C
1500,52.02,6.76,C
1500,52.02,7.31,C
1500,52.02,8.75,C
1500,52.02,11.47,C
1500,52.02,11.62,C
1500,52.02,12.05,C
1500,52.02,12.29,C
1500,52.02,12.76,C
1500,52.02,13.4,C
1500,52.02,15.55,C
1500,52.02,15.74,C
1500,52.02,15.79,C
1500,52.02,15.93,C
1500,52.02,16.75,C
1500,52.02,16.96,C
1500,52.02,17.29,C
1500,52.02,17.43,C
1500,52.02,17.85,C
1500,52.02,20.88,C
1500,52.02,22.6,C
1500,52.02,25.26,C
1500,52.02,26.11,C
1500,52.02,26.35,C
1500,52.02,28.32,C
1500,52.02,28.58,C
1500,52.02,28.68,C
1500,52.02,29.68,C
1500,52.02,31.08,C
1500,52.02,31.31,C
1500,52.02,31.49,C
1500,52.02,33.77,C
1500,52.02,34.07,C
1500,52.02,43.01,C
1500,52.03,2.27,C
1500,52.03,3.53,C
1500,52.03,5.07,C
1500,52.03,5.46,C
1500,52.03,11.71,C
1500,52.03,13.17,C
1500,52.03,14,C
1500,52.03,15.29,C
1500,52.03,16.23,C
1500,52.03,19.95,C
1500,52.03,20.31,C
1500,52.03,21.27,C
1500,52.03,21.39,C
1500,52.03,29.2,C
1500,52.03,31.41,C
1500,52.03,32.18,C
1500,52.03,52.21,C
1500,52.04,2.46,C
1500,52.04,2.93,C
1500,52.04,3.41,C
1500,52.04,6.53,C
1500,52.04,7.7,C
1500,52.04,8.65,C
1500,52.04,8.73,C
1500,52.04,10.56,C
1500,52.04,10.72,C
1500,52.04,10.77,C
1500,52.04,11.15,C
1500,52.04,11.19,C
1500,52.04,11.56,C
1500,52.04,11.84,C
1500,52.04,11.91,C
1500,52.04,12,C
1500,52.04,12.24,C
1500,52.04,12.61,C
1500,52.04,12.69,C
1500,52.04,13.19,C
1500,52.04,13.42,C
1500,52.04,13.55,C
1500,52.04,14.09,C
1500,52.04,14.19,C
1500,52.04,15.01,C
1500,52.04,15.02,C
1500,52.04,15.64,C
1500,52.04,15.71,C
1500,52.04,16.16,C
1500,52.04,16.23,C
1500,52.04,16.64,C
1500,52.04,16.92,C
1500,52.04,17.08,C
1500,52.04,17.09,C
1500,52.04,17.15,C
1500,52.04,17.34,C
1500,52.04,17.89,C
1500,52.04,18.08,C
1500,52.04,18.15,C
1500,52.04,18.59,C
1500,52.04,19.03,C
1500,52.04,19.21,C
1500,52.04,19.31,C
1500,52.04,19.72,C
1500,52.04,19.76,C
1500,52.04,19.84,C
1500,52.04,19.91,C
1500,52.04,20.21,C
1500,52.04,20.36,C
1500,52.04,20.39,C
1500,52.04,20.4,C
1500,52.04,20.59,C
1500,52.04,20.73,C
1500,52.04,21.89,C
1500,52.04,22.3,C
1500,52.04,22.84,C
1500,52.04,23.05,C
1500,52.04,23.2,C
1500,52.04,23.34,C
1500,52.04,23.71,C
1500,52.04,24.15,C
1500,52.04,24.19,C
1500,52.04,24.31,C
1500,52.04,24.7,C
1500,52.04,25.44,C
1500,52.04,25.76,C
1500,52.04,25.93,C
1500,52.04,25.98,C
1500,52.04,26.21,C
1500,52.04,26.27,C
1500,52.04,26.38,C
1500,52.04,26.81,C
1500,52.04,27.55,C
1500,52.04,27.66,C
1500,52.04,28.34,C
1500,52.04,28.49,C
1500,52.04,28.69,C
1500,52.04,30.17,C
1500,52.04,30.98,C
1500,52.04,32.53,C
1500,52.04,33.22,C
1500,52.04,34.81,C
1500,52.04,36.94,C
1500,52.04,37.5,C
1500,52.04,44.86,C
1500,52.05,10,E
1500,52.08,0.55,C
1500,52.08,7.45,C
1500,52.08,12.75,C
1500,52.16,8.45,D
1500,52.16,12.7,C
1500,52.17,2.47,C
1500,52.17,19.67,C
1500,52.17,20.33,C
1500,52.23,5.08,C
1500,52.23,6,C
1500,52.23,6.47,C
1500,52.23,7.35,C
1500,52.23,8.43,C
1500,52.23,8.91,C
1500,52.23,8.95,C
1500,52.23,11.96,C
1500,52.23,13.11,C
1500,52.23,13.4,C
1500,52.23,13.51,C
1500,52.23,13.74,C
1500,52.23,16.54,C
1500,52.23,16.62,C
1500,52.23,17.02,C
1500,52.23,17.38,C
1500,52.23,19.96,C
1500,52.23,20.75,C
1500,52.23,22.27,C
1500,52.23,22.64,C
1500,52.23,23.53,C
1500,52.23,24.75,C
1500,52.23,27.13,C
1500,52.23,27.4,C
1500,52.23,29.27,C
1500,52.23,30.21,C
1500,52.23,30.48,C
1500,52.23,32.35,C
1500,52.23,32.43,C
1500,52.23,32.98,C
1500,52.23,35.41,C
1500,52.3,3.46,D
1500,52.3,6.25,D
1500,52.3,17.6,D
1500,52.3,19.37,D
1500,52.3,19.9,D
1500,52.3,31.95,D
1500,52.3,37.28,D
1500,52.3,39.19,D
1500,52.36,3.53,C
1500,52.36,15.41,C
1500,52.36,17.33,C
1500,52.36,19.33,C
1500,52.36,22.23,C
1500,52.36,26.95,C
1500,52.36,34.96,C
1500,52.36,37.22,C
1500,52.43,7.45,D
1500,52.44,1.57,C
1500,52.44,4.26,C
1500,52.44,6.28,D
1500,52.44,6.84,C
1500,52.44,7.62,C
1500,52.44,10.28,D
1500,52.44,12.43,C
1500,52.44,12.45,C
1500,52.44,13.48,D
1500,52.44,16.01,C
1500,52.44,16.64,C
1500,52.44,16.93,D
1500,52.44,17.04,C
1500,52.44,21.54,D
1500,52.44,22.56,C
1500,52.44,23.13,D
1500,52.44,23.34,D
1500,52.44,24.04,C
1500,52.44,24.3,D
1500,52.44,25.31,C
1500,52.44,25.47,C
1500,52.44,30.01,C
1500,52.44,30.55,C
1500,52.44,30.76,D
1500,52.44,30.79,D
1500,52.44,31.25,C
1500,52.44,31.26,C
1500,52.45,1.79,D
1500,52.45,2.14,D
1500,52.45,2.23,D
1500,52.45,4.04,D
1500,52.45,4.83,C
1500,52.45,5,D
1500,52.45,5.6,C
1500,52.45,5.72,D
1500,52.45,6.39,D
1500,52.45,6.72,D
1500,52.45,7.07,D
1500,52.45,7.72,C
1500,52.45,8.09,D
1500,52.45,8.42,D
1500,52.45,9.12,D
1500,52.45,10.72,D
1500,52.45,11.07,D
1500,52.45,11.66,D
1500,52.45,12.77,C
1500,52.45,13.04,D
1500,52.45,13.26,D
1500,52.45,13.5,D
1500,52.45,13.6,D
1500,52.45,13.68,D
1500,52.45,13.99,D
1500,52.45,14.77,D
1500,52.45,14.79,D
1500,52.45,16.71,C
1500,52.45,16.85,D
1500,52.45,17.01,D
1500,52.45,18.12,C
1500,52.45,18.23,D
1500,52.45,18.7,C
1500,52.45,18.93,D
1500,52.45,19.3,D
1500,52.45,19.84,D
1500,52.45,20.42,D
1500,52.45,20.52,D
1500,52.45,20.74,D
1500,52.45,21.1,D
1500,52.45,21.45,D
1500,52.45,22.76,D
1500,52.45,23.56,C
1500,52.45,24.12,D
1500,52.45,25.48,D
1500,52.45,26.33,D
1500,52.45,26.82,D
1500,52.45,27.11,D
1500,52.45,28.12,D
1500,52.45,28.59,D
1500,52.45,30.27,D
1500,52.45,31.63,D
1500,52.45,31.9,D
1500,52.45,32.35,D
1500,52.45,32.77,D
1500,52.45,35.65,D
1500,52.45,39.81,D
1500,52.46,13.08,D
1500,52.52,19.82,D
1500,52.57,21.15,D
1500,52.57,35.24,D
1500,52.59,2.7,C
1500,52.59,12.03,C
1500,52.59,16.93,C
1500,52.59,22.37,C
1500,52.59,22.52,C
1500,52.59,24.84,C
1500,52.65,18,C
1500,52.65,22.14,C
1500,52.7,20.87,D
1500,52.7,21.63,D
1500,52.71,19.63,C
1500,52.73,1.38,C
1500,52.73,1.69,D
1500,52.73,2.64,D
1500,52.73,3.58,C
1500,52.73,4.27,C
1500,52.73,5.09,C
1500,52.73,5.12,C
1500,52.73,7.78,C
1500,52.73,8.1,C
1500,52.73,8.55,C
1500,52.73,9.42,C
1500,52.73,9.62,C
1500,52.73,10.49,C
1500,52.73,10.84,C
1500,52.73,11.31,C
1500,52.73,11.45,C
1500,52.73,11.63,C
1500,52.73,12,C
1500,52.73,12.05,C
1500,52.73,12.82,C
1500,52.73,13.28,C
1500,52.73,14.8,C
1500,52.73,15.18,D
1500,52.73,15.75,C
1500,52.73,15.9,C
1500,52.73,16.3,C
1500,52.73,17.02,C
1500,52.73,17.75,C
1500,52.73,18.63,C
1500,52.73,19.71,D
1500,52.73,20.82,C
1500,52.73,20.99,C
1500,52.73,21.85,C
1500,52.73,21.97,C
1500,52.73,22.01,C
1500,52.73,22.78,C
1500,52.73,22.8,C
1500,52.73,23.05,C
1500,52.73,23.2,C
1500,52.73,23.3,C
1500,52.73,27.76,C
1500,52.73,27.97,C
1500,52.73,28.12,C
1500,52.73,28.21,C
1500,52.73,29.09,D
1500,52.73,31,C
1500,52.73,32.63,C
1500,52.73,33.71,C
1500,52.73,33.99,D
1500,52.73,34.43,C
1500,52.73,34.8,C
1500,52.73,34.98,C
1500,52.73,37.22,D
1500,52.75,2.95,C
1500,52.75,3.39,C
1500,52.75,11.09,C
1500,52.75,13.32,C
1500,52.75,14.79,C
1500,52.75,20.27,C
1500,52.75,20.87,C
1500,52.75,27.8,C
1500,52.75,30.93,C
1500,52.75,37.8,C
1500,52.75,38.72,C
1500,52.75,43.45,C
1500,52.76,1,C
1500,52.76,1.17,C
1500,52.76,2.24,C
1500,52.76,2.9,C
1500,52.76,3.46,C
1500,52.76,5.73,C
1500,52.76,6.24,C
1500,52.76,6.47,C
1500,52.76,6.62,C
1500,52.76,7.09,C
1500,52.76,7.2,C
1500,52.76,7.85,C
1500,52.76,7.93,C
1500,52.76,7.96,C
1500,52.76,9.6,C
1500,52.76,9.66,C
1500,52.76,10.2,C
1500,52.76,10.86,C
1500,52.76,11.38,C
1500,52.76,11.44,C
1500,52.76,11.73,C
1500,52.76,12.96,C
1500,52.76,13.07,C
1500,52.76,13.28,C
1500,52.76,13.3,C
1500,52.76,13.82,C
1500,52.76,14.07,C
1500,52.76,14.17,C
1500,52.76,14.29,C
1500,52.76,14.66,C
1500,52.76,14.78,C
1500,52.76,14.88,C
1500,52.76,14.93,C
1500,52.76,14.98,C
1500,52.76,15.46,C
1500,52.76,16.07,C
1500,52.76,16.19,C
1500,52.76,17.08,C
1500,52.76,17.48,C
1500,52.76,17.55,C
1500,52.76,17.93,C
1500,52.76,18.4,C
1500,52.76,18.41,C
1500,52.76,18.52,C
1500,52.76,18.63,C
1500,52.76,18.96,C
1500,52.76,19.32,C
1500,52.76,19.9,C
1500,52.76,19.91,C
1500,52.76,19.98,C
1500,52.76,20.23,C
1500,52.76,20.83,C
1500,52.76,20.99,C
1500,52.76,21.84,C
1500,52.76,21.89,C
1500,52.76,21.91,C
1500,52.76,21.94,C
1500,52.76,22.12,C
1500,52.76,22.13,C
1500,52.76,22.31,C
1500,52.76,22.59,C
1500,52.76,22.74,C
1500,52.76,22.8,C
1500,52.76,23.1,C
1500,52.76,23.2,C
1500,52.76,23.44,C
1500,52.76,23.71,C
1500,52.76,23.84,C
1500,52.76,23.9,C
1500,52.76,24.57,C
1500,52.76,24.96,C
1500,52.76,25.35,C
1500,52.76,25.86,C
1500,52.76,25.91,C
1500,52.76,26.24,C
1500,52.76,26.3,C
1500,52.76,27.45,C
1500,52.76,27.76,C
1500,52.76,28.32,C
1500,52.76,28.45,C
1500,52.76,28.91,C
1500,52.76,29.35,C
1500,52.76,30.67,C
1500,52.76,32.13,C
1500,52.76,32.45,C
1500,52.76,32.87,C
1500,52.76,33.93,C
1500,52.76,34.16,C
1500,52.76,39.02,C
1500,52.76,48.16,C
1500,52.76,65.5,C
1500,52.79,9.48,D
1500,52.84,,C
1500,52.84,2.44,C
1500,52.84,3.8,C
1500,52.84,4.17,C
1500,52.84,5.18,C
1500,52.84,6,C
1500,52.84,7.85,C
1500,52.84,10.27,C
1500,52.84,11.18,C
1500,52.84,11.3,C
1500,52.84,13.1,C
1500,52.84,13.25,C
1500,52.84,13.6,C
1500,52.84,13.96,C
1500,52.84,15.33,C
1500,52.84,15.36,C
1500,52.84,16.42,C
1500,52.84,16.67,C
1500,52.84,16.74,C
1500,52.84,16.93,C
1500,52.84,17.06,C
1500,52.84,17.24,C
1500,52.84,17.6,C
1500,52.84,18.12,C
1500,52.84,19.01,C
1500,52.84,19.78,C
1500,52.84,20.52,C
1500,52.84,21.07,C
1500,52.84,22.75,C
1500,52.84,22.94,C
1500,52.84,23.52,C
1500,52.84,23.58,C
1500,52.84,23.85,C
1500,52.84,25.4,C
1500,52.84,26.96,C
1500,52.84,27.02,C
1500,52.84,30.35,C
1500,52.84,30.79,C
1500,52.84,31.56,C
1500,52.84,32.14,C
1500,52.84,34.48,C
1500,52.84,36.3,C
1500,52.84,38.15,C
1500,52.89,7.76,C
1500,52.89,9.2,C
1500,52.89,20.4,C
1500,52.89,22.36,C
1500,52.89,32.61,C
1500,52.92,25.2,C
1500,52.96,1.03,D
1500,52.96,1.26,D
1500,52.96,2.42,D
1500,52.96,5.27,D
1500,52.96,6.66,D
1500,52.96,7.42,C
1500,52.96,7.53,D
1500,52.96,7.8,D
1500,52.96,8.97,D
1500,52.96,10.68,D
1500,52.96,11.19,D
1500,52.96,11.21,D
1500,52.96,11.6,D
1500,52.96,13.67,C
1500,52.96,14.16,D
1500,52.96,15.06,D
1500,52.96,16.07,C
1500,52.96,17.3,D
1500,52.96,17.46,D
1500,52.96,17.48,D
1500,52.96,18.53,D
1500,52.96,19.2,D
1500,52.96,21.6,D
1500,52.96,21.87,D
1500,52.96,22.36,D
1500,52.96,23.09,C
1500,52.96,23.25,D
1500,52.96,24.44,D
1500,52.96,24.63,D
1500,52.96,24.91,D
1500,52.96,25.22,D
1500,52.96,27.63,D
1500,52.96,28.22,C
1500,52.96,28.75,C
1500,52.96,28.8,D
1500,52.96,30.98,D
1500,52.96,33.08,D
1500,52.96,34.74,D
1500,52.96,34.93,D
1500,52.98,24.57,D
1500,53.08,1.86,C
1500,53.08,5.9,C
1500,53.08,8.56,C
1500,53.08,8.59,C
1500,53.08,11.27,C
1500,53.08,13.78,C
1500,53.08,13.87,C
1500,53.08,16.36,C
1500,53.08,34,C
1500,53.08,66.58,C
1500,53.1,7.8,D
1500,53.1,14.43,D
1500,53.1,15.35,D
1500,53.1,20.3,D
1500,53.15,1.52,D
1500,53.15,4.04,D
1500,53.15,4.64,D
1500,53.15,5.35,D
1500,53.15,5.51,D
1500,53.15,7.2,D
1500,53.15,8.93,D
1500,53.15,9.3,D
1500,53.15,9.5,D
1500,53.15,10.08,D
1500,53.15,10.13,D
1500,53.15,11.64,D
1500,53.15,11.73,D
1500,53.15,11.92,D
1500,53.15,11.96,D
1500,53.15,15.6,D
1500,53.15,15.9,D
1500,53.15,17.69,D
1500,53.15,18.28,D
1500,53.15,19.71,D
1500,53.15,20.1,D
1500,53.15,20.54,D
1500,53.15,22.47,D
1500,53.15,22.55,D
1500,53.15,23.71,D
1500,53.15,23.84,D
1500,53.15,23.94,D
1500,53.15,26.4,D
1500,53.15,27.3,D
1500,53.15,28.44,D
1500,53.15,29.45,D
1500,53.15,31.7,D
1500,53.15,32.34,D
1500,53.15,32.44,D
1500,53.18,27.81,D
1500,53.18,29,D
1500,53.18,34.01,D
1500,53.31,12.98,D
1500,53.32,12.73,C
1500,53.32,13.76,C
1500,53.32,17.58,C
1500,53.32,21.38,C
1500,53.35,3.16,E
1500,53.35,13.05,E
1500,53.42,3.38,C
1500,53.42,3.64,C
1500,53.42,3.85,C
1500,53.42,4.02,C
1500,53.42,4.41,C
1500,53.42,4.45,C
1500,53.42,9.39,C
1500,53.42,9.6,C
1500,53.42,10.85,C
1500,53.42,11.01,C
1500,53.42,11.62,C
1500,53.42,12.88,C
1500,53.42,13.48,C
1500,53.42,14.32,C
1500,53.42,14.49,C
1500,53.42,14.7,C
1500,53.42,14.75,C
1500,53.42,14.84,C
1500,53.42,15.68,C
1500,53.42,16.13,C
1500,53.42,17.04,C
1500,53.42,17.09,C
1500,53.42,18.26,C
1500,53.42,19.13,C
1500,53.42,19.6,C
1500,53.42,20.4,C
1500,53.42,21.05,C
1500,53.42,21.32,C
1500,53.42,22.67,C
1500,53.42,23.84,C
1500,53.42,25.35,C
1500,53.42,25.75,C
1500,53.42,26.23,C
1500,53.42,27.31,C
1500,53.42,27.38,C
1500,53.42,27.9,C
1500,53.42,28.5,C
1500,53.42,29.48,C
1500,53.42,30.62,C
1500,53.42,33.2,C
1500,53.42,35.96,C
1500,53.42,36.72,C
1500,53.42,37.47,C
1500,53.42,39.66,C
1500,53.48,2.94,D
1500,53.48,4.68,D
1500,53.48,4.8,D
1500,53.48,5.05,D
1500,53.48,5.1,D
1500,53.48,5.65,D
1500,53.48,5.96,D
1500,53.48,6.4,D
1500,53.48,6.67,D
1500,53.48,6.99,D
1500,53.48,7.39,D
1500,53.48,9.06,D
1500,53.48,9.08,D
1500,53.48,9.41,D
1500,53.48,9.43,D
1500,53.48,10.13,D
1500,53.48,10.17,D
1500,53.48,10.29,D
1500,53.48,11.14,D
1500,53.48,11.47,D
1500,53.48,12.7,D
1500,53.48,12.84,D
1500,53.48,12.91,D
1500,53.48,14,D
1500,53.48,14.35,D
1500,53.48,14.44,D
1500,53.48,14.55,D
1500,53.48,14.9,D
1500,53.48,15.09,D
1500,53.48,15.16,D
1500,53.48,15.68,D
1500,53.48,15.74,D
1500,53.48,16.83,D
1500,53.48,17.39,D
1500,53.48,17.43,D
1500,53.48,17.5,D
1500,53.48,17.7,D
1500,53.48,17.76,D
1500,53.48,18.04,D
1500,53.48,18.1,D
1500,53.48,18.32,D
1500,53.48,18.73,D
1500,53.48,18.81,D
1500,53.48,19.25,D
1500,53.48,19.35,D
1500,53.48,19.44,D
1500,53.48,19.49,D
1500,53.48,19.61,D
1500,53.48,20.09,D
1500,53.48,20.72,D
1500,53.48,21.01,D
1500,53.48,21.76,D
1500,53.48,21.99,D
1500,53.48,22.14,D
1500,53.48,22.42,D
1500,53.48,22.92,D
1500,53.48,23.08,D
1500,53.48,23.09,D
1500,53.48,23.68,D
1500,53.48,24.29,D
1500,53.48,25.53,D
1500,53.48,25.55,D
1500,53.48,25.74,D
1500,53.48,26.33,D
1500,53.48,27.03,D
1500,53.48,27.3,D
1500,53.48,27.73,D
1500,53.48,27.77,D
1500,53.48,27.93,D
1500,53.48,28.51,D
1500,53.48,28.52,D
1500,53.48,28.91,D
1500,53.48,29.21,D
1500,53.48,29.54,D
1500,53.48,30.23,D
1500,53.48,30.66,D
1500,53.48,30.71,D
1500,53.48,30.75,D
1500,53.48,30.83,D
1500,53.48,31,D
1500,53.48,32.04,D
1500,53.48,32.12,D
1500,53.48,32.53,D
1500,53.48,32.73,D
1500,53.48,33.96,D
1500,53.48,34.6,D
1500,53.48,34.88,D
1500,53.48,35.77,D
1500,53.48,39.64,D
1500,53.48,59.85,D
1500,53.55,1,D
1500,53.55,6.56,D
1500,53.55,7.12,D
1500,53.55,8.09,D
1500,53.55,8.1,D
1500,53.55,8.77,D
1500,53.55,11.13,D
1500,53.55,12.06,D
1500,53.55,12.85,D
1500,53.55,13.85,D
1500,53.55,14.87,D
1500,53.55,15.57,D
1500,53.55,16.68,D
1500,53.55,17.04,D
1500,53.55,18.68,D
1500,53.55,18.94,D
1500,53.55,18.97,D
1500,53.55,19.46,D
1500,53.55,19.79,D
1500,53.55,20.4,D
1500,53.55,20.76,D
1500,53.55,21.32,D
1500,53.55,22.77,D
1500,53.55,24.32,D
1500,53.55,24.89,D
1500,53.55,25.35,D
1500,53.55,26.69,D
1500,53.55,28.02,D
1500,53.55,29.62,D
1500,53.55,29.67,D
1500,53.55,30.25,D
1500,53.55,30.81,D
1500,53.55,31.53,D
1500,53.55,34.32,D
1500,53.55,36.3,D
1500,53.55,52.49,D
1500,53.56,4.44,C
1500,53.56,9.36,C
1500,53.56,25.23,C
1500,53.56,33.41,C
1500,53.59,8.91,D
1500,53.59,13.94,D
1500,53.59,17.94,D
1500,53.59,31.21,D
1500,53.59,32.73,D
1500,53.63,3.59,E
1500,53.68,5.27,F
1500,53.69,4.72,D
1500,53.69,7.34,C
1500,53.69,8.21,D
1500,53.69,8.23,D
1500,53.69,9.71,C
1500,53.69,10.37,D
1500,53.69,12.47,D
1500,53.69,14.19,C
1500,53.69,14.37,D
1500,53.69,16.83,D
1500,53.69,17.52,D
1500,53.69,20.4,D
1500,53.69,20.67,D
1500,53.69,20.96,D
1500,53.69,21.34,D
1500,53.69,23.28,D
1500,53.69,23.76,D
1500,53.69,25.5,D
1500,53.69,25.67,D
1500,53.69,27.58,D
1500,53.69,27.93,D
1500,53.69,30.18,C
1500,53.69,32.45,C
1500,53.69,34.08,D
1500,53.69,35.67,D
1500,53.69,36.47,D
1500,53.84,5.29,D
1500,53.84,6,D
1500,53.84,8.36,D
1500,53.84,10.69,D
1500,53.84,11.21,D
1500,53.84,13.12,D
1500,53.84,13.6,D
1500,53.84,15.22,D
1500,53.84,16.14,D
1500,53.84,16.35,D
1500,53.84,16.59,D
1500,53.84,18.33,D
1500,53.84,18.96,D
1500,53.84,19.78,D
1500,53.84,20.69,D
1500,53.84,20.79,D
1500,53.84,22.24,D
1500,53.84,22.89,D
1500,53.84,24.36,D
1500,53.84,24.68,D
1500,53.84,25.45,D
1500,53.84,26.96,D
1500,53.84,33.07,D
1500,53.9,10.17,D
1500,53.9,13.79,D
1500,53.9,17.65,D
1500,53.9,19.86,D
1500,53.9,25.08,D
1500,53.91,2.02,D
1500,53.91,5.35,D
1500,53.91,7.8,D
1500,53.91,7.94,D
1500,53.91,10.86,D
1500,53.91,11.16,D
1500,53.91,13.1,D
1500,53.91,14.53,D
1500,53.91,15.64,D
1500,53.91,16.49,D
1500,53.91,16.85,D
1500,53.91,17.01,D
1500,53.91,17.1,D
1500,53.91,19.15,D
1500,53.91,19.24,D
1500,53.91,20.9,D
1500,53.91,21.52,D
1500,53.91,21.68,D
1500,53.91,22.77,D
1500,53.91,22.95,D
1500,53.91,23,D
1500,53.91,23.39,D
1500,53.91,23.4,D
1500,53.91,23.54,D
1500,53.91,23.55,D
1500,53.91,23.86,D
1500,53.91,23.97,D
1500,53.91,24.32,D
1500,53.91,24.52,D
1500,53.91,26.07,D
1500,53.91,34.92,D
1500,53.91,37.9,D
1500,53.91,39.45,D
1500,53.91,39.86,D
1500,53.92,24.4,D
1500,54.05,7.15,D
1500,54.05,27.14,D
1500,54.05,31.36,D
1500,54.06,12.19,D
1500,54.06,22.36,D
1500,54.13,11.08,D
1500,54.13,15.13,D
1500,54.13,15.52,D
1500,54.13,16.59,D
1500,54.13,18.53,D
1500,54.13,18.79,D
1500,54.13,18.84,D
1500,54.13,19.87,D
1500,54.13,20.58,D
1500,54.13,21.19,D
1500,54.13,23,D
1500,54.13,27.06,D
1500,54.13,27.63,D
1500,54.13,33.17,D
1500,54.13,33.94,D
1500,54.13,36.4,D
1500,54.21,0,D
1500,54.21,0.54,D
1500,54.21,2.28,D
1500,54.21,3.06,D
1500,54.21,4.8,D
1500,54.21,6.38,D
1500,54.21,6.76,D
1500,54.21,6.83,D
1500,54.21,7.36,D
1500,54.21,7.8,D
1500,54.21,7.96,D
1500,54.21,8.55,D
1500,54.21,13.03,D
1500,54.21,13.15,D
1500,54.21,13.17,D
1500,54.21,14.13,D
1500,54.21,15.07,D
1500,54.21,16.49,D
1500,54.21,17.21,D
1500,54.21,17.34,D
1500,54.21,17.44,D
1500,54.21,17.81,D
1500,54.21,18.66,D
1500,54.21,18.68,D
1500,54.21,18.84,D
1500,54.21,20.31,D
1500,54.21,20.4,D
1500,54.21,21.17,D
1500,54.21,22.02,D
1500,54.21,22.26,D
1500,54.21,22.37,D
1500,54.21,22.66,D
1500,54.21,24.21,D
1500,54.21,25.05,D
1500,54.21,25.29,D
1500,54.21,25.55,D
1500,54.21,25.64,D
1500,54.21,26.04,D
1500,54.21,26.58,D
1500,54.21,26.86,D
1500,54.21,28.28,D
1500,54.21,29.32,D
1500,54.21,30.01,D
1500,54.21,30.11,D
1500,54.21,32.41,D
1500,54.21,38.15,D
1500,54.21,50.41,D
1500,54.21,52,D
1500,54.23,3.53,D
1500,54.23,3.81,D
1500,54.23,5.04,D
1500,54.23,5.26,D
1500,54.23,9.01,D
1500,54.23,9.5,D
1500,54.23,9.96,D
1500,54.23,11.04,D
1500,54.23,12.09,D
1500,54.23,12.12,D
1500,54.23,12.68,D
1500,54.23,13.22,D
1500,54.23,13.76,D
1500,54.23,14.69,D
1500,54.23,15.72,D
1500,54.23,17.55,D
1500,54.23,18.05,D
1500,54.23,18.3,D
1500,54.23,18.43,D
1500,54.23,18.58,D
1500,54.23,20.79,D
1500,54.23,21.35,D
1500,54.23,21.43,D
1500,54.23,21.45,D
1500,54.23,22.38,D
1500,54.23,23.77,D
1500,54.23,24.97,D
1500,54.23,25.15,D
1500,54.23,25.41,D
1500,54.23,25.53,D
1500,54.23,26.11,D
1500,54.23,26.91,D
1500,54.23,27.44,D
1500,54.23,30.21,D
1500,54.23,33.09,D
1500,54.23,33.94,D
1500,54.23,34.61,D
1500,54.23,34.96,D
1500,54.28,0.45,D
1500,54.28,2.47,D
1500,54.28,2.82,D
1500,54.28,2.92,D
1500,54.28,3.99,D
1500,54.28,6.43,D
1500,54.28,7.04,D
1500,54.28,7.29,D
1500,54.28,8.68,D
1500,54.28,9.15,D
1500,54.28,9.2,D
1500,54.28,9.36,D
1500,54.28,9.5,D
1500,54.28,10.42,D
1500,54.28,10.55,D
1500,54.28,10.83,D
1500,54.28,11.12,D
1500,54.28,11.28,D
1500,54.28,12.66,D
1500,54.28,12.68,D
1500,54.28,12.87,D
1500,54.28,13.04,D
1500,54.28,13.06,D
1500,54.28,13.64,D
1500,54.28,13.78,D
1500,54.28,15.12,D
1500,54.28,15.3,D
1500,54.28,15.36,D
1500,54.28,15.37,D
1500,54.28,15.77,D
1500,54.28,16.2,D
1500,54.28,17.14,D
1500,54.28,18.38,D
1500,54.28,18.98,D
1500,54.28,19.06,D
1500,54.28,19.59,D
1500,54.28,21.24,D
1500,54.28,21.48,D
1500,54.28,21.52,D
1500,54.28,21.8,D
1500,54.28,22.28,D
1500,54.28,22.93,D
1500,54.28,23.1,D
1500,54.28,23.17,D
1500,54.28,23.4,D
1500,54.28,23.54,D
1500,54.28,23.71,D
1500,54.28,24.28,D
1500,54.28,24.61,D
1500,54.28,25.8,D
1500,54.28,26.02,D
1500,54.28,26.08,D
1500,54.28,26.26,D
1500,54.28,26.53,D
1500,54.28,26.63,D
1500,54.28,28.28,D
1500,54.28,28.35,D
1500,54.28,29.11,D
1500,54.28,30.03,D
1500,54.28,31.45,D
1500,54.28,31.6,D
1500,54.28,32.38,D
1500,54.28,32.71,D
1500,54.28,32.75,D
1500,54.28,32.85,D
1500,54.28,33.4,D
1500,54.28,34.32,D
1500,54.28,38.37,D
1500,54.28,38.58,D
1500,54.38,9.04,E
1500,54.38,27.2,E
1500,54.41,3.29,D
1500,54.41,8.11,D
1500,54.41,14.29,D
1500,54.41,19.54,D
1500,54.41,29,D
1500,54.41,29.49,D
1500,54.41,36.03,D
1500,54.42,5.08,D
1500,54.42,5.58,D
1500,54.42,7.32,D
1500,54.42,8.5,D
1500,54.42,10.13,D
1500,54.42,10.16,E
1500,54.42,11.22,D
1500,54.42,12.83,D
1500,54.42,13.45,D
1500,54.42,13.64,D
1500,54.42,14.04,D
1500,54.42,14.44,D
1500,54.42,14.98,D
1500,54.42,15.59,D
1500,54.42,15.71,D
1500,54.42,15.82,D
1500,54.42,17.53,E
1500,54.42,17.63,D
1500,54.42,18.13,D
1500,54.42,19.35,D
1500,54.42,23.18,E
1500,54.42,23.45,E
1500,54.42,23.52,D
1500,54.42,23.55,D
1500,54.42,25.11,D
1500,54.42,26.26,D
1500,54.42,27.76,D
1500,54.42,28.81,D
1500,54.42,29.2,D
1500,54.42,29.49,D
1500,54.42,30.14,E
1500,54.42,32.41,E
1500,54.42,32.66,D
1500,54.42,36.29,E
1500,54.42,37.47,D
1500,54.42,37.6,D
1500,54.42,39.8,D
1500,54.42,41.27,D
1500,54.57,0,D
1500,54.57,6.68,D
1500,54.57,6.99,D
1500,54.57,8.15,D
1500,54.57,9.52,D
1500,54.57,10.2,D
1500,54.57,10.28,D
1500,54.57,11.52,D
1500,54.57,13.2,D
1500,54.57,13.46,D
1500,54.57,13.84,D
1500,54.57,13.97,D
1500,54.57,15.51,D
1500,54.57,15.53,D
1500,54.57,15.61,D
1500,54.57,16.04,D
1500,54.57,17.45,D
1500,54.57,17.78,D
1500,54.57,17.82,D
1500,54.57,18.97,D
1500,54.57,19.5,D
1500,54.57,21.91,D
1500,54.57,24,D
1500,54.57,24.45,D
1500,54.57,25.48,D
1500,54.57,27.93,D
1500,54.57,30.24,D
1500,54.57,30.27,D
1500,54.57,30.43,D
1500,54.57,32.14,D
1500,54.57,34.82,D
1500,54.6,6.39,D
1500,54.6,9.15,D
1500,54.6,11.16,D
1500,54.6,13.04,D
1500,54.6,14.1,D
1500,54.6,15.54,D
1500,54.6,19.13,D
1500,54.6,21.49,D
1500,54.6,21.91,D
1500,54.6,23.1,D
1500,54.6,31.13,D
1500,54.64,12.82,E
1500,54.64,29.61,E
1500,54.64,29.83,E
1500,54.65,18.36,D
1500,54.65,18.61,E
1500,54.65,20.97,D
1500,54.72,4.59,E
1500,54.72,9.93,E
1500,54.8,3.28,D
1500,54.8,9.84,D
1500,54.8,10.64,D
1500,54.8,19.55,D
1500,54.83,18.65,E
1500,54.87,6.12,E
1500,54.87,13.28,E
1500,54.88,5.82,D
1500,54.88,8.38,D
1500,54.88,11.79,D
1500,54.88,14.08,D
1500,54.88,18.71,D
1500,54.88,24.31,D
1500,54.88,25.6,D
1500,54.88,28.35,D
1500,54.93,8.38,D
1500,54.93,9.74,D
1500,54.93,13.97,D
1500,54.93,14.96,D
1500,54.93,19.43,D
1500,54.93,21.28,D
1500,54.93,22.47,D
1500,54.93,27.87,D
1500,54.94,0,D
1500,54.94,1.75,D
1500,54.94,2.68,D
1500,54.94,3.83,D
1500,54.94,6.48,D
1500,54.94,7.56,D
1500,54.94,10.59,D
1500,54.94,11.46,D
1500,54.94,12.63,D
1500,54.94,12.98,D
1500,54.94,13.44,D
1500,54.94,14.68,D
1500,54.94,15.31,D
1500,54.94,15.37,D
1500,54.94,16.13,D
1500,54.94,16.46,D
1500,54.94,17.18,D
1500,54.94,17.98,D
1500,54.94,17.99,D
1500,54.94,19.04,D
1500,54.94,20.54,D
1500,54.94,21.02,D
1500,54.94,22.43,D
1500,54.94,24.18,D
1500,54.94,25.15,D
1500,54.94,25.17,D
1500,54.94,26.33,D
1500,54.94,26.72,D
1500,54.94,28.73,D
1500,54.94,28.95,D
1500,54.94,30.06,D
1500,54.94,36.23,D
1500,54.94,37.13,D
1500,54.94,38.37,D
1500,54.98,2.7,E
1500,54.98,3.24,D
1500,54.98,5.6,D
1500,54.98,7.36,D
1500,54.98,9.27,D
1500,54.98,10.93,D
1500,54.98,11.25,D
1500,54.98,12.19,D
1500,54.98,12.38,E
1500,54.98,12.48,D
1500,54.98,12.92,D
1500,54.98,13.59,D
1500,54.98,13.95,D
1500,54.98,14.59,D
1500,54.98,14.75,E
1500,54.98,15.17,D
1500,54.98,16.1,D
1500,54.98,16.56,D
1500,54.98,17.7,D
1500,54.98,18.18,D
1500,54.98,18.39,D
1500,54.98,19.02,D
1500,54.98,20.06,D
1500,54.98,20.93,D
1500,54.98,22.26,D
1500,54.98,22.58,E
1500,54.98,24.9,D
1500,54.98,26.01,E
1500,54.98,26.17,E
1500,54.98,26.73,D
1500,54.98,27.23,D
1500,54.98,27.47,E
1500,54.98,29.04,D
1500,54.98,29.09,E
1500,54.98,29.76,D
1500,54.98,29.96,D
1500,54.98,30.82,D
1500,54.98,31.44,D
1500,54.98,31.78,D
1500,54.98,32.16,D
1500,54.98,32.99,E
1500,54.98,33.6,E
1500,54.98,36.92,D
1500,54.98,38.07,D
1500,55.01,0,D
1500,55.01,0.32,D
1500,55.01,0.63,D
1500,55.01,5.55,D
1500,55.01,6.26,D
1500,55.01,6.67,D
1500,55.01,7.24,D
1500,55.01,8.18,D
1500,55.01,8.99,D
1500,55.01,10.46,D
1500,55.01,10.89,D
1500,55.01,11.01,D
1500,55.01,11.94,D
1500,55.01,12.47,D
1500,55.01,13.34,D
1500,55.01,13.88,D
1500,55.01,14.57,D
1500,55.01,14.84,D
1500,55.01,14.96,D
1500,55.01,15.25,D
1500,55.01,15.53,D
1500,55.01,15.6,D
1500,55.01,16.12,D
1500,55.01,16.75,D
1500,55.01,16.76,E
1500,55.01,17.18,D
1500,55.01,17.9,D
1500,55.01,18.18,D
1500,55.01,20.16,D
1500,55.01,20.58,D
1500,55.01,20.77,D
1500,55.01,20.97,D
1500,55.01,22.5,D
1500,55.01,23.13,D
1500,55.01,23.91,D
1500,55.01,24.42,D
1500,55.01,24.85,D
1500,55.01,26.29,D
1500,55.01,26.96,D
1500,55.01,27.55,D
1500,55.01,28.64,D
1500,55.01,29.13,D
1500,55.01,31.96,D
1500,55.01,39.05,D
1500,55.03,7.61,D
1500,55.03,11.1,D
1500,55.03,11.42,D
1500,55.03,15.51,D
1500,55.03,19.13,D
1500,55.03,26.24,D
1500,55.03,27.86,D
1500,55.03,31.42,D
1500,55.14,10.4,D
1500,55.14,12.58,D
1500,55.14,27.14,D
1500,55.14,27.4,D
1500,55.16,27.25,D
1500,55.16,27.86,D
1500,55.3,24.21,F
1500,55.31,0.78,D
1500,55.31,1.51,D
1500,55.31,12.16,D
1500,55.31,12.81,D
1500,55.31,13.55,D
1500,55.31,14.99,D
1500,55.31,15.19,D
1500,55.31,15.64,D
1500,55.31,16.43,D
1500,55.31,16.75,D
1500,55.31,17.77,D
1500,55.31,17.95,D
1500,55.31,18.94,D
1500,55.31,19.25,D
1500,55.31,21.58,D
1500,55.31,22.04,D
1500,55.31,22.2,D
1500,55.31,23.52,D
1500,55.31,26.69,D
1500,55.31,36.98,D
1500,55.31,39.33,D
1500,55.31,42.72,D
1500,55.35,21.87,D
1500,55.35,33.56,E
1500,55.38,0.57,E
1500,55.38,4.36,D
1500,55.38,6.53,D
1500,55.38,16.6,D
1500,55.38,16.61,D
1500,55.38,19.89,D
1500,55.38,19.9,E
1500,55.38,20.6,D
1500,55.38,23.22,E
1500,55.38,24.92,E
1500,55.38,25.9,E
1500,55.38,29.23,E
1500,55.39,10.33,D
1500,55.39,35.08,D
1500,55.39,36.21,D
1500,55.54,10.91,D
1500,55.54,14.06,D
1500,55.54,17.64,D
1500,55.54,18.56,D
1500,55.54,18.93,D
1500,55.54,20.49,D
1500,55.54,26.27,D
1500,55.54,26.88,D
1500,55.67,35.78,E
1500,55.69,2.78,D
1500,55.69,3.2,D
1500,55.69,4.09,D
1500,55.69,9.18,D
1500,55.69,9.93,D
1500,55.69,10.84,D
1500,55.69,11.5,D
1500,55.69,11.93,D
1500,55.69,12.12,D
1500,55.69,12.16,D
1500,55.69,12.48,D
1500,55.69,12.98,D
1500,55.69,13.16,D
1500,55.69,13.56,D
1500,55.69,13.92,D
1500,55.69,13.97,D
1500,55.69,14.14,D
1500,55.69,14.34,D
1500,55.69,14.67,D
1500,55.69,15.35,D
1500,55.69,16.06,D
1500,55.69,16.47,D
1500,55.69,16.51,D
1500,55.69,17.45,D
1500,55.69,19.39,D
1500,55.69,19.6,D
1500,55.69,21.12,D
1500,55.69,23.5,D
1500,55.69,23.54,D
1500,55.69,23.57,D
1500,55.69,25.2,D
1500,55.69,28.23,D
1500,55.69,29.86,D
1500,55.69,32.99,D
1500,55.69,36.93,D
1500,55.73,5.72,D
1500,55.73,22.96,D
1500,55.73,28.76,D
1500,55.74,0.81,D
1500,55.74,1.82,D
1500,55.74,3.9,D
1500,55.74,4.8,D
1500,55.74,4.94,D
1500,55.74,5.63,D
1500,55.74,5.71,D
1500,55.74,7.38,E
1500,55.74,9.05,E
1500,55.74,10.29,D
1500,55.74,11.45,D
1500,55.74,11.91,D
1500,55.74,13.8,E
1500,55.74,15.2,D
1500,55.74,17.54,D
1500,55.74,18.76,D
1500,55.74,19.56,D
1500,55.74,19.6,E
1500,55.74,19.86,E
1500,55.74,21.38,D
1500,55.74,21.61,D
1500,55.74,22.44,D
1500,55.74,23.97,D
1500,55.74,25.75,D
1500,55.74,26.59,D
1500,55.74,27.15,D
1500,55.74,30.44,E
1500,55.74,31.25,E
1500,55.74,31.3,E
1500,55.74,36.73,E
1500,55.74,39.34,E
1500,55.75,2.12,D
1500,55.75,3.78,D
1500,55.75,5.28,D
1500,55.75,5.54,D
1500,55.75,8.15,D
1500,55.75,9.75,D
1500,55.75,10.02,D
1500,55.75,10.75,D
1500,55.75,11.69,D
1500,55.75,11.92,D
1500,55.75,12.82,D
1500,55.75,12.99,D
1500,55.75,13.34,D
1500,55.75,16.15,D
1500,55.75,17.74,D
1500,55.75,20.71,D
1500,55.75,21.95,D
1500,55.75,21.97,D
1500,55.75,23.06,D
1500,55.75,23.2,D
1500,55.75,23.54,D
1500,55.75,25.58,D
1500,55.75,25.73,D
1500,55.75,25.89,D
1500,55.75,26.2,D
1500,55.75,28.19,D
1500,55.75,29.63,D
1500,55.75,30.17,D
1500,55.75,31.24,D
1500,55.75,31.6,D
1500,55.75,34.03,D
1500,55.75,34.06,D
1500,55.75,34.86,D
1500,55.88,17.32,G
1500,55.9,14.74,E
1500,55.9,16.52,E
1500,55.9,22.01,E
1500,55.9,25.4,D
1500,55.9,28.03,E
1500,55.99,2.42,D
1500,55.99,8.68,D
1500,55.99,10.03,D
1500,55.99,15.73,D
1500,55.99,18.36,D
1500,55.99,19.66,D
1500,55.99,20.78,D
1500,55.99,29.37,D
1500,55.99,30.72,D
1500,56.05,5.05,D
1500,56.05,6.84,D
1500,56.05,9.02,D
1500,56.05,10.07,D
1500,56.05,11.35,D
1500,56.05,12.67,D
1500,56.05,13.76,D
1500,56.05,15.1,D
1500,56.05,15.17,D
1500,56.05,15.18,D
1500,56.05,16.98,D
1500,56.05,18.7,D
1500,56.05,18.85,D
1500,56.05,21.6,D
1500,56.05,21.87,D
1500,56.05,27,D
1500,56.05,27.04,D
1500,56.05,27.43,D
1500,56.13,9.35,E
1500,56.13,16.8,E
1500,56.13,16.9,E
1500,56.13,19.24,E
1500,56.13,21.37,E
1500,56.13,21.62,E
1500,56.13,22.48,E
1500,56.13,24.25,E
1500,56.33,16.34,E
1500,56.33,16.96,E
1500,56.33,21.44,E
1500,56.33,22.33,E
1500,56.33,28.36,E
1500,56.33,31.39,E
1500,56.33,38.17,E
1500,56.36,12.18,E
1500,56.43,2.5,D
1500,56.43,4.22,D
1500,56.43,6.85,D
1500,56.43,6.96,D
1500,56.43,7.83,D
1500,56.43,10.67,D
1500,56.43,11.57,D
1500,56.43,13.2,D
1500,56.43,13.8,D
1500,56.43,15.97,D
1500,56.43,17,D
1500,56.43,17.55,D
1500,56.43,17.72,D
1500,56.43,18.15,D
1500,56.43,18.16,D
1500,56.43,18.23,D
1500,56.43,18.93,D
1500,56.43,19.22,D
1500,56.43,20.23,D
1500,56.43,21.91,D
1500,56.43,21.96,D
1500,56.43,22.32,D
1500,56.43,27.05,D
1500,56.43,27.2,D
1500,56.43,27.88,D
1500,56.43,28.65,D
1500,56.43,29.96,D
1500,56.43,33.12,D
1500,56.43,33.37,D
1500,56.43,37.36,D
1500,56.43,39,D
1500,56.43,58.37,D
1500,56.51,5.65,E
1500,56.51,22.54,E
1500,56.51,23.24,E
1500,56.51,25.24,E
1500,56.51,26.12,E
1500,56.51,28.18,E
1500,56.51,30.44,E
1500,56.51,32.66,E
1500,56.52,9.87,E
1500,56.52,14.34,E
1500,56.52,14.88,E
1500,56.52,16.36,E
1500,56.52,17.11,E
1500,56.52,19.25,E
1500,56.52,19.5,E
1500,56.52,21.19,E
1500,56.52,21.38,E
1500,56.52,22.68,E
1500,56.52,28.18,E
1500,56.63,9.5,E
1500,56.63,21.04,E
1500,56.66,4.5,E
1500,56.66,5.31,E
1500,56.66,7.89,E
1500,56.66,20.58,E
1500,56.66,24.03,E
1500,56.86,1.05,D
1500,56.86,2.43,D
1500,56.86,2.96,D
1500,56.86,3.21,D
1500,56.86,6.98,D
1500,56.86,9.01,D
1500,56.86,9.53,D
1500,56.86,10.89,D
1500,56.86,12.05,D
1500,56.86,13.25,D
1500,56.86,14.95,D
1500,56.86,17.66,D
1500,56.86,18.36,D
1500,56.86,19.35,D
1500,56.86,19.48,D
1500,56.86,20.12,D
1500,56.86,20.7,D
1500,56.86,21.99,D
1500,56.86,22.42,D
1500,56.86,23.19,D
1500,56.86,23.38,D
1500,56.86,25.67,D
1500,56.86,27.33,D
1500,56.86,29.62,D
1500,56.86,33.12,D
1500,56.86,41.82,D
1500,56.9,3.88,D
1500,56.9,6,D
1500,56.9,9.21,E
1500,56.9,13.59,E
1500,56.9,21.31,D
1500,56.9,24.56,D
1500,56.9,24.75,D
1500,56.9,25.5,E
1500,56.9,27.06,E
1500,56.9,28.09,D
1500,56.9,28.62,E
1500,56.9,29.64,D
1500,56.9,30.97,D
1500,56.9,34.46,D
1500,56.98,6.49,E
1500,56.98,6.6,E
1500,56.98,18.32,E
1500,57.06,7.72,E
1500,57.06,25.93,E
1500,57.17,0.42,D
1500,57.17,3.4,D
1500,57.17,3.72,D
1500,57.17,5,D
1500,57.17,7.65,D
1500,57.17,8.3,D
1500,57.17,8.96,D
1500,57.17,10.5,D
1500,57.17,10.53,D
1500,57.17,11.33,D
1500,57.17,12.12,D
1500,57.17,14.15,D
1500,57.17,14.95,D
1500,57.17,15.23,D
1500,57.17,17.27,D
1500,57.17,17.84,D
1500,57.17,19.13,D
1500,57.17,19.93,D
1500,57.17,23.12,D
1500,57.17,24.4,D
1500,57.17,25.23,D
1500,57.17,28.47,D
1500,57.27,0.75,E
1500,57.27,3.81,E
1500,57.28,28.84,E
1500,57.28,33.08,E
1500,57.41,3.81,E
1500,57.41,6.24,E
1500,57.41,14.72,E
1500,57.41,20.21,E
1500,57.41,28.03,E
1500,57.41,29.92,E
1500,57.41,30.9,E
1500,57.45,10.61,E
1500,57.45,13.21,E
1500,57.45,32.29,E
1500,57.56,0.49,D
1500,57.56,0.73,D
1500,57.56,0.94,D
1500,57.56,5.16,D
1500,57.56,5.6,D
1500,57.56,7.51,D
1500,57.56,8.88,D
1500,57.56,11.3,D
1500,57.56,13.22,D
1500,57.56,13.52,D
1500,57.56,14.12,E
1500,57.56,16.57,D
1500,57.56,19.28,D
1500,57.56,20.57,D
1500,57.56,20.67,D
1500,57.56,25.75,D
1500,57.56,26.43,D
1500,57.56,38.24,D
1500,57.56,68.22,D
1500,57.59,4.76,E
1500,57.59,22.45,E
1500,57.59,23.77,E
1500,57.59,25.8,E
1500,57.59,26.25,E
1500,57.59,30.89,E
1500,57.59,34.8,E
1500,57.6,11.11,E
1500,57.64,29.18,E
1500,57.64,33.17,E
1500,57.66,9.39,E
1500,57.87,9.35,E
1500,57.87,11.02,E
1500,57.87,14.26,E
1500,57.87,21.86,E
1500,57.87,23.38,E
1500,57.87,27.85,E
1500,57.87,30.99,E
1500,57.99,6.57,E
1500,57.99,14.49,E
1500,57.99,14.58,E
1500,57.99,14.67,E
1500,57.99,17.18,E
1500,57.99,26.02,E
1500,57.99,26.29,E
1500,57.99,28.43,E
1500,57.99,32.43,E
1500,58,7.38,E
1500,58,10.36,E
1500,58,14.97,E
1500,58,15.79,E
1500,58,19.18,E
1500,58,25.31,E
1500,58,25.94,E
1500,58,25.99,E
1500,58,31.36,E
1500,58,61.23,E
1500,58.06,24.13,F
1500,58.15,16.64,E
1500,58.17,8.1,F
1500,58.17,12.59,F
1500,58.17,29.64,F
1500,58.32,29.88,E
1500,58.32,35.3,E
1500,58.38,2.52,E
1500,58.38,2.9,E
1500,58.38,3.61,E
1500,58.38,4.6,E
1500,58.38,5.43,E
1500,58.38,8.04,E
1500,58.38,8.46,E
1500,58.38,8.49,E
1500,58.38,9.31,E
1500,58.38,9.38,E
1500,58.38,10.13,E
1500,58.38,10.91,E
1500,58.38,11.13,E
1500,58.38,11.71,E
1500,58.38,13.29,E
1500,58.38,13.89,E
1500,58.38,14.56,E
1500,58.38,14.6,E
1500,58.38,15.33,E
1500,58.38,15.52,E
1500,58.38,16.2,E
1500,58.38,17.94,E
1500,58.38,20.71,E
1500,58.38,21.31,E
1500,58.38,22.08,E
1500,58.38,22.46,E
1500,58.38,24,E
1500,58.38,26.26,E
1500,58.38,26.65,E
1500,58.38,27.6,E
1500,58.38,28.35,E
1500,58.38,28.89,E
1500,58.38,30.15,E
1500,58.38,30.41,E
1500,58.38,30.72,E
1500,58.38,50.73,E
1500,58.38,73.28,E
1500,58.41,0,F
1500,58.41,0.94,F
1500,58.41,3.33,F
1500,58.41,5.24,F
1500,58.41,6.03,F
1500,58.41,9.88,F
1500,58.41,10.2,F
1500,58.41,10.27,F
1500,58.41,11.22,F
1500,58.41,11.48,F
1500,58.41,13.43,F
1500,58.41,13.87,F
1500,58.41,13.92,F
1500,58.41,16.47,F
1500,58.41,16.54,F
1500,58.41,16.8,F
1500,58.41,17.76,F
1500,58.41,18.79,F
1500,58.41,22.73,F
1500,58.41,23.71,F
1500,58.41,26.46,F
1500,58.41,27.85,F
1500,58.46,11.95,F
1500,58.56,9.03,F
1500,58.56,25.91,F
1500,58.62,3.99,F
1500,58.62,4.88,F
1500,58.62,6.33,F
1500,58.62,6.82,F
1500,58.62,9.16,F
1500,58.62,16.13,F
1500,58.62,17.04,F
1500,58.62,20.7,F
1500,58.62,23.59,F
1500,58.62,24.55,F
1500,58.62,26.3,F
1500,58.75,6.05,E
1500,58.75,11.76,E
1500,58.75,15.16,E
1500,58.75,18.53,E
1500,58.75,26.92,E
1500,58.75,39.71,E
1500,58.76,3.16,E
1500,58.76,5,E
1500,58.76,10.07,E
1500,58.76,11.36,E
1500,58.76,12.02,E
1500,58.76,17.14,E
1500,58.76,19.89,E
1500,58.76,20.17,E
1500,58.76,21.88,E
1500,58.76,23.38,E
1500,58.76,25.44,E
1500,58.76,25.96,E
1500,58.76,27.39,E
1500,58.76,27.48,E
1500,58.76,30.06,E
1500,58.76,30.86,E
1500,58.76,36.17,E
1500,58.85,0.29,E
1500,58.85,1.1,E
1500,58.85,13.52,E
1500,58.85,13.8,E
1500,58.85,16.12,E
1500,58.85,18.41,E
1500,58.85,18.99,E
1500,58.85,28.52,E
1500,58.85,30.48,E
1500,58.85,31.67,E
1500,58.85,37.92,E
1500,58.92,5.25,F
1500,58.92,18.11,F
1500,58.92,19.7,F
1500,58.92,30.75,F
1500,58.92,31.1,F
1500,58.94,2.26,F
1500,58.94,22.56,F
1500,59.15,5.68,E
1500,59.15,6.43,E
1500,59.15,6.77,E
1500,59.15,6.9,E
1500,59.15,17.63,E
1500,59.15,20.09,E
1500,59.15,20.21,E
1500,59.15,22.58,E
1500,59.15,22.63,E
1500,59.15,26.32,E
1500,59.15,27.87,E
1500,59.15,28.12,E
1500,59.24,1.52,E
1500,59.24,17.13,E
1500,59.24,26.36,E
1500,59.24,32.55,E
1500,59.25,4.88,F
1500,59.25,6.62,F
1500,59.25,6.93,F
1500,59.25,12.76,F
1500,59.25,20.64,F
1500,59.44,8.4,E
1500,59.44,19.45,E
1500,59.52,7.95,E
1500,59.52,10.01,E
1500,59.52,10.18,E
1500,59.52,19.22,E
1500,59.53,1.76,E
1500,59.53,6.97,E
1500,59.53,9.26,E
1500,59.53,10.31,E
1500,59.53,17.1,E
1500,59.53,19.8,E
1500,59.53,22.46,E
1500,59.53,30.36,E
1500,59.53,30.56,E
1500,59.53,30.82,E
1500,59.53,30.85,E
1500,59.53,31.49,E
1500,59.53,31.64,E
1500,59.53,41.94,E
1500,59.64,14.59,E
1500,59.64,22.29,F
1500,59.64,32.7,E
1500,59.64,33.36,F
1500,59.73,14.42,F
1500,59.91,7.06,E
1500,59.91,7.9,E
1500,59.91,9.24,E
1500,59.91,9.6,E
1500,59.91,10.41,E
1500,59.91,11.6,E
1500,59.91,12.37,E
1500,59.91,13.03,E
1500,59.91,13.23,E
1500,59.91,15.64,E
1500,59.91,16.42,E
1500,59.91,17.18,E
1500,59.91,17.42,E
1500,59.91,19.65,E
1500,59.91,20.08,E
1500,59.91,23.29,E
1500,59.91,24.09,E
1500,59.91,29.37,E
1500,59.91,29.63,E
1500,59.91,34.21,E
1500,59.91,36.77,E
1500,59.91,84.3,E
1500,60.03,5.31,E
1500,60.03,30.28,E
1500,60.03,31.81,E
1500,60.19,12.02,F
1500,60.19,20.04,F
1500,60.29,9.65,E
1500,60.29,9.97,E
1500,60.3,0,E
1500,60.3,7.95,E
1500,60.3,11.62,E
1500,60.3,16.11,E
1500,60.3,19.16,E
1500,60.3,24.41,E
1500,60.3,32.82,E
1500,60.63,6.24,E
1500,60.68,16.36,E
1500,60.68,16.69,E
1500,60.68,30.45,E
1500,60.69,5.08,E
1500,60.69,9.8,E
1500,60.69,12.5,E
1500,60.69,14.19,E
1500,60.69,18.07,E
1500,60.69,19.21,E
1500,60.69,19.48,E
1500,60.69,19.82,E
1500,60.69,22.33,E
1500,60.69,27.44,E
1500,60.69,34.17,E
1500,60.83,27.55,F
1500,61.06,25.92,E
1500,61.06,32.6,E
1500,61.46,1.79,E
1500,61.46,7.6,E
1500,61.46,11.26,E
1500,61.46,12.44,E
1500,61.46,15.95,E
1500,61.46,19.2,E
1500,61.46,19.7,E
1500,61.46,23.33,E
1500,61.46,28.12,E
1500,61.46,36,E
1500,61.52,39.17,G
1500,62.61,32.79,F
1500,62.64,26.88,F
1500,62.64,27.17,F
1500,63.43,7.42,F
1500,63.43,12.22,F
1500,63.43,19.74,F
1500,63.43,21.08,F
1500,63.43,23.55,F
1500,63.43,32.58,F
1500,63.82,15.09,F
1500,64.22,1.95,F
1500,64.33,0.85,G
1500,64.33,21.54,G
1500,64.37,12,G
1525,39.19,17.69,D
1525,46,5.34,A
1525,47.09,17.17,A
1525,47.24,10.94,A
1525,47.27,22,A
1525,47.43,11.42,A
1525,47.43,11.71,A
1525,47.53,4.94,A
1525,47.53,10.18,A
1525,47.79,17.78,A
1525,48.62,15.23,B
1525,48.81,16.03,B
1525,49.21,27.75,B
1525,49.21,35.04,B
1525,49.72,11.33,B
1525,49.89,11.62,B
1525,50.21,20.87,B
1525,50.65,8,B
1525,50.87,36.41,C
1525,51.16,19.65,C
1525,51.23,18.1,C
1525,51.63,35.23,C
1525,51.82,31.38,C
1525,52.12,15.58,C
1525,52.9,31.98,C
1525,53.04,3.82,C
1525,53.31,12.9,C
1525,53.63,25.91,C
1525,53.97,9.95,C
1525,54.48,39.2,D
1525,54.58,22.19,D
1525,54.81,32.64,D
1525,55.03,13.81,D
1525,56.59,15.87,E
1525,57.37,8.32,D
1525,58.24,29,E
1525,58.97,9.95,E
1525,59.03,38.5,F
1525,59.83,8.49,E
1525,62.48,35.57,E
1550,46.68,18.73,A
1550,46.75,14.45,A
1550,47.22,10.86,A
1550,47.24,5.33,A
1550,47.29,19.31,A
1550,47.91,29.32,A
1550,48.01,23.15,A
1550,48.05,7.47,A
1550,48.11,13.68,A
1550,48.21,7.74,A
1550,48.21,15.53,A
1550,48.21,24.87,A
1550,48.55,3.51,A
1550,48.55,9.42,A
1550,48.57,8.38,A
1550,48.57,9.06,A
1550,48.57,13.89,A
1550,48.71,10.06,B
1550,48.71,60.02,A
1550,48.86,24.14,B
1550,48.86,32.74,B
1550,49,27.98,A
1550,49.22,7.54,A
1550,49.29,8.48,B
1550,49.42,20.92,B
1550,49.61,12.99,B
1550,49.61,13.05,B
1550,49.61,21.71,B
1550,49.96,10.51,B
1550,49.97,10.63,B
1550,49.97,21.56,B
1550,50.08,15.47,B
1550,50.13,5.12,B
1550,50.14,23.59,B
1550,50.14,25.45,B
1550,50.26,4.71,B
1550,50.33,6.09,B
1550,50.33,13.78,B
1550,50.33,16.3,B
1550,50.36,25.16,B
1550,50.49,20.76,B
1550,50.68,31.85,B
1550,50.68,33.36,B
1550,50.74,7.21,B
1550,50.74,7.29,B
1550,50.74,12.61,B
1550,50.74,13.13,B
1550,50.74,15.43,B
1550,51.07,28.36,B
1550,51.11,22.84,B
1550,51.14,25.83,B
1550,51.15,7.07,B
1550,51.24,23.44,B
1550,51.48,7.59,B
1550,51.48,8.7,C
1550,51.48,22.81,B
1550,51.58,11.21,B
1550,51.7,33.18,C
1550,51.85,25.1,B
1550,51.94,1.19,C
1550,51.95,27.12,C
1550,52,8.05,C
1550,52,17.95,C
1550,52,25.05,C
1550,52.07,9.65,C
1550,52.22,16.2,C
1550,52.22,26.76,C
1550,52.22,34.9,C
1550,52.48,0.23,C
1550,52.6,9.93,C
1550,52.6,14.24,C
1550,52.6,17.86,C
1550,52.6,24.05,C
1550,52.66,21,C
1550,52.67,1.77,C
1550,52.72,22.63,C
1550,52.73,24.26,C
1550,52.73,28,C
1550,52.73,32.06,C
1550,52.97,3.27,C
1550,52.97,7.35,C
1550,52.97,25.68,C
1550,52.97,33.94,C
1550,53.04,3.23,C
1550,53.21,14.85,C
1550,53.33,16.67,C
1550,53.34,21,C
1550,53.35,20.4,C
1550,53.47,23.41,C
1550,53.47,25.44,C
1550,53.47,28.96,C
1550,53.47,32.24,C
1550,53.73,17.89,C
1550,53.73,29.44,C
1550,53.73,33.85,C
1550,53.77,9.43,C
1550,53.9,10.34,D
1550,53.94,8.86,C
1550,53.97,4.61,C
1550,53.97,19.05,C
1550,53.97,25.87,C
1550,54.2,27.71,D
1550,54.49,18.04,C
1550,54.49,18.43,C
1550,54.61,25.44,C
1550,54.65,10.73,C
1550,54.72,14.8,C
1550,55.26,5.71,D
1550,55.26,14.27,D
1550,55.26,25.31,D
1550,55.26,26.62,D
1550,55.63,17.58,D
1550,55.85,11.32,D
1550,56.03,8.66,D
1550,56.03,16.82,D
1550,56.03,21.63,D
1550,56.09,18.9,D
1550,56.24,19.74,D
1550,56.24,28.5,E
1550,56.42,22.67,E
1550,56.47,35.97,E
1550,56.7,34.97,D
1550,56.85,12.56,D
1550,57.23,16.29,D
1550,58.2,24.45,E
1550,58.52,8.1,E
1550,58.52,29.64,E
1550,59.51,28.3,E
1550,60.57,0,F
1550,61.42,22.7,E
1550,62.04,14.03,E
1550,62.04,34.48,E
1550,62.7,24.41,E
1550,63.51,32.4,E
1550,65.54,11.28,F
1550,66.48,24.99,G
1550,66.52,0,G
1575,48.43,29.81,A
1575,48.44,12.51,A
1575,48.61,10.25,A
1575,49.33,11.1,A
1575,49.34,9.44,A
1575,49.85,14.54,B
1575,49.95,10.15,A
1575,50.65,22.71,B
1575,50.82,8.24,B
1575,51.5,15.8,B
1575,51.9,1.15,B
1575,51.96,25.45,B
1575,52.41,13.6,B
1575,53.07,23.72,C
1575,53.83,13,C
1575,54.09,33.85,C
1575,54.64,7.48,C
1575,56.15,14.1,D
1575,56.15,31.91,D
1575,56.37,23.62,D
1575,56.61,18.94,D
1575,56.94,21.24,D
1575,56.99,19.5,D
1575,57.14,8.39,D
1575,57.3,4.93,D
1575,57.73,29.26,D
1575,57.76,31.63,D
1575,57.9,17.2,D
1575,58.15,14.4,E
1575,58.53,21.61,E
1575,58.85,25.07,D
1575,59.14,14.7,E
1575,60.9,12.55,E
1575,61.3,12.03,E
1575,61.3,39.67,E
1575,61.7,26.47,E
1575,61.86,7.27,F
1600,33.41,22.77,B
1600,34.59,16,B
1600,34.89,14.8,B
1600,36.6,21.29,C
1600,37.38,13.76,C
1600,37.62,6.23,D
1600,37.78,28.61,C
1600,38.24,1.59,D
1600,38.25,12.27,D
1600,38.56,5.41,D
1600,38.87,8.22,E
1600,39.12,15.84,C
1600,39.89,6.52,E
1600,42.66,0,E
1600,45.57,16.11,F
1600,47.75,20.31,C
1600,48.18,3.6,A
1600,48.18,6.45,A
1600,48.18,24.34,A
1600,48.19,1.08,A
1600,48.19,3.9,A
1600,48.19,4.74,A
1600,48.19,6.33,A
1600,48.19,6.79,A
1600,48.19,7.39,A
1600,48.19,8.04,A
1600,48.19,8.16,A
1600,48.19,8.72,A
1600,48.19,9.08,A
1600,48.19,9.13,A
1600,48.19,10.49,A
1600,48.19,11.09,A
1600,48.19,11.56,A
1600,48.19,11.83,A
1600,48.19,12.15,A
1600,48.19,12.5,A
1600,48.19,13,A
1600,48.19,14,A
1600,48.19,15.24,A
1600,48.19,16.17,A
1600,48.19,16.75,A
1600,48.19,18.19,A
1600,48.19,18.88,A
1600,48.19,19.2,A
1600,48.19,20.13,A
1600,48.19,22.91,A
1600,48.19,24.13,A
1600,48.19,24.44,A
1600,48.19,25.41,A
1600,48.19,25.88,A
1600,48.19,28.66,A
1600,48.19,33.04,A
1600,48.26,13.54,A
1600,48.7,2.52,A
1600,48.7,15.68,A
1600,48.7,20.38,A
1600,48.73,11.4,A
1600,48.73,21.9,A
1600,48.73,23.35,A
1600,48.74,3.28,A
1600,48.74,4.14,A
1600,48.74,7.07,A
1600,48.74,10.88,A
1600,48.74,12.97,A
1600,48.74,22.82,A
1600,48.76,7.26,A
1600,48.76,7.85,A
1600,48.76,8.61,A
1600,48.76,10.37,A
1600,48.76,18.05,A
1600,48.76,19.34,A
1600,48.76,22.4,A
1600,48.76,28.3,A
1600,48.76,34.97,A
1600,48.82,6.62,A
1600,48.82,10.51,A
1600,48.82,21.92,A
1600,48.82,28.13,A
1600,48.82,33.65,A
1600,48.85,5.06,A
1600,48.85,15.82,A
1600,48.85,16.78,A
1600,48.85,23.67,A
1600,48.96,13.64,A
1600,49.04,19.02,A
1600,49.04,20.44,A
1600,49.04,27.62,A
1600,49.13,0.89,A
1600,49.13,2.44,A
1600,49.13,4.75,A
1600,49.13,16.24,A
1600,49.13,26.7,A
1600,49.17,1.86,A
1600,49.17,3.96,A
1600,49.17,5.36,A
1600,49.17,6.12,A
1600,49.17,12.09,A
1600,49.17,15.94,A
1600,49.17,19.41,A
1600,49.17,19.64,A
1600,49.17,26.71,A
1600,49.2,3.18,A
1600,49.2,4.8,A
1600,49.2,5.29,A
1600,49.2,6.95,A
1600,49.2,7.2,A
1600,49.2,11.8,A
1600,49.2,12.25,A
1600,49.2,12.96,A
1600,49.2,13.12,A
1600,49.2,14.22,A
1600,49.2,17.41,A
1600,49.2,17.59,A
1600,49.2,19.28,A
1600,49.2,21.86,A
1600,49.2,25.57,A
1600,49.2,33.6,A
1600,49.24,3.65,A
1600,49.26,9.04,D
1600,49.28,11.75,A
1600,49.28,13.47,A
1600,49.28,15.13,A
1600,49.28,35.96,A
1600,49.33,5.23,A
1600,49.33,6.06,A
1600,49.33,12.77,A
1600,49.33,14.69,A
1600,49.33,18.25,A
1600,49.35,16.72,A
1600,49.39,15.18,A
1600,49.39,16.19,A
1600,49.39,20.41,A
1600,49.39,26.04,A
1600,49.39,28.23,A
1600,49.4,7.47,A
1600,49.4,7.67,A
1600,49.4,9.06,A
1600,49.4,12.17,A
1600,49.4,13.15,A
1600,49.4,13.3,A
1600,49.4,15.23,A
1600,49.4,16.31,A
1600,49.4,16.59,A
1600,49.4,18.84,A
1600,49.4,20.68,A
1600,49.4,21.7,A
1600,49.4,22.13,A
1600,49.42,4.26,A
1600,49.42,7.39,A
1600,49.46,0.85,A
1600,49.46,8.14,A
1600,49.46,9.58,A
1600,49.46,14.67,A
1600,49.46,15.79,A
1600,49.46,15.88,A
1600,49.46,19.97,A
1600,49.5,9,A
1600,49.56,2.66,A
1600,49.56,2.99,A
1600,49.56,3.26,A
1600,49.56,4.31,A
1600,49.56,4.56,A
1600,49.56,11.6,A
1600,49.56,12.29,A
1600,49.56,12.6,A
1600,49.56,12.84,A
1600,49.56,13.2,A
1600,49.56,13.84,A
1600,49.56,14.3,A
1600,49.56,14.49,A
1600,49.56,16.05,A
1600,49.56,17.66,A
1600,49.56,17.87,A
1600,49.56,18.21,A
1600,49.56,20.58,A
1600,49.56,22.71,A
1600,49.56,23.85,A
1600,49.56,25.18,A
1600,49.56,26.3,A
1600,49.56,27.1,A
1600,49.56,28.39,A
1600,49.56,30.63,A
1600,49.56,34.17,A
1600,49.58,3.86,A
1600,49.58,9.24,A
1600,49.58,10.03,A
1600,49.58,15.81,A
1600,49.58,17.03,A
1600,49.58,21.27,A
1600,49.58,21.71,A
1600,49.58,26.99,A
1600,49.6,10.44,A
1600,49.66,2.19,A
1600,49.66,3.13,A
1600,49.66,3.15,A
1600,49.66,6.39,A
1600,49.66,9.27,A
1600,49.66,9.78,A
1600,49.66,9.88,A
1600,49.66,10.15,A
1600,49.66,10.58,A
1600,49.66,10.72,A
1600,49.66,11.12,A
1600,49.66,11.81,A
1600,49.66,12.38,A
1600,49.66,13.75,A
1600,49.66,13.82,A
1600,49.66,14.58,A
1600,49.66,14.66,A
1600,49.66,15.29,A
1600,49.66,16.39,A
1600,49.66,18.2,A
1600,49.66,20,A
1600,49.66,20.82,A
1600,49.66,21.93,A
1600,49.66,22.25,A
1600,49.66,25.73,A
1600,49.66,27.56,A
1600,49.66,33.04,A
1600,49.69,13,A
1600,49.69,13.18,A
1600,49.69,29.32,A
1600,49.7,3.46,A
1600,49.72,5.14,A
1600,49.75,1.62,A
1600,49.75,10.2,A
1600,49.75,10.59,A
1600,49.75,16.52,A
1600,49.75,20.85,A
1600,49.75,33.87,A
1600,49.77,11.92,A
1600,49.77,14.62,A
1600,49.77,14.65,A
1600,49.77,14.71,A
1600,49.77,20.97,A
1600,49.77,21.27,A
1600,49.77,21.34,A
1600,49.77,21.5,A
1600,49.77,24.24,A
1600,49.77,27.45,A
1600,49.78,23.89,A
1600,49.82,3.64,A
1600,49.82,4.39,A
1600,49.82,12.5,A
1600,49.82,21.88,A
1600,49.82,26.53,A
1600,49.84,6.12,A
1600,49.84,15.45,A
1600,49.84,19.18,A
1600,49.84,22.44,A
1600,49.86,24.2,A
1600,49.86,27.45,A
1600,49.91,4.64,A
1600,49.91,38.6,A
1600,50.03,5.28,A
1600,50.03,7.71,A
1600,50.03,9.59,A
1600,50.03,16.42,A
1600,50.03,18.06,A
1600,50.03,18.79,A
1600,50.03,28.33,A
1600,50.03,31.44,A
1600,50.03,33.09,A
1600,50.05,7.74,A
1600,50.05,19.82,A
1600,50.06,3.76,A
1600,50.06,6.24,A
1600,50.06,7.31,A
1600,50.06,8.08,A
1600,50.06,11.74,A
1600,50.06,12.31,A
1600,50.06,14.82,A
1600,50.06,16.18,A
1600,50.06,17.49,A
1600,50.06,17.8,A
1600,50.06,19.16,A
1600,50.06,20,A
1600,50.06,26.67,A
1600,50.07,5.68,A
1600,50.07,7.5,A
1600,50.07,20.61,A
1600,50.07,22.77,A
1600,50.07,23.16,A
1600,50.07,25.1,A
1600,50.07,27.34,A
1600,50.07,31.61,A
1600,50.07,31.62,A
1600,50.08,9.98,A
1600,50.08,16.42,A
1600,50.11,1.2,A
1600,50.11,3.37,A
1600,50.11,11.57,A
1600,50.11,12.9,A
1600,50.11,14.59,A
1600,50.11,24.38,A
1600,50.11,30.24,A
1600,50.12,1.12,A
1600,50.12,2.48,A
1600,50.12,2.75,A
1600,50.12,3.73,A
1600,50.12,4.89,A
1600,50.12,7.24,A
1600,50.12,7.49,A
1600,50.12,8.06,A
1600,50.12,8.54,A
1600,50.12,10.35,A
1600,50.12,11.06,A
1600,50.12,11.91,A
1600,50.12,13.19,A
1600,50.12,14.18,A
1600,50.12,15.46,A
1600,50.12,15.84,A
1600,50.12,15.87,A
1600,50.12,15.93,A
1600,50.12,18.61,A
1600,50.12,18.83,A
1600,50.12,19.23,A
1600,50.12,19.78,A
1600,50.12,20.02,A
1600,50.12,20.98,A
1600,50.12,21.52,A
1600,50.12,24.6,A
1600,50.12,27.13,A
1600,50.12,27.34,A
1600,50.12,29.52,A
1600,50.14,7.24,A
1600,50.14,8.95,A
1600,50.14,12.37,A
1600,50.14,14.76,A
1600,50.14,16.14,A
1600,50.14,16.24,A
1600,50.14,19.66,A
1600,50.14,24,A
1600,50.14,25.79,A
1600,50.14,32.22,A
1600,50.14,32.75,A
1600,50.2,4.07,A
1600,50.2,25.6,A
1600,50.2,29.8,A
1600,50.2,33.04,A
1600,50.28,2.71,B
1600,50.28,7.2,A
1600,50.28,10.45,A
1600,50.28,12.47,A
1600,50.28,18.69,A
1600,50.28,20.37,B
1600,50.28,21.49,A
1600,50.28,24.98,B
1600,50.28,33.39,A
1600,50.32,4.76,B
1600,50.32,5.52,B
1600,50.32,6.21,B
1600,50.32,6.26,B
1600,50.32,9.39,B
1600,50.32,9.69,B
1600,50.32,9.77,B
1600,50.32,13.55,B
1600,50.32,14.52,B
1600,50.32,16.3,B
1600,50.32,16.65,B
1600,50.32,17.15,B
1600,50.32,18.88,B
1600,50.32,18.93,B
1600,50.32,21.73,B
1600,50.32,21.9,B
1600,50.32,23.52,B
1600,50.32,25.16,B
1600,50.32,27.89,B
1600,50.32,27.97,B
1600,50.32,31.44,B
1600,50.32,31.66,B
1600,50.42,1.82,B
1600,50.42,17.04,B
1600,50.43,3.22,B
1600,50.43,14.13,B
1600,50.43,26.96,A
1600,50.43,30.81,B
1600,50.43,32.28,B
1600,50.48,2.22,A
1600,50.48,6,A
1600,50.48,7.92,A
1600,50.48,13.14,A
1600,50.48,14.4,A
1600,50.48,17.16,A
1600,50.48,28.97,A
1600,50.48,32.55,A
1600,50.58,7.64,A
1600,50.58,11.94,A
1600,50.58,12.54,A
1600,50.58,16.62,A
1600,50.58,19.38,A
1600,50.58,20.05,A
1600,50.74,4.7,A
1600,50.74,7.27,A
1600,50.74,14.67,A
1600,50.74,15.18,A
1600,50.74,16.47,A
1600,50.74,17.64,A
1600,50.74,21.27,A
1600,50.74,22.28,A
1600,50.8,20.45,B
1600,50.81,7.72,A
1600,50.81,9,A
1600,50.81,16.83,A
1600,50.81,17.67,A
1600,50.88,9.57,B
1600,50.88,11.97,B
1600,50.88,15.5,B
1600,50.88,23.9,B
1600,50.88,25.68,B
1600,50.88,29.01,B
1600,51,3.16,B
1600,51,13.54,B
1600,51,14.92,B
1600,51,17.13,B
1600,51,18.54,B
1600,51,22.33,B
1600,51,24.77,B
1600,51,24.88,B
1600,51,32.37,B
1600,51.01,1.68,B
1600,51.01,4.3,B
1600,51.01,4.32,B
1600,51.01,5.79,B
1600,51.01,7.65,B
1600,51.01,11.27,B
1600,51.01,11.35,B
1600,51.01,13.77,B
1600,51.01,14.36,B
1600,51.01,15,B
1600,51.01,16.06,B
1600,51.01,16.29,B
1600,51.01,19.06,B
1600,51.01,20.44,B
1600,51.01,26.15,B
1600,51.01,28.66,B
1600,51.01,28.99,B
1600,51.01,29.53,B
1600,51.01,29.84,B
1600,51.12,19.21,A
1600,51.21,1,B
1600,51.21,1.55,B
1600,51.21,2.31,B
1600,51.21,3.49,B
1600,51.21,3.73,B
1600,51.21,4.54,B
1600,51.21,4.76,B
1600,51.21,6.52,B
1600,51.21,6.86,B
1600,51.21,7.14,B
1600,51.21,8.51,B
1600,51.21,8.66,B
1600,51.21,9.04,B
1600,51.21,10.12,B
1600,51.21,11.34,B
1600,51.21,11.67,B
1600,51.21,12.28,B
1600,51.21,13.8,B
1600,51.21,14.07,B
1600,51.21,15.34,B
1600,51.21,15.36,B
1600,51.21,16.64,B
1600,51.21,17.17,B
1600,51.21,18.12,B
1600,51.21,18.47,B
1600,51.21,18.55,B
1600,51.21,18.8,B
1600,51.21,18.83,B
1600,51.21,19.3,B
1600,51.21,19.39,B
1600,51.21,20.87,B
1600,51.21,21.38,B
1600,51.21,21.79,B
1600,51.21,22.17,B
1600,51.21,22.86,B
1600,51.21,23.17,B
1600,51.21,23.36,B
1600,51.21,26.51,B
1600,51.21,26.82,B
1600,51.21,27.25,B
1600,51.21,27.94,B
1600,51.21,29.47,B
1600,51.21,30.1,B
1600,51.21,31.78,B
1600,51.21,32.96,B
1600,51.21,34.32,B
1600,51.21,38.1,B
1600,51.25,7.92,B
1600,51.25,8.4,B
1600,51.25,9.17,B
1600,51.25,9.32,B
1600,51.25,9.77,B
1600,51.25,14.36,B
1600,51.25,15.85,B
1600,51.25,25.78,B
1600,51.25,30.5,B
1600,51.32,6.41,B
1600,51.32,8.65,B
1600,51.32,13.65,B
1600,51.32,15.08,B
1600,51.32,24.32,B
1600,51.32,24.39,B
1600,51.35,4.1,B
1600,51.38,6.22,B
1600,51.38,22.52,B
1600,51.44,1.03,B
1600,51.44,10.8,B
1600,51.44,12.53,B
1600,51.44,12.8,B
1600,51.44,13.26,B
1600,51.44,14.88,B
1600,51.44,15.31,B
1600,51.44,26.99,B
1600,51.45,2.17,B
1600,51.45,7.26,B
1600,51.45,10.67,B
1600,51.45,12.02,B
1600,51.45,12.09,B
1600,51.45,20.54,B
1600,51.45,30.89,B
1600,51.48,9.3,B
1600,51.54,0.27,B
1600,51.54,3.07,B
1600,51.57,1.97,B
1600,51.57,13.74,B
1600,51.57,14.66,B
1600,51.58,0.6,B
1600,51.58,1.7,B
1600,51.58,6.09,B
1600,51.58,7.02,B
1600,51.58,7.72,B
1600,51.58,7.8,B
1600,51.58,7.99,B
1600,51.58,11.36,B
1600,51.58,12,B
1600,51.58,13.35,B
1600,51.58,14.92,B
1600,51.58,15.3,B
1600,51.58,15.34,B
1600,51.58,16.3,B
1600,51.58,18.15,B
1600,51.58,19.77,B
1600,51.58,20.52,B
1600,51.58,21.52,B
1600,51.58,22.96,B
1600,51.58,27.13,B
1600,51.58,28.4,B
1600,51.58,28.59,B
1600,51.6,10.33,B
1600,51.62,1.63,B
1600,51.62,3.09,B
1600,51.62,3.27,B
1600,51.62,6.96,B
1600,51.62,9.56,B
1600,51.62,10.41,B
1600,51.62,14.89,B
1600,51.62,16.2,B
1600,51.62,16.43,B
1600,51.62,17.34,B
1600,51.62,17.81,B
1600,51.62,18.94,B
1600,51.62,19.02,B
1600,51.62,22.36,B
1600,51.62,22.49,B
1600,51.62,23.53,B
1600,51.62,24.02,B
1600,51.62,24.51,B
1600,51.69,1.77,B
1600,51.69,5.66,B
1600,51.69,10.58,B
1600,51.69,12.43,B
1600,51.69,13.85,B
1600,51.69,16.34,B
1600,51.69,16.39,B
1600,51.69,20.33,B
1600,51.69,21.57,B
1600,51.69,21.86,B
1600,51.69,34.45,B
1600,51.75,10.93,B
1600,51.75,21.83,B
1600,51.82,1.64,B
1600,51.82,15.68,B
1600,51.82,21.89,B
1600,51.88,12.96,B
1600,51.9,8.99,B
1600,51.91,22.63,B
1600,51.94,,B
1600,51.94,5.02,B
1600,51.94,13.54,B
1600,51.94,19.41,B
1600,51.95,0.27,B
1600,51.95,3.45,B
1600,51.95,5.63,B
1600,51.95,6.25,B
1600,51.95,10.55,B
1600,51.95,12.52,B
1600,51.95,13.39,B
1600,51.95,15.6,B
1600,51.95,15.97,B
1600,51.95,17.97,B
1600,51.95,18.68,B
1600,51.95,18.97,B
1600,51.95,19.46,B
1600,51.95,20.71,B
1600,51.95,23.09,B
1600,51.95,23.6,B
1600,51.95,23.61,B
1600,51.95,23.88,B
1600,51.95,24.91,B
1600,51.95,25.16,B
1600,51.95,25.22,B
1600,51.95,25.58,B
1600,51.95,25.7,B
1600,51.95,30.1,B
1600,51.95,30.8,B
1600,51.95,35.44,B
1600,51.95,39.28,B
1600,51.99,4.6,B
1600,51.99,12.06,B
1600,51.99,14.1,B
1600,51.99,14.8,B
1600,51.99,16.31,B
1600,51.99,16.56,B
1600,51.99,17.36,B
1600,51.99,18.43,B
1600,51.99,21.61,B
1600,51.99,30.46,B
1600,51.99,38.6,B
1600,52,8.48,B
1600,52,9.14,B
1600,52,10.12,B
1600,52,10.27,B
1600,52,12.13,B
1600,52,12.64,B
1600,52,13.25,B
1600,52,14.43,B
1600,52,15.1,B
1600,52,16.6,B
1600,52,19.81,B
1600,52,20.43,B
1600,52,22.11,B
1600,52,22.75,B
1600,52,22.95,B
1600,52,22.97,B
1600,52,23.36,B
1600,52,24.31,B
1600,52,24.78,B
1600,52,31.11,B
1600,52,32.7,B
1600,52,34.74,B
1600,52.05,18.57,B
1600,52.08,3.6,B
1600,52.08,10.85,B
1600,52.08,24.03,B
1600,52.11,15.01,B
1600,52.11,19.26,B
1600,52.11,23.38,B
1600,52.11,25.2,B
1600,52.11,25.46,B
1600,52.18,5.2,B
1600,52.18,14.92,B
1600,52.18,18.43,B
1600,52.18,23.73,B
1600,52.19,17.29,B
1600,52.2,7.41,B
1600,52.2,8.82,B
1600,52.2,10.54,B
1600,52.2,19.9,B
1600,52.2,20.24,B
1600,52.2,33.67,B
1600,52.22,9.42,B
1600,52.26,5.36,B
1600,52.31,7.83,B
1600,52.31,9.65,B
1600,52.31,25.76,B
1600,52.31,27.7,B
1600,52.31,31.48,B
1600,52.32,2.61,B
1600,52.32,3.3,B
1600,52.32,3.51,B
1600,52.32,4.87,B
1600,52.32,6.08,B
1600,52.32,6.87,B
1600,52.32,8.84,B
1600,52.32,10.19,B
1600,52.32,10.8,B
1600,52.32,12.42,B
1600,52.32,12.59,B
1600,52.32,13.59,B
1600,52.32,13.93,B
1600,52.32,13.95,B
1600,52.32,14.55,B
1600,52.32,15.21,B
1600,52.32,15.24,B
1600,52.32,15.41,B
1600,52.32,15.44,B
1600,52.32,15.92,B
1600,52.32,17.39,B
1600,52.32,17.72,B
1600,52.32,19.19,B
1600,52.32,19.35,B
1600,52.32,19.57,B
1600,52.32,19.8,B
1600,52.32,21.4,B
1600,52.32,21.51,B
1600,52.32,21.75,B
1600,52.32,21.77,B
1600,52.32,22.07,B
1600,52.32,22.65,B
1600,52.32,24.68,B
1600,52.32,25.89,B
1600,52.32,26,B
1600,52.32,26.07,B
1600,52.32,27.11,B
1600,52.32,27.65,B
1600,52.32,27.72,B
1600,52.32,29.75,B
1600,52.32,30.96,B
1600,52.32,31.39,B
1600,52.32,31.93,B
1600,52.32,32.38,B
1600,52.32,32.4,B
1600,52.32,33.15,B
1600,52.32,33.7,B
1600,52.32,33.85,B
1600,52.32,34.15,B
1600,52.38,1.1,B
1600,52.38,2.82,B
1600,52.38,5.14,B
1600,52.38,7.32,B
1600,52.38,7.42,B
1600,52.38,8.82,B
1600,52.38,9.8,B
1600,52.38,10.17,B
1600,52.38,10.28,B
1600,52.38,11.34,B
1600,52.38,12.15,B
1600,52.38,13.5,B
1600,52.38,16.4,B
1600,52.38,16.54,B
1600,52.38,16.55,B
1600,52.38,16.62,B
1600,52.38,16.81,B
1600,52.38,18.46,B
1600,52.38,19.61,B
1600,52.38,20.59,B
1600,52.38,21.52,B
1600,52.38,22.12,B
1600,52.38,22.54,B
1600,52.38,24.08,B
1600,52.38,24.86,B
1600,52.38,27.55,B
1600,52.38,27.78,B
1600,52.38,31.96,B
1600,52.41,15.84,C
1600,52.42,0,B
1600,52.42,1.37,B
1600,52.42,7.01,B
1600,52.42,14.92,B
1600,52.42,15.73,B
1600,52.42,20.63,B
1600,52.42,26.91,B
1600,52.43,4.87,B
1600,52.43,7.5,B
1600,52.43,13.62,B
1600,52.43,21.42,B
1600,52.43,22.84,B
1600,52.43,26.97,B
1600,52.43,46.44,B
1600,52.48,1.12,B
1600,52.49,0.45,B
1600,52.49,13.28,B
1600,52.49,22.78,B
1600,52.55,12.27,B
1600,52.62,6.24,B
1600,52.62,10.93,B
1600,52.62,14.08,B
1600,52.62,22.62,B
1600,52.66,0.96,B
1600,52.68,0.44,B
1600,52.68,11.19,B
1600,52.68,12.27,B
1600,52.68,12.75,B
1600,52.68,13.82,B
1600,52.68,14.34,B
1600,52.68,15.05,B
1600,52.68,15.71,B
1600,52.68,15.87,B
1600,52.68,15.9,B
1600,52.68,17.11,B
1600,52.68,18.88,B
1600,52.68,23.97,B
1600,52.68,30.7,B
1600,52.68,31.83,B
1600,52.72,3.94,B
1600,52.72,7.35,B
1600,52.72,8.78,B
1600,52.72,12.34,B
1600,52.72,12.6,B
1600,52.72,13.37,B
1600,52.72,14.18,B
1600,52.72,16.84,B
1600,52.72,16.88,B
1600,52.72,17.8,B
1600,52.72,18.72,B
1600,52.72,20.93,B
1600,52.72,23.4,B
1600,52.72,23.53,B
1600,52.72,23.86,B
1600,52.72,24.18,B
1600,52.72,25.4,B
1600,52.72,25.7,B
1600,52.72,26.04,B
1600,52.72,26.56,B
1600,52.72,27.07,B
1600,52.72,28.33,B
1600,52.72,29.01,B
1600,52.72,30.01,B
1600,52.72,30.16,B
1600,52.72,32.51,B
1600,52.72,32.85,B
1600,52.74,4.27,B
1600,52.74,7.46,B
1600,52.74,8.72,B
1600,52.74,17.52,B
1600,52.74,21.69,B
1600,52.74,24.51,B
1600,52.74,27.82,B
1600,52.74,33.33,B
1600,52.74,39.12,B
1600,52.75,3.29,B
1600,52.75,9.21,B
1600,52.75,21.91,B
1600,52.75,25.93,B
1600,52.75,26.44,B
1600,52.76,3.55,B
1600,52.76,4.87,B
1600,52.76,8.21,B
1600,52.76,10.47,B
1600,52.76,12.17,B
1600,52.76,13.12,B
1600,52.76,13.17,B
1600,52.76,13.18,B
1600,52.76,14.88,B
1600,52.76,14.91,B
1600,52.76,15.86,B
1600,52.76,16.63,B
1600,52.76,16.69,B
1600,52.76,17.28,B
1600,52.76,17.59,B
1600,52.76,18.55,B
1600,52.76,18.93,B
1600,52.76,20.08,B
1600,52.76,20.69,B
1600,52.76,24,B
1600,52.76,24.22,B
1600,52.76,24.48,B
1600,52.76,24.59,B
1600,52.76,24.8,B
1600,52.76,25.07,B
1600,52.76,25.7,B
1600,52.76,27.32,B
1600,52.76,29.15,B
1600,52.76,30.5,B
1600,52.76,30.72,B
1600,52.76,30.81,B
1600,52.79,2.19,B
1600,52.79,5.19,B
1600,52.79,6.02,B
1600,52.79,8.5,B
1600,52.79,11.31,B
1600,52.79,12.92,B
1600,52.79,14.33,B
1600,52.79,14.47,B
1600,52.79,16.2,B
1600,52.79,16.27,B
1600,52.79,16.58,B
1600,52.79,21.68,B
1600,52.79,25.59,B
1600,52.79,26.72,B
1600,52.79,27.94,B
1600,52.79,30.47,B
1600,52.79,30.64,B
1600,52.8,4.86,B
1600,52.8,5.68,B
1600,52.8,7.5,B
1600,52.8,8.97,B
1600,52.8,13.81,B
1600,52.8,16.25,B
1600,52.8,16.89,B
1600,52.8,20.43,B
1600,52.8,23.97,B
1600,52.8,24.47,B
1600,52.8,27.55,B
1600,52.8,33.84,B
1600,52.8,77.32,B
1600,52.89,16.64,C
1600,52.89,18.4,C
1600,52.9,5.4,B
1600,52.9,8.93,B
1600,52.9,15.37,B
1600,53,14.04,B
1600,53,16.61,B
1600,53,18.45,B
1600,53,18.69,B
1600,53,31.42,B
1600,53.02,12.26,B
1600,53.07,18.13,B
1600,53.13,18.76,B
1600,53.13,29.6,B
1600,53.13,31.06,B
1600,53.14,3.49,B
1600,53.14,4.11,B
1600,53.14,4.2,B
1600,53.14,4.23,C
1600,53.14,4.72,B
1600,53.14,4.9,B
1600,53.14,5.73,C
1600,53.14,6.44,B
1600,53.14,6.54,C
1600,53.14,8.33,B
1600,53.14,9.1,B
1600,53.14,9.33,B
1600,53.14,10.5,B
1600,53.14,11.5,C
1600,53.14,12.32,B
1600,53.14,12.8,B
1600,53.14,12.82,B
1600,53.14,13.16,C
1600,53.14,13.96,B
1600,53.14,15.37,B
1600,53.14,15.58,B
1600,53.14,15.73,B
1600,53.14,16.13,B
1600,53.14,16.2,B
1600,53.14,16.33,C
1600,53.14,16.63,B
1600,53.14,17.89,B
1600,53.14,17.94,C
1600,53.14,18.15,C
1600,53.14,19.57,B
1600,53.14,19.7,C
1600,53.14,20.27,C
1600,53.14,20.28,B
1600,53.14,21.42,B
1600,53.14,22.45,B
1600,53.14,22.7,B
1600,53.14,23.02,B
1600,53.14,23.24,B
1600,53.14,23.58,B
1600,53.14,23.59,B
1600,53.14,25.12,B
1600,53.14,25.28,B
1600,53.14,25.55,B
1600,53.14,26.1,B
1600,53.14,26.19,C
1600,53.14,26.3,B
1600,53.14,27.38,C
1600,53.14,29.03,C
1600,53.14,30.91,B
1600,53.14,31.67,C
1600,53.14,32.88,B
1600,53.14,33.24,B
1600,53.14,33.39,C
1600,53.14,39.04,B
1600,53.19,24.56,C
1600,53.19,31.4,C
1600,53.19,38.34,C
1600,53.24,3.46,B
1600,53.24,5.91,B
1600,53.24,8.62,B
1600,53.24,12.77,B
1600,53.24,15.85,B
1600,53.24,20.19,B
1600,53.24,20.93,B
1600,53.24,21.93,B
1600,53.24,22.24,B
1600,53.24,29.58,B
1600,53.25,4.28,B
1600,53.25,16.07,B
1600,53.25,17.11,B
1600,53.25,19.62,B
1600,53.25,22.56,B
1600,53.25,36.39,B
1600,53.31,18.14,B
1600,53.37,1.36,C
1600,53.37,4.53,C
1600,53.37,5.23,C
1600,53.37,9.99,C
1600,53.37,15.16,C
1600,53.37,16.02,C
1600,53.37,16.42,C
1600,53.37,18.94,C
1600,53.37,19.98,C
1600,53.37,21.11,C
1600,53.37,23.16,C
1600,53.37,24.86,C
1600,53.37,26.65,C
1600,53.37,28.91,C
1600,53.37,31.91,C
1600,53.45,7.38,C
1600,53.45,11.56,C
1600,53.45,22.51,C
1600,53.45,34.7,C
1600,53.47,12.11,B
1600,53.52,5.03,B
1600,53.52,6.41,B
1600,53.52,14.35,B
1600,53.52,15.36,B
1600,53.52,15.83,B
1600,53.52,16.16,B
1600,53.52,16.53,B
1600,53.52,22.32,B
1600,53.55,2.98,C
1600,53.6,7.6,C
1600,53.6,15.73,C
1600,53.6,24.76,C
1600,53.6,26.41,C
1600,53.6,28.39,C
1600,53.6,28.87,C
1600,53.6,29.73,C
1600,53.62,1.3,C
1600,53.62,2.15,C
1600,53.62,3.76,C
1600,53.62,3.92,C
1600,53.62,5.19,C
1600,53.62,5.53,C
1600,53.62,6.24,C
1600,53.62,6.55,C
1600,53.62,7.4,C
1600,53.62,7.85,C
1600,53.62,9.2,C
1600,53.62,10.66,C
1600,53.62,11.6,C
1600,53.62,12.91,C
1600,53.62,13.16,C
1600,53.62,13.77,C
1600,53.62,13.9,C
1600,53.62,14.24,C
1600,53.62,14.76,C
1600,53.62,15.69,C
1600,53.62,16.42,C
1600,53.62,16.91,C
1600,53.62,19.48,C
1600,53.62,19.82,C
1600,53.62,20,C
1600,53.62,20.35,C
1600,53.62,20.55,C
1600,53.62,20.75,C
1600,53.62,21.23,C
1600,53.62,21.83,C
1600,53.62,21.94,C
1600,53.62,22.43,C
1600,53.62,23.65,C
1600,53.62,23.77,C
1600,53.62,24.56,C
1600,53.62,25.29,C
1600,53.62,25.54,C
1600,53.62,26.79,C
1600,53.62,26.8,C
1600,53.62,27.03,C
1600,53.62,27.94,C
1600,53.62,28.01,C
1600,53.62,31.67,C
1600,53.62,70.59,C
1600,53.68,1.95,B
1600,53.68,3.47,C
1600,53.68,8.09,C
1600,53.68,8.25,C
1600,53.68,10.13,C
1600,53.68,12,C
1600,53.68,12.79,C
1600,53.68,17.18,B
1600,53.68,22.25,C
1600,53.68,23.52,C
1600,53.68,25.59,C
1600,53.68,25.71,C
1600,53.68,27.46,C
1600,53.68,28.16,C
1600,53.68,28.29,C
1600,53.68,29.04,C
1600,53.68,29.43,C
1600,53.71,,B
1600,53.71,4.47,B
1600,53.71,4.9,B
1600,53.71,10.17,B
1600,53.71,11.34,B
1600,53.71,14.56,B
1600,53.71,17.86,B
1600,53.71,30.36,B
1600,53.71,32.25,B
1600,53.72,1.9,C
1600,53.72,6.72,C
1600,53.72,6.77,C
1600,53.72,8.18,C
1600,53.72,9.28,C
1600,53.72,10,C
1600,53.72,12.62,C
1600,53.72,13.57,C
1600,53.72,14.25,C
1600,53.72,14.44,C
1600,53.72,15.63,C
1600,53.72,15.89,C
1600,53.72,16.29,C
1600,53.72,16.4,C
1600,53.72,18.26,C
1600,53.72,18.82,C
1600,53.72,19.22,C
1600,53.72,20.81,C
1600,53.72,22.44,C
1600,53.72,23.97,C
1600,53.72,26.73,C
1600,53.72,27.17,C
1600,53.72,27.56,C
1600,53.72,30.01,C
1600,53.72,32.04,C
1600,53.72,33.01,C
1600,53.75,9.16,C
1600,53.75,11.58,C
1600,53.75,12.22,C
1600,53.75,13.83,C
1600,53.75,16.83,C
1600,53.75,17.13,C
1600,53.75,18.15,C
1600,53.75,19.07,C
1600,53.75,20.06,C
1600,53.75,20.45,C
1600,53.75,21.6,C
1600,53.75,24.53,C
1600,53.75,24.64,C
1600,53.75,24.74,C
1600,53.75,25.52,C
1600,53.75,27.86,C
1600,53.75,29.88,C
1600,53.79,2.46,C
1600,53.82,12.14,C
1600,53.82,17.94,C
1600,53.9,7.1,C
1600,53.9,11,B
1600,53.9,11.11,B
1600,53.9,16.8,B
1600,53.91,2.08,C
1600,53.91,5.49,C
1600,53.91,5.6,C
1600,53.91,7.77,C
1600,53.91,8.09,B
1600,53.91,8.66,C
1600,53.91,10.67,C
1600,53.91,11.19,C
1600,53.91,12.25,C
1600,53.91,14.02,B
1600,53.91,15.34,C
1600,53.91,15.41,B
1600,53.91,15.41,C
1600,53.91,16.36,C
1600,53.91,17.63,B
1600,53.91,18.4,C
1600,53.91,18.57,C
1600,53.91,19.37,C
1600,53.91,19.63,C
1600,53.91,21.02,C
1600,53.91,21.14,C
1600,53.91,22.16,C
1600,53.91,22.3,C
1600,53.91,23.25,C
1600,53.91,25.87,C
1600,53.91,28.09,C
1600,53.91,29.28,C
1600,53.91,29.52,C
1600,53.91,29.66,C
1600,53.91,32.72,B
1600,53.95,12.6,B
1600,53.96,4.46,C
1600,53.96,5.93,C
1600,53.96,8.96,C
1600,53.96,10.77,C
1600,53.96,11.11,C
1600,53.96,12.27,C
1600,53.96,14.05,C
1600,53.96,27.53,C
1600,54,5.5,B
1600,54,6.47,B
1600,54,9.74,B
1600,54,15.67,B
1600,54,18.99,C
1600,54,21.63,B
1600,54,23.33,B
1600,54.05,15.84,C
1600,54.05,16.46,C
1600,54.05,22.92,C
1600,54.05,24.22,C
1600,54.05,27.06,C
1600,54.09,13.4,C
1600,54.17,9.8,C
1600,54.17,11.31,C
1600,54.17,12.37,C
1600,54.17,14.83,C
1600,54.17,15.41,C
1600,54.17,15.98,C
1600,54.17,17.5,C
1600,54.17,19.84,C
1600,54.17,21.24,C
1600,54.17,22.74,C
1600,54.17,22.89,C
1600,54.17,24.79,C
1600,54.17,25.08,C
1600,54.17,25.47,C
1600,54.17,26.36,C
1600,54.17,27.49,C
1600,54.17,27.5,C
1600,54.17,28.55,C
1600,54.17,30.29,C
1600,54.17,30.75,C
1600,54.19,9.31,C
1600,54.19,11.89,C
1600,54.19,14.92,C
1600,54.19,15.06,C
1600,54.19,16.8,C
1600,54.19,18.33,C
1600,54.19,19.58,C
1600,54.19,30.7,C
1600,54.26,10.48,C
1600,54.26,10.94,C
1600,54.26,20.55,C
1600,54.26,25.18,C
1600,54.26,28.12,C
1600,54.28,6.72,C
1600,54.29,4.66,C
1600,54.29,6.86,C
1600,54.29,7.53,C
1600,54.29,8.04,C
1600,54.29,8.06,C
1600,54.29,8.69,C
1600,54.29,9.67,C
1600,54.29,10.25,C
1600,54.29,12.1,C
1600,54.29,12.36,C
1600,54.29,13.88,C
1600,54.29,14.44,C
1600,54.29,15.17,C
1600,54.29,15.45,C
1600,54.29,15.74,C
1600,54.29,16.89,C
1600,54.29,17.96,C
1600,54.29,18.11,C
1600,54.29,18.49,C
1600,54.29,18.83,C
1600,54.29,19.14,C
1600,54.29,19.76,C
1600,54.29,19.79,C
1600,54.29,20.48,C
1600,54.29,20.75,C
1600,54.29,21.33,C
1600,54.29,21.98,C
1600,54.29,22.09,C
1600,54.29,22.52,C
1600,54.29,23.46,C
1600,54.29,23.61,C
1600,54.29,25.22,C
1600,54.29,25.38,C
1600,54.29,25.63,C
1600,54.29,27.07,C
1600,54.29,27.44,C
1600,54.29,27.91,C
1600,54.29,28.4,C
1600,54.29,29.8,C
1600,54.29,33.44,C
1600,54.29,34.34,C
1600,54.32,22.85,B
1600,54.35,0.83,C
1600,54.35,4.18,C
1600,54.35,5.16,C
1600,54.35,9.64,C
1600,54.35,9.68,C
1600,54.35,13.85,C
1600,54.35,15.51,C
1600,54.35,16.07,C
1600,54.35,16.69,C
1600,54.35,18.7,C
1600,54.35,20.19,C
1600,54.35,21.46,C
1600,54.35,21.77,C
1600,54.35,22.58,C
1600,54.35,32.37,C
1600,54.36,11.55,C
1600,54.36,16.65,C
1600,54.36,43.6,C
1600,54.37,4.69,C
1600,54.37,5.38,C
1600,54.37,6.25,C
1600,54.37,7.46,C
1600,54.37,9.61,C
1600,54.37,10.38,C
1600,54.37,10.76,C
1600,54.37,14.14,C
1600,54.37,17.62,C
1600,54.37,18.7,C
1600,54.37,19.84,C
1600,54.37,20.93,C
1600,54.37,23.02,C
1600,54.37,23.37,C
1600,54.37,28.18,C
1600,54.37,31.39,C
1600,54.37,35.13,C
1600,54.37,35.95,C
1600,54.39,11.22,C
1600,54.42,11.81,C
1600,54.42,26.12,C
1600,54.43,2.62,C
1600,54.43,4.32,C
1600,54.43,4.38,C
1600,54.43,7.34,C
1600,54.43,10.03,C
1600,54.43,11.38,C
1600,54.43,11.53,C
1600,54.43,12.82,C
1600,54.43,14.06,C
1600,54.43,14.23,C
1600,54.43,14.97,C
1600,54.43,15.1,C
1600,54.43,15.29,C
1600,54.43,18.89,C
1600,54.43,18.91,C
1600,54.43,21.66,C
1600,54.43,21.72,B
1600,54.43,21.8,C
1600,54.43,22.18,C
1600,54.43,22.67,C
1600,54.43,25.26,C
1600,54.43,30.51,C
1600,54.43,30.78,C
1600,54.43,31.78,C
1600,54.43,32.2,C
1600,54.43,38.12,C
1600,54.44,0.52,C
1600,54.44,30.54,C
1600,54.47,20.86,C
1600,54.53,14.68,C
1600,54.57,20.15,C
1600,54.59,1.92,D
1600,54.62,17.65,C
1600,54.67,5.46,C
1600,54.67,5.99,C
1600,54.67,8.28,C
1600,54.67,8.94,C
1600,54.67,9.63,C
1600,54.67,14.22,C
1600,54.67,14.83,C
1600,54.67,17.63,C
1600,54.67,19.24,C
1600,54.68,1.64,C
1600,54.68,2.16,C
1600,54.68,4.5,C
1600,54.68,6.07,C
1600,54.68,7.09,C
1600,54.68,7.28,C
1600,54.68,8.02,C
1600,54.68,8.24,C
1600,54.68,9.01,C
1600,54.68,9.6,C
1600,54.68,9.95,C
1600,54.68,10.99,C
1600,54.68,11.19,C
1600,54.68,11.57,C
1600,54.68,11.7,C
1600,54.68,11.91,C
1600,54.68,11.94,C
1600,54.68,12.1,C
1600,54.68,12.27,C
1600,54.68,13.42,C
1600,54.68,15,C
1600,54.68,15.27,C
1600,54.68,15.4,C
1600,54.68,16.21,C
1600,54.68,17.18,C
1600,54.68,17.46,C
1600,54.68,17.52,C
1600,54.68,17.75,C
1600,54.68,18.7,C
1600,54.68,18.81,C
1600,54.68,18.84,C
1600,54.68,19.83,C
1600,54.68,20.89,C
1600,54.68,21.96,C
1600,54.68,22.45,C
1600,54.68,22.49,C
1600,54.68,23.35,C
1600,54.68,23.75,C
1600,54.68,23.84,C
1600,54.68,25.27,C
1600,54.68,26,C
1600,54.68,26.07,C
1600,54.68,27.1,C
1600,54.68,28.98,C
1600,54.68,29.13,C
1600,54.68,29.94,C
1600,54.68,30.6,C
1600,54.68,30.81,C
1600,54.68,31,C
1600,54.68,31.26,C
1600,54.68,31.74,C
1600,54.68,32.13,C
1600,54.68,32.27,C
1600,54.68,32.48,C
1600,54.68,33.38,C
1600,54.68,33.61,C
1600,54.68,34.7,C
1600,54.68,34.81,C
1600,54.68,34.84,C
1600,54.68,38.39,C
1600,54.71,1.96,C
1600,54.71,3.97,C
1600,54.71,5.1,C
1600,54.71,12.84,C
1600,54.71,14.11,C
1600,54.71,18.96,C
1600,54.71,28.6,C
1600,54.71,29.59,C
1600,54.74,2.88,C
1600,54.74,8.43,C
1600,54.74,18.05,C
1600,54.74,18.54,C
1600,54.74,20.19,C
1600,54.74,22.6,C
1600,54.75,2.52,C
1600,54.75,2.95,C
1600,54.75,3.96,C
1600,54.75,8.04,C
1600,54.75,8.82,C
1600,54.75,9.06,C
1600,54.75,10.69,C
1600,54.75,11.67,C
1600,54.75,12.06,C
1600,54.75,14.38,C
1600,54.75,15.44,C
1600,54.75,16.3,C
1600,54.75,17.78,C
1600,54.75,20.7,C
1600,54.75,23.4,C
1600,54.75,25.53,C
1600,54.75,25.96,C
1600,54.75,26.31,C
1600,54.75,26.76,C
1600,54.75,27.98,C
1600,54.75,33.34,C
1600,54.75,34.28,C
1600,54.76,18.17,D
1600,54.76,19.06,B
1600,54.76,19.75,B
1600,54.76,19.93,B
1600,54.81,16.55,C
1600,54.81,22.99,C
1600,54.89,16.15,C
1600,54.9,20.95,C
1600,54.92,7.23,C
1600,54.92,20.29,C
1600,54.92,27.42,C
1600,54.93,19.63,C
1600,54.93,21.16,C
1600,54.93,29.13,C
1600,54.93,29.36,C
1600,54.93,31.92,C
1600,54.93,36.79,C
1600,54.95,1.38,C
1600,54.95,15.89,C
1600,54.95,16.04,C
1600,54.95,18.38,C
1600,54.95,28.25,C
1600,54.95,34.44,C
1600,55.02,12.98,D
1600,55.02,19.14,D
1600,55.05,4.58,D
1600,55.05,5.74,C
1600,55.05,5.78,C
1600,55.05,15.66,C
1600,55.05,22.79,C
1600,55.05,22.91,C
1600,55.05,26.84,C
1600,55.06,5.98,C
1600,55.06,7.98,C
1600,55.06,12.96,C
1600,55.06,16.59,C
1600,55.06,17.62,C
1600,55.06,20.47,C
1600,55.06,21.34,C
1600,55.06,22.18,C
1600,55.06,23.12,C
1600,55.06,28.94,C
1600,55.06,29.81,C
1600,55.06,29.92,C
1600,55.07,8.73,C
1600,55.07,11.19,C
1600,55.07,11.82,C
1600,55.07,12.22,C
1600,55.07,13.6,C
1600,55.07,14.72,C
1600,55.07,15.09,C
1600,55.07,16.32,C
1600,55.07,19.69,C
1600,55.07,20.21,C
1600,55.07,21.31,C
1600,55.07,25.83,C
1600,55.07,28.83,C
1600,55.07,29.32,C
1600,55.07,30.29,C
1600,55.07,33.89,C
1600,55.09,23.99,C
1600,55.09,24.51,C
1600,55.09,26.75,C
1600,55.17,5,D
1600,55.19,6.17,C
1600,55.19,11.97,C
1600,55.19,20.54,C
1600,55.2,9.97,C
1600,55.2,11.19,C
1600,55.2,12.79,C
1600,55.2,15.26,C
1600,55.2,16.03,C
1600,55.2,16.53,C
1600,55.2,16.96,C
1600,55.2,19.18,C
1600,55.2,19.32,C
1600,55.2,20.8,C
1600,55.2,21.06,C
1600,55.2,25.66,C
1600,55.2,25.8,C
1600,55.2,26.01,C
1600,55.2,29.92,C
1600,55.2,30.15,C
1600,55.2,31.99,C
1600,55.2,34.1,C
1600,55.26,18.12,D
1600,55.31,13.74,C
1600,55.34,7.92,D
1600,55.35,17.16,C
1600,55.35,20.15,C
1600,55.35,35.85,C
1600,55.35,37.5,C
1600,55.44,6.42,D
1600,55.45,19.42,C
1600,55.45,22.66,C
1600,55.46,3.08,C
1600,55.46,7.13,C
1600,55.46,7.3,C
1600,55.46,8.2,C
1600,55.46,11.8,C
1600,55.46,12.38,C
1600,55.46,13.12,C
1600,55.46,13.94,C
1600,55.46,14.53,C
1600,55.46,15.66,C
1600,55.46,16.35,C
1600,55.46,16.82,C
1600,55.46,17.04,C
1600,55.46,17.75,C
1600,55.46,17.81,C
1600,55.46,18.36,C
1600,55.46,18.7,C
1600,55.46,20.56,C
1600,55.46,21.4,C
1600,55.46,21.54,C
1600,55.46,21.6,C
1600,55.46,25.17,C
1600,55.46,27.33,C
1600,55.46,28.32,C
1600,55.46,31.16,C
1600,55.46,31.87,C
1600,55.46,34.75,C
1600,55.46,35.6,C
1600,55.49,4.75,C
1600,55.49,5.75,C
1600,55.49,10.05,C
1600,55.49,10.33,C
1600,55.49,10.45,C
1600,55.49,10.69,C
1600,55.49,14.67,C
1600,55.49,15.33,C
1600,55.49,15.67,C
1600,55.49,17.32,C
1600,55.49,18.04,C
1600,55.49,26.71,C
1600,55.49,28.77,C
1600,55.49,31.73,C
1600,55.49,35.62,C
1600,55.49,35.76,C
1600,55.49,38.62,C
1600,55.49,426.4,C
1600,55.5,3.17,C
1600,55.5,4.73,C
1600,55.5,12.2,C
1600,55.5,13.77,C
1600,55.5,21.92,C
1600,55.5,34.57,C
1600,55.5,42.42,C
1600,55.51,2.73,C
1600,55.51,6.76,C
1600,55.51,7.7,C
1600,55.51,7.97,C
1600,55.51,10.06,C
1600,55.51,10.08,C
1600,55.51,10.77,C
1600,55.51,11.12,C
1600,55.51,12.97,C
1600,55.51,13.11,C
1600,55.51,13.13,C
1600,55.51,13.53,C
1600,55.51,13.62,C
1600,55.51,14.15,D
1600,55.51,15.14,C
1600,55.51,15.45,C
1600,55.51,15.64,C
1600,55.51,15.75,C
1600,55.51,19.35,C
1600,55.51,20.83,C
1600,55.51,22.26,C
1600,55.51,22.35,C
1600,55.51,23.5,C
1600,55.51,26.14,C
1600,55.51,26.7,C
1600,55.51,27.46,C
1600,55.51,27.75,C
1600,55.51,28.75,C
1600,55.51,37.48,C
1600,55.51,65.78,C
1600,55.55,9.84,C
1600,55.63,15.77,D
1600,55.64,10.65,C
1600,55.64,11.89,C
1600,55.64,17.4,C
1600,55.65,17.49,C
1600,55.71,4.48,C
1600,55.71,11.3,C
1600,55.71,12.86,C
1600,55.71,13.48,C
1600,55.71,14.16,C
1600,55.71,16.64,C
1600,55.71,17.46,C
1600,55.71,19.8,C
1600,55.71,23.53,C
1600,55.71,24.33,C
1600,55.71,33.67,C
1600,55.71,34.53,C
1600,55.71,36.1,C
1600,55.71,36.8,C
1600,55.79,13.26,D
1600,55.79,26.31,D
1600,55.79,31.75,D
1600,55.79,39.17,D
1600,55.85,0.97,C
1600,55.85,14.66,C
1600,55.85,25.09,C
1600,55.85,39.43,C
1600,55.93,4.31,C
1600,55.93,9.96,C
1600,55.93,10.97,C
1600,55.93,11.85,C
1600,55.93,16.26,C
1600,55.93,17.61,C
1600,55.93,20.15,C
1600,55.93,21.56,C
1600,55.93,23.9,D
1600,55.93,25.93,D
1600,55.93,26,D
1600,55.93,26.18,C
1600,55.93,29.02,C
1600,55.93,34,C
1600,55.95,1.76,D
1600,55.95,5.92,D
1600,55.95,9.03,D
1600,55.95,9.19,D
1600,55.95,11.55,D
1600,55.95,12.55,D
1600,55.95,13.38,D
1600,55.95,14.3,D
1600,55.95,14.49,D
1600,55.95,15.23,D
1600,55.95,15.58,D
1600,55.95,16.48,D
1600,55.95,17.41,D
1600,55.95,17.69,D
1600,55.95,17.71,C
1600,55.95,17.9,D
1600,55.95,18.28,D
1600,55.95,18.52,D
1600,55.95,21.21,D
1600,55.95,22.31,D
1600,55.95,22.88,D
1600,55.95,23.01,D
1600,55.95,23.92,D
1600,55.95,24.7,D
1600,55.95,25.2,C
1600,55.95,26.23,D
1600,55.95,27.36,D
1600,55.95,28.43,D
1600,55.95,29.24,D
1600,55.95,31.65,C
1600,55.95,32.78,D
1600,55.95,34.35,D
1600,55.95,35.12,D
1600,55.95,36.84,D
1600,55.96,12.69,D
1600,56.07,8.41,D
1600,56.07,18.4,D
1600,56.1,5.86,C
1600,56.1,9.69,C
1600,56.1,12.52,C
1600,56.11,9.83,C
1600,56.16,5.19,C
1600,56.22,6.15,C
1600,56.25,9.88,C
1600,56.25,13.11,C
1600,56.25,14.96,C
1600,56.25,15.74,C
1600,56.25,17.32,C
1600,56.25,17.54,C
1600,56.25,18.46,C
1600,56.25,19.62,C
1600,56.25,21.54,D
1600,56.25,21.68,C
1600,56.25,24.01,C
1600,56.25,25.39,C
1600,56.25,27.17,C
1600,56.25,27.63,D
1600,56.25,28.41,D
1600,56.25,28.65,C
1600,56.25,33,C
1600,56.25,33.41,C
1600,56.25,34.39,C
1600,56.25,34.61,C
1600,56.25,35.12,D
1600,56.26,10.35,C
1600,56.26,13.09,C
1600,56.26,16.57,C
1600,56.26,16.93,C
1600,56.26,19.76,C
1600,56.26,21.92,C
1600,56.27,2.14,C
1600,56.27,2.88,C
1600,56.27,3.46,C
1600,56.27,7.72,C
1600,56.27,8.64,C
1600,56.27,8.71,C
1600,56.27,12.21,C
1600,56.27,13.86,C
1600,56.27,14.09,C
1600,56.27,14.18,C
1600,56.27,14.47,C
1600,56.27,15.64,C
1600,56.27,15.8,C
1600,56.27,16.2,C
1600,56.27,16.5,C
1600,56.27,16.69,C
1600,56.27,17.12,C
1600,56.27,17.47,C
1600,56.27,17.49,C
1600,56.27,17.79,C
1600,56.27,18.4,C
1600,56.27,19.05,C
1600,56.27,19.55,C
1600,56.27,20.4,C
1600,56.27,22.29,C
1600,56.27,22.66,C
1600,56.27,23.13,C
1600,56.27,25.01,C
1600,56.27,26.07,C
1600,56.27,27.19,C
1600,56.27,27.9,C
1600,56.27,28.03,C
1600,56.27,29.1,C
1600,56.27,29.45,C
1600,56.27,29.72,C
1600,56.27,29.87,C
1600,56.27,31.16,C
1600,56.27,32.76,C
1600,56.27,33.82,C
1600,56.27,37.28,C
1600,56.27,45.73,C
1600,56.37,3.26,C
1600,56.37,5.16,C
1600,56.37,9.55,C
1600,56.37,13.6,C
1600,56.37,14.37,C
1600,56.37,16.13,C
1600,56.37,16.91,C
1600,56.37,21.99,C
1600,56.37,23.04,C
1600,56.37,23.77,C
1600,56.37,23.88,C
1600,56.37,24.02,C
1600,56.37,25.7,C
1600,56.37,28.84,C
1600,56.37,34.54,C
1600,56.37,41.7,C
1600,56.37,114.4,C
1600,56.41,4.43,C
1600,56.41,19.66,C
1600,56.45,17.83,C
1600,56.49,4.71,D
1600,56.49,5.68,D
1600,56.49,7.8,C
1600,56.49,12.43,D
1600,56.49,14.16,D
1600,56.49,15.02,C
1600,56.49,16.74,D
1600,56.49,16.84,D
1600,56.49,17.01,C
1600,56.49,17.58,D
1600,56.49,17.93,C
1600,56.49,17.97,D
1600,56.49,18.19,D
1600,56.49,21.85,D
1600,56.49,22.33,D
1600,56.49,22.4,C
1600,56.49,24.8,D
1600,56.49,24.82,D
1600,56.49,26.59,C
1600,56.49,27.13,D
1600,56.49,32.01,D
1600,56.49,33.58,D
1600,56.49,36,D
1600,56.62,1.23,C
1600,56.62,16.44,C
1600,56.62,18.36,C
1600,56.62,19.69,C
1600,56.62,27.92,C
1600,56.62,32.58,C
1600,56.64,10.33,D
1600,56.64,17.2,D
1600,56.64,25.97,D
1600,56.69,6.39,D
1600,56.69,12.5,D
1600,56.69,12.61,D
1600,56.69,14.07,D
1600,56.69,16.67,D
1600,56.69,16.73,D
1600,56.69,19.66,D
1600,56.69,21,D
1600,56.69,22.07,D
1600,56.69,22.64,D
1600,56.69,23.06,D
1600,56.69,23.81,D
1600,56.69,25.81,D
1600,56.69,26.12,D
1600,56.69,27,D
1600,56.69,27.98,D
1600,56.69,29.06,D
1600,56.69,30.05,D
1600,56.69,31.42,D
1600,56.69,31.93,D
1600,56.69,36.28,D
1600,56.69,38.99,D
1600,56.69,39.38,D
1600,56.72,7.95,D
1600,56.72,19.13,D
1600,56.72,20.86,D
1600,56.72,28.24,D
1600,56.72,31.01,D
1600,56.72,34.42,D
1600,56.8,19.9,E
1600,56.87,9.65,C
1600,56.87,21.74,C
1600,56.87,22.43,D
1600,56.96,10.52,D
1600,56.98,1.44,C
1600,56.98,3.28,C
1600,56.98,3.88,C
1600,56.98,4.77,C
1600,56.98,6.24,C
1600,56.98,7.37,C
1600,56.98,8.2,C
1600,56.98,10,C
1600,56.98,16.85,C
1600,56.98,17.85,C
1600,56.98,21.31,C
1600,56.98,21.68,C
1600,56.98,24.63,C
1600,56.98,25.73,C
1600,56.98,26.96,C
1600,56.98,29.01,C
1600,57.04,0.84,D
1600,57.04,5,D
1600,57.04,5.05,D
1600,57.04,9.23,D
1600,57.04,11.4,D
1600,57.04,12.38,D
1600,57.04,12.65,D
1600,57.04,13.96,D
1600,57.04,14.81,D
1600,57.04,16.02,D
1600,57.04,17.14,D
1600,57.04,17.3,D
1600,57.04,17.87,D
1600,57.04,17.95,D
1600,57.04,18.25,D
1600,57.04,18.52,D
1600,57.04,19.17,D
1600,57.04,19.61,D
1600,57.04,20.61,D
1600,57.04,21.78,D
1600,57.04,21.92,D
1600,57.04,22.92,D
1600,57.04,23.44,D
1600,57.04,23.52,D
1600,57.04,24.15,D
1600,57.04,24.62,D
1600,57.04,25.14,D
1600,57.04,26.62,D
1600,57.04,27.42,D
1600,57.04,27.62,D
1600,57.04,28.89,D
1600,57.04,29.56,D
1600,57.04,30.47,D
1600,57.04,31.95,D
1600,57.04,32.52,D
1600,57.04,33.06,D
1600,57.04,33.25,D
1600,57.04,39.52,D
1600,57.12,1.18,D
1600,57.12,7.49,D
1600,57.12,8.95,D
1600,57.12,9.75,D
1600,57.12,12.15,D
1600,57.12,12.78,D
1600,57.12,13.81,D
1600,57.12,13.98,D
1600,57.12,14.78,D
1600,57.12,16.99,D
1600,57.12,18.4,D
1600,57.12,18.85,D
1600,57.12,19.17,D
1600,57.12,19.72,D
1600,57.12,21,D
1600,57.12,24.37,D
1600,57.12,25.22,D
1600,57.12,33.87,D
1600,57.13,12.1,C
1600,57.13,19.86,C
1600,57.13,27.85,C
1600,57.16,30.84,D
1600,57.2,12.48,E
1600,57.26,12.74,C
1600,57.26,13.27,C
1600,57.26,13.56,D
1600,57.26,18,D
1600,57.26,19.7,D
1600,57.26,21.04,C
1600,57.26,26.05,C
1600,57.26,26.37,C
1600,57.26,30.23,D
1600,57.26,36.68,D
1600,57.26,42.33,D
1600,57.42,5.44,D
1600,57.42,14.32,D
1600,57.42,18.11,D
1600,57.42,18.12,D
1600,57.42,21.68,D
1600,57.42,27.89,D
1600,57.42,30.08,D
1600,57.42,35.2,D
1600,57.44,21,D
1600,57.5,2.89,D
1600,57.5,3.46,D
1600,57.5,10.15,D
1600,57.5,11.15,D
1600,57.5,11.69,D
1600,57.5,12.31,D
1600,57.5,15.8,D
1600,57.5,16.23,D
1600,57.5,17.88,D
1600,57.5,18.18,D
1600,57.5,19.18,D
1600,57.5,20.38,D
1600,57.5,21.73,D
1600,57.5,21.9,D
1600,57.5,23.11,D
1600,57.5,25.15,D
1600,57.5,25.54,D
1600,57.5,25.74,D
1600,57.5,25.99,D
1600,57.5,26.49,D
1600,57.5,27.34,D
1600,57.5,27.43,D
1600,57.5,28.53,D
1600,57.5,33.29,D
1600,57.5,34.93,D
1600,57.5,35.88,D
1600,57.5,36.58,D
1600,57.66,6.44,D
1600,57.66,13.98,D
1600,57.66,18.41,D
1600,57.66,21.83,D
1600,57.66,23.76,D
1600,57.66,26.22,D
1600,57.66,30.45,D
1600,57.66,30.92,D
1600,57.74,5.23,D
1600,57.74,13.68,D
1600,57.74,17.87,D
1600,57.74,20.57,D
1600,57.74,21.5,D
1600,57.74,21.58,D
1600,57.74,29.11,D
1600,57.74,33.53,D
1600,57.74,34.01,D
1600,57.74,38.83,D
1600,57.82,4.68,D
1600,57.82,7.27,D
1600,57.82,9.41,D
1600,57.82,11.92,D
1600,57.82,13.81,D
1600,57.82,13.95,D
1600,57.82,16.89,D
1600,57.82,17.85,D
1600,57.82,25.32,D
1600,57.82,29.56,D
1600,57.82,31.09,D
1600,57.82,32.75,D
1600,57.82,34.13,D
1600,57.84,3.88,D
1600,57.84,3.98,D
1600,57.84,9.65,D
1600,57.84,13.53,D
1600,57.84,15.62,D
1600,57.84,17.25,D
1600,57.84,18.88,D
1600,57.84,20.83,D
1600,57.84,21.56,D
1600,57.84,21.59,D
1600,57.84,24.96,D
1600,57.84,27.68,D
1600,57.84,28.9,D
1600,57.84,31.12,D
1600,57.84,34.57,D
1600,57.9,6.45,D
1600,57.9,15.72,D
1600,57.9,18.15,D
1600,57.9,18.48,D
1600,57.9,19.05,D
1600,57.9,20.34,D
1600,57.9,21.09,D
1600,57.9,21.42,D
1600,57.9,23.73,D
1600,57.9,24.63,D
1600,57.9,24.8,D
1600,57.9,25.12,D
1600,57.9,25.64,D
1600,57.9,29.41,D
1600,57.9,29.82,D
1600,57.9,30.37,D
1600,57.9,34.43,D
1600,57.9,34.46,D
1600,57.9,35.16,D
1600,57.9,41.74,D
1600,58.04,21.6,D
1600,58.04,26.3,D
1600,58.04,36.51,D
1600,58.04,39.51,D
1600,58.05,7.6,D
1600,58.05,10.25,D
1600,58.05,11.15,D
1600,58.05,14.87,D
1600,58.05,16.82,D
1600,58.05,17.85,D
1600,58.05,18.96,D
1600,58.05,19.77,D
1600,58.05,21.68,D
1600,58.05,22.29,E
1600,58.05,22.92,D
1600,58.05,23.2,D
1600,58.05,24.4,D
1600,58.05,25.32,E
1600,58.05,30.16,D
1600,58.05,32.91,D
1600,58.05,37.02,D
1600,58.21,12.94,D
1600,58.21,13.89,D
1600,58.21,14.19,D
1600,58.21,16.35,D
1600,58.21,32.44,D
1600,58.21,34.77,D
1600,58.24,17.3,D
1600,58.24,17.65,D
1600,58.24,19.1,D
1600,58.24,27.78,E
1600,58.24,34.84,D
1600,58.24,37.11,D
1600,58.28,11.04,E
1600,58.29,7.31,D
1600,58.29,22.15,D
1600,58.29,24.9,E
1600,58.29,39.2,E
1600,58.34,28.29,G
1600,58.45,1.15,D
1600,58.45,2.26,D
1600,58.45,3.9,D
1600,58.45,10.52,D
1600,58.45,12.92,D
1600,58.45,16.16,D
1600,58.45,20.04,D
1600,58.45,24,D
1600,58.45,32.98,D
1600,58.53,26.43,D
1600,58.59,15.79,D
1600,58.59,22.17,D
1600,58.61,2.73,D
1600,58.61,8.89,D
1600,58.61,10.6,D
1600,58.61,10.67,D
1600,58.61,11.02,D
1600,58.61,12.3,D
1600,58.61,15.3,D
1600,58.61,15.52,D
1600,58.61,16.2,D
1600,58.61,20.66,D
1600,58.61,20.79,D
1600,58.61,21.8,D
1600,58.61,24.61,D
1600,58.61,29.01,D
1600,58.61,33.2,D
1600,58.61,37.87,D
1600,58.61,49.12,D
1600,58.65,9.56,E
1600,58.65,9.95,E
1600,58.65,10.38,D
1600,58.65,11.26,D
1600,58.65,11.67,E
1600,58.65,11.78,E
1600,58.65,12.37,D
1600,58.65,12.84,D
1600,58.65,13.82,E
1600,58.65,14.62,D
1600,58.65,17.08,D
1600,58.65,21.76,D
1600,58.65,23.87,D
1600,58.65,23.98,E
1600,58.65,24.05,D
1600,58.65,24.22,D
1600,58.65,24.39,D
1600,58.65,27.84,D
1600,58.65,31.52,D
1600,58.65,31.85,D
1600,58.65,33.31,D
1600,58.65,38.95,D
1600,58.68,3.27,D
1600,58.68,3.54,D
1600,58.68,3.95,D
1600,58.68,8.29,D
1600,58.68,9,D
1600,58.68,9.09,D
1600,58.68,9.13,D
1600,58.68,9.38,D
1600,58.68,9.72,D
1600,58.68,10.15,D
1600,58.68,11.88,D
1600,58.68,12.23,D
1600,58.68,13.41,D
1600,58.68,15.28,D
1600,58.68,16.31,D
1600,58.68,17.32,D
1600,58.68,18.85,D
1600,58.68,23.71,D
1600,58.68,29.6,D
1600,58.68,29.71,D
1600,58.68,36.01,D
1600,58.7,7.48,D
1600,58.7,19.44,D
1600,58.78,14.6,G
1600,58.82,10.56,D
1600,58.82,10.66,D
1600,58.82,30.05,D
1600,58.83,13.69,D
1600,58.85,22.73,E
1600,58.99,2.95,D
1600,58.99,4.07,D
1600,58.99,7.14,D
1600,58.99,10.04,D
1600,58.99,17.05,D
1600,58.99,24.03,D
1600,58.99,32.25,D
1600,59.04,14.1,D
1600,59.04,19.07,D
1600,59.08,10.46,D
1600,59.08,10.81,E
1600,59.08,11.18,D
1600,59.08,12.7,E
1600,59.08,13.57,D
1600,59.08,13.71,D
1600,59.08,23.17,E
1600,59.08,28.77,D
1600,59.24,10.4,D
1600,59.24,14.64,D
1600,59.24,16.3,D
1600,59.4,5.78,D
1600,59.4,7.39,D
1600,59.4,9.77,D
1600,59.4,13.67,D
1600,59.4,16.35,D
1600,59.4,17.18,D
1600,59.4,18.81,D
1600,59.4,22.75,D
1600,59.4,23.37,D
1600,59.4,25.16,D
1600,59.4,27.11,D
1600,59.4,28.56,D
1600,59.4,31.35,D
1600,59.4,35.32,D
1600,59.44,14.91,D
1600,59.46,3.74,D
1600,59.46,3.86,D
1600,59.46,7.47,D
1600,59.46,19.96,E
1600,59.46,20.37,D
1600,59.46,21.69,E
1600,59.46,24.63,D
1600,59.46,25.21,E
1600,59.46,25.29,E
1600,59.46,26.68,D
1600,59.46,27.7,D
1600,59.46,29.76,E
1600,59.47,9.64,D
1600,59.47,13.54,D
1600,59.47,14.13,D
1600,59.47,15.18,D
1600,59.47,19.93,D
1600,59.47,20.31,D
1600,59.47,21.2,D
1600,59.47,21.75,D
1600,59.47,21.92,D
1600,59.47,23.13,D
1600,59.47,24.05,D
1600,59.47,24.08,D
1600,59.47,26.58,D
1600,59.47,26.6,D
1600,59.47,26.64,D
1600,59.63,18.42,E
1600,59.63,22.26,E
1600,59.63,24.66,D
1600,59.63,31.31,E
1600,59.72,7.56,D
1600,59.79,12.95,D
1600,59.79,19.68,D
1600,59.79,26.3,D
1600,59.87,14.55,E
1600,59.87,34.75,E
1600,59.88,11.6,E
1600,59.88,15.67,E
1600,60.08,37.14,E
1600,60.08,40.39,E
1600,60.19,5.83,D
1600,60.19,7.72,D
1600,60.19,9.3,D
1600,60.19,10.82,D
1600,60.19,12.68,D
1600,60.19,15.07,D
1600,60.19,18.96,D
1600,60.19,19.74,D
1600,60.19,25.12,D
1600,60.19,34.05,D
1600,60.19,34.24,D
1600,60.28,7.38,E
1600,60.28,16.76,E
1600,60.28,25.57,E
1600,60.28,34.97,E
1600,60.29,15.1,E
1600,60.29,15.46,E
1600,60.29,21.87,E
1600,60.29,23.03,E
1600,60.29,25.85,E
1600,60.43,23.54,E
1600,60.43,35.52,E
1600,60.66,1,D
1600,60.66,6.63,D
1600,60.66,8.05,D
1600,60.66,9.86,D
1600,60.66,13.91,D
1600,60.66,16.37,D
1600,60.66,18.78,D
1600,60.66,19.88,D
1600,60.66,22.91,D
1600,60.66,27.29,D
1600,60.66,28.67,D
1600,60.66,29.96,D
1600,60.66,47.13,D
1600,60.69,6.09,E
1600,60.69,8.4,D
1600,60.69,27.1,D
1600,60.69,32.31,D
1600,60.69,34.72,E
1600,60.78,3.54,E
1600,60.78,9.42,E
1600,60.78,15.12,E
1600,60.99,14.35,D
1600,60.99,16.51,D
1600,60.99,18.22,D
1600,60.99,24.18,D
1600,60.99,27.51,D
1600,61.08,39.6,E
1600,61.1,6.93,E
1600,61.1,10.67,F
1600,61.23,22.04,E
1600,61.4,2.52,D
1600,61.4,5.7,D
1600,61.4,13.29,D
1600,61.4,32.76,D
1600,61.4,34.38,D
1600,61.43,2.76,E
1600,61.43,16.09,E
1600,61.43,21.77,E
1600,61.43,28.62,E
1600,61.43,28.78,E
1600,61.72,20.77,E
1600,61.72,24.1,E
1600,61.72,25.2,E
1600,61.72,25.46,E
1600,61.72,31.16,E
1600,61.87,14.99,E
1600,61.87,26.28,E
1600,61.87,26.5,E
1600,61.87,28.8,E
1600,61.87,41.73,E
1600,61.87,53.8,E
1600,61.9,15.07,F
1600,62.21,33.05,E
1600,62.27,1,E
1600,62.27,1.73,E
1600,62.27,4.56,E
1600,62.27,5.44,E
1600,62.27,14.25,E
1600,62.27,14.92,E
1600,62.27,15.13,E
1600,62.27,16,E
1600,62.27,19,E
1600,62.27,23.88,E
1600,62.27,25.01,E
1600,62.27,25.25,E
1600,62.27,31.37,E
1600,62.27,34.8,E
1600,62.27,35.79,E
1600,62.27,49.66,E
1600,62.3,12.58,F
1600,62.3,22.77,F
1600,62.3,24.69,F
1600,62.53,9.9,F
1600,62.53,10.15,F
1600,62.53,20.23,F
1600,62.53,20.49,F
1600,62.53,23.42,F
1600,62.67,1.05,E
1600,62.67,20.27,E
1600,62.67,33.74,E
1600,62.68,11.24,E
1600,62.68,17.8,E
1600,62.68,18.77,E
1600,62.68,19.16,E
1600,62.68,23.68,E
1600,62.68,24.7,E
1600,62.77,8.48,E
1600,62.77,31.83,E
1600,63.09,1.22,E
1600,63.09,2.33,E
1600,63.09,5.87,E
1600,63.09,10.32,E
1600,63.09,11.69,E
1600,63.09,15.94,E
1600,63.09,19,E
1600,63.09,21.68,E
1600,63.09,31.5,E
1600,63.09,57.28,E
1600,63.19,4.23,E
1600,63.19,6.44,E
1600,63.19,29.46,E
1600,63.49,22.67,E
1600,63.49,22.86,E
1600,63.49,27.55,E
1600,63.49,34,E
1600,63.61,21.35,E
1600,63.71,16.27,F
1600,63.87,29.28,E
1600,63.91,17.6,E
1600,63.99,37.45,F
1600,64.3,38.15,G
1600,64.31,13.97,E
1600,64.32,10.26,E
1600,64.32,27.73,E
1600,64.32,34.65,E
1600,64.73,4.17,E
1600,64.73,10.34,E
1600,64.73,12.72,E
1600,64.73,13.2,E
1600,64.73,23.92,E
1600,64.73,26.01,E
1600,64.73,27.67,E
1600,64.73,31.28,E
1600,65.13,37.09,E
1600,65.56,22.65,E
1600,65.56,22.95,E
1600,65.56,35.98,E
1600,65.62,6.48,G
1600,66.81,25.89,F
1600,67.48,20.03,F
1600,67.48,27.7,F
1600,68.67,30.45,G
1625,48.49,16.78,G
1625,48.94,17.58,A
1625,49.97,7.35,A
1625,50.43,8.79,A
1625,50.44,27.88,A
1625,50.64,17.23,A
1625,52.55,2.6,B
1625,52.81,11.26,B
1625,53.14,2.61,B
1625,53.31,19.95,B
1625,53.31,30.67,B
1625,53.63,22.77,B
1625,54.36,9.63,B
1625,54.55,22.03,B
1625,54.59,10.96,C
1625,54.75,22.8,C
1625,55.02,14.68,C
1625,55.53,4.02,C
1625,55.53,18.42,C
1625,55.53,18.87,C
1625,55.54,32.01,C
1625,55.54,34.36,C
1625,55.92,31.12,C
1625,55.93,16.85,C
1625,55.93,31.96,C
1625,56.33,33.35,C
1625,56.38,21.16,C
1625,56.58,4.32,C
1625,56.81,21.59,C
1625,56.82,23.69,D
1625,56.97,13.31,C
1625,57.53,16.96,D
1625,57.61,21.71,D
1625,57.85,23.58,D
1625,57.93,8.16,D
1625,57.93,15.87,D
1625,58.16,24.13,D
1625,58.16,29.88,C
1625,58.4,0.42,D
1625,58.4,37.61,D
1625,58.64,26.05,D
1625,58.64,34.28,D
1625,58.73,8.97,D
1625,59.37,1.82,D
1625,59.37,24.16,D
1625,59.44,31.4,E
1625,59.56,3.71,E
1625,59.92,37.19,D
1625,60.16,11.78,D
1625,60.16,20.33,D
1625,60.4,20.02,D
1625,61.35,15.4,E
1625,61.6,27.37,D
1625,61.81,25.4,E
1625,62.44,4.01,E
1625,63.83,22.91,F
1625,64.49,1.06,E
1625,65.32,11.23,E
1625,67.83,26.64,F
1650,42.62,2.45,E
1650,49.69,2.27,A
1650,49.69,3,A
1650,49.69,8.93,A
1650,49.69,19.96,A
1650,50.25,9.49,A
1650,50.38,3.02,A
1650,50.55,7.59,A
1650,50.74,7.89,A
1650,50.87,3.46,A
1650,51.15,2.66,A
1650,51.22,5.54,A
1650,51.25,34.55,A
1650,51.38,6.6,A
1650,51.4,12.12,A
1650,51.59,5.06,A
1650,51.59,16.66,A
1650,51.59,18.21,A
1650,51.59,24.13,A
1650,51.63,14.67,A
1650,51.7,17.46,A
1650,51.77,10.16,A
1650,51.85,30.43,B
1650,52.06,15.88,A
1650,52.33,33.78,A
1650,52.6,16.94,B
1650,52.61,7,B
1650,52.85,26.21,B
1650,53.19,6.96,B
1650,53.19,27.57,B
1650,53.3,15.57,B
1650,53.31,12.55,B
1650,53.31,23.58,B
1650,53.36,8.44,B
1650,53.37,26.07,B
1650,53.57,16.61,B
1650,53.63,12.19,B
1650,53.63,25.12,B
1650,53.68,4.43,B
1650,53.85,20.6,B
1650,53.95,19.69,B
1650,53.95,33.6,B
1650,54.02,24.3,B
1650,54.02,26.11,B
1650,54.06,21.38,B
1650,54.41,13.55,B
1650,54.41,21.93,B
1650,54.41,22.77,B
1650,54.44,27.03,B
1650,54.45,21.84,B
1650,54.58,22.74,B
1650,54.65,27.65,B
1650,54.8,4.16,B
1650,54.8,28.86,B
1650,55.12,13.42,C
1650,55.2,17.84,B
1650,55.29,23.38,C
1650,55.29,25.1,C
1650,55.35,22.6,C
1650,55.39,11.29,B
1650,55.58,3.24,B
1650,55.59,16.91,B
1650,55.88,25.96,C
1650,55.99,19.51,C
1650,56.06,6,C
1650,56.07,20.94,C
1650,56.09,5.61,D
1650,56.46,18.78,C
1650,56.77,26.92,C
1650,56.78,9.7,C
1650,56.92,18.86,C
1650,57.19,8.67,C
1650,57.22,9.38,C
1650,57.22,9.48,C
1650,57.22,22.96,C
1650,57.24,3.87,C
1650,57.6,37.19,C
1650,57.68,2.95,D
1650,57.7,3.45,D
1650,57.7,15.8,D
1650,57.7,22.88,D
1650,58.03,16.63,C
1650,58.13,34.86,C
1650,59.54,16.72,D
1650,59.82,21.31,E
1650,60.48,13.72,D
1650,60.48,28.68,D
1650,60.48,32.4,D
1650,60.51,15.01,D
1650,61.26,7.06,D
1650,61.32,21.65,D
1650,61.32,22.93,D
1650,61.32,23.31,D
1650,61.96,49.78,E
1650,62.16,12.12,E
1650,62.55,4.33,D
1650,63.15,27.2,E
1650,63.32,5.55,D
1650,63.32,9.95,D
1650,64.73,20.5,F
1650,65.86,23.51,E
1650,66.33,17.55,E
1650,66.75,0.84,E
1650,66.75,9.78,E
1650,66.76,24.07,E
1675,36.52,18.91,B
1675,38.81,12.66,C
1675,50.45,6.86,A
1675,50.45,24.14,A
1675,50.98,11.28,A
1675,51.01,3.63,A
1675,51.02,9.88,A
1675,51.37,4.26,A
1675,51.37,16.07,A
1675,51.51,6.04,A
1675,51.66,16.45,A
1675,51.7,15.42,A
1675,51.78,10.96,A
1675,51.78,28.59,A
1675,51.89,5.84,A
1675,51.89,9.5,A
1675,51.89,16.44,A
1675,51.98,9.42,A
1675,51.99,2.75,A
1675,51.99,6.42,A
1675,52.02,15.68,A
1675,52.1,16.17,A
1675,52.1,28.01,A
1675,52.3,4.68,A
1675,52.37,29,A
1675,52.41,1.74,A
1675,52.41,27.17,A
1675,52.42,26.03,A
1675,52.47,17.92,A
1675,52.63,17.1,B
1675,52.68,10.55,B
1675,52.68,19.3,B
1675,52.68,19.91,B
1675,52.85,15.88,A
1675,53.01,22.01,B
1675,53.61,3.43,B
1675,53.61,10.45,B
1675,53.61,14.44,B
1675,53.65,28.09,B
1675,53.86,34.44,B
1675,54,4.62,B
1675,54,13.51,B
1675,54,19.33,B
1675,54,39.23,B
1675,54.02,17.33,B
1675,54.04,13.37,B
1675,54.04,19.58,B
1675,54.04,23.63,B
1675,54.04,37.36,B
1675,54.17,26.22,B
1675,54.31,5.99,B
1675,54.38,4.92,B
1675,54.38,16.21,B
1675,54.38,30.14,B
1675,54.44,14.73,B
1675,54.62,15.99,B
1675,54.64,12.35,B
1675,54.76,0.78,B
1675,54.83,19.15,B
1675,54.83,23.95,B
1675,54.93,4.81,B
1675,55.02,22.26,B
1675,55.15,20.26,B
1675,55.15,23.1,B
1675,55.17,21.75,C
1675,55.22,14.29,B
1675,55.22,21.94,B
1675,55.23,4.5,B
1675,55.23,19.38,B
1675,55.23,22.24,B
1675,55.23,27.15,B
1675,55.28,21.12,B
1675,55.38,8.43,B
1675,55.63,5.2,B
1675,55.63,10.2,B
1675,55.63,10.81,B
1675,55.63,15.72,B
1675,55.63,27.14,C
1675,55.87,6.46,C
1675,55.87,9.01,C
1675,55.87,16.45,C
1675,55.87,28.1,C
1675,55.87,31.69,C
1675,55.87,33.13,C
1675,56.14,8.69,C
1675,56.14,17,C
1675,56.23,7.34,C
1675,56.23,23.44,C
1675,56.23,24.01,C
1675,56.23,29.77,C
1675,56.43,9.56,C
1675,56.43,36.95,C
1675,56.53,7,B
1675,56.71,9.86,C
1675,56.71,19.93,C
1675,56.71,31.72,C
1675,56.84,6.58,C
1675,56.84,16.8,C
1675,56.84,22.4,C
1675,56.91,24.76,C
1675,56.92,2.18,C
1675,56.92,21.88,C
1675,56.92,27.81,C
1675,56.92,38.96,C
1675,56.98,26.06,C
1675,56.98,34.42,C
1675,57.24,6.67,C
1675,57.24,20.93,C
1675,57.24,26.06,C
1675,57.24,28.4,C
1675,57.32,23.53,C
1675,57.33,17.47,B
1675,57.4,17.47,E
1675,57.5,10.56,C
1675,57.52,29.85,C
1675,57.63,29.95,C
1675,57.64,10.62,C
1675,57.64,10.98,C
1675,57.64,34.25,C
1675,57.65,24.89,C
1675,57.65,28.34,C
1675,57.78,7.2,C
1675,57.95,7.63,C
1675,58.05,18.06,C
1675,58.06,1.8,C
1675,58.11,17.02,C
1675,58.11,26.83,C
1675,58.24,11.08,D
1675,58.32,9.68,C
1675,58.32,17.71,C
1675,58.32,18.93,C
1675,58.55,7.27,C
1675,58.55,13.43,C
1675,58.57,32.57,D
1675,58.7,3.47,D
1675,58.7,13.19,D
1675,58.88,26.78,C
1675,58.91,2.31,C
1675,58.91,12.78,C
1675,58.91,16.78,C
1675,59.06,32.96,C
1675,59.12,26.52,F
1675,59.13,6.12,C
1675,59.13,17.7,D
1675,59.35,32.65,D
1675,59.35,36.2,D
1675,59.54,2.42,C
1675,59.71,18.07,D
1675,59.71,22.78,D
1675,59.8,23.14,D
1675,59.8,36.43,D
1675,59.95,21.78,D
1675,60.12,20.1,D
1675,60.2,9.89,D
1675,60.2,11.45,D
1675,60.2,12.56,D
1675,60.2,15.74,D
1675,60.2,18.71,D
1675,60.2,38.53,D
1675,60.55,10.88,D
1675,60.55,12.58,D
1675,60.61,20.82,D
1675,60.76,3.76,D
1675,60.77,4.1,D
1675,61.27,4.28,E
1675,61.28,16.08,D
1675,61.35,26.07,D
1675,61.4,18.16,E
1675,61.4,22.69,E
1675,61.4,34.34,E
1675,61.43,26.23,D
1675,61.56,20.32,E
1675,62.19,15.34,D
1675,62.23,7.89,D
1675,62.25,20,E
1675,62.25,22.61,D
1675,62.68,25.57,E
1675,62.9,15.22,E
1675,63.1,12.84,E
1675,63.24,18.46,E
1675,63.24,23.98,E
1675,63.96,10.84,E
1675,64.1,18.34,E
1675,64.8,0.42,F
1675,65.22,28.18,F
1675,65.46,27.82,F
1675,65.61,29.49,E
1675,66.59,26.29,F
1675,67.11,3.98,F
1675,67.33,27.79,E
1675,67.77,0.84,E
1675,69.42,22.72,G
1675,69.91,30.15,F
1700,51.2,8.74,A
1700,51.2,9.96,A
1700,51.2,12.27,A
1700,51.2,14.44,A
1700,51.2,23.49,A
1700,51.2,26.17,A
1700,51.78,15.29,A
1700,51.81,12.93,A
1700,51.87,2.21,A
1700,52.2,22.4,A
1700,52.2,27.64,A
1700,52.24,11.8,A
1700,52.24,14.62,A
1700,52.24,25.99,A
1700,52.27,9.79,A
1700,52.27,12.37,A
1700,52.27,19.62,A
1700,52.27,23.06,A
1700,52.27,25.83,A
1700,52.28,11.13,A
1700,52.28,12.77,A
1700,52.28,31.67,A
1700,52.31,3.07,A
1700,52.36,8.67,A
1700,52.41,20.12,A
1700,52.41,22.73,A
1700,52.47,15.51,A
1700,52.49,5.2,A
1700,52.49,9.6,A
1700,52.49,16.48,A
1700,52.49,25.1,A
1700,52.55,19.65,A
1700,52.59,21.75,A
1700,52.66,22.71,A
1700,52.68,5.09,A
1700,52.76,6.93,A
1700,52.76,7.25,A
1700,52.76,18.71,A
1700,52.77,3.48,A
1700,52.77,6.54,A
1700,52.77,11.04,A
1700,52.77,11.87,A
1700,52.77,15.12,A
1700,52.77,16.99,A
1700,52.77,18.7,A
1700,52.77,23.07,A
1700,52.8,34.32,A
1700,52.88,19.34,A
1700,52.93,6.82,A
1700,52.93,11.6,A
1700,52.98,1.65,A
1700,53.15,22.53,A
1700,53.19,5.59,A
1700,53.19,6.99,A
1700,53.19,15.83,A
1700,53.19,17.17,A
1700,53.19,18.49,A
1700,53.19,26.32,A
1700,53.2,17.04,A
1700,53.2,22.65,A
1700,53.2,27,A
1700,53.25,2.85,A
1700,53.25,8.47,A
1700,53.25,11.11,A
1700,53.25,13.35,A
1700,53.25,19.27,A
1700,53.25,24,A
1700,53.25,27.98,A
1700,53.25,30.84,A
1700,53.25,31.92,A
1700,53.25,37.71,A
1700,53.27,12.12,A
1700,53.42,9.68,B
1700,53.42,14.22,B
1700,53.43,22.19,A
1700,53.47,7.67,B
1700,53.47,12.13,B
1700,53.47,78.8,B
1700,53.58,11.26,A
1700,53.58,13.01,B
1700,53.58,16.58,B
1700,53.58,25.52,B
1700,53.64,27.14,A
1700,53.64,30.44,A
1700,53.66,11.36,A
1700,53.66,12.23,A
1700,53.91,16.69,A
1700,53.99,10.9,A
1700,54.02,24.15,A
1700,54.19,19,B
1700,54.2,12.16,B
1700,54.2,16.98,B
1700,54.2,18.18,B
1700,54.2,20.54,B
1700,54.41,8.03,B
1700,54.41,14.4,B
1700,54.41,14.57,B
1700,54.41,15.09,B
1700,54.41,15.41,B
1700,54.41,16.61,B
1700,54.45,17.03,B
1700,54.45,18.61,B
1700,54.6,19.27,B
1700,54.66,26.82,B
1700,54.8,,B
1700,54.8,9.82,B
1700,54.8,11.66,B
1700,54.8,24.22,B
1700,54.8,28.31,B
1700,54.85,4,B
1700,54.85,18.57,B
1700,54.85,28.29,B
1700,54.92,4.24,B
1700,54.98,15.48,B
1700,55.16,21.31,B
1700,55.19,9.4,B
1700,55.19,38.29,B
1700,55.2,11.96,B
1700,55.2,13.36,B
1700,55.2,17.2,B
1700,55.2,17.89,B
1700,55.2,24.8,B
1700,55.24,24.76,B
1700,55.25,10.45,B
1700,55.25,13.52,B
1700,55.25,14.32,B
1700,55.25,19.29,B
1700,55.25,20.53,B
1700,55.25,29.38,B
1700,55.25,31.79,B
1700,55.31,21.63,B
1700,55.33,20.88,B
1700,55.37,5.92,B
1700,55.37,22.18,B
1700,55.46,1.67,B
1700,55.46,11.39,B
1700,55.46,15.32,B
1700,55.46,19.51,B
1700,55.46,21.1,B
1700,55.46,22.8,B
1700,55.58,27.99,B
1700,55.59,10.19,B
1700,55.59,10.31,B
1700,55.59,10.4,B
1700,55.59,12.73,B
1700,55.59,17.08,B
1700,55.59,17.6,B
1700,55.59,24.7,B
1700,55.59,27.67,B
1700,55.59,28.11,B
1700,55.59,36.43,B
1700,55.65,2.22,B
1700,55.65,14.65,B
1700,55.65,15.33,B
1700,55.65,16.39,B
1700,55.65,30.13,B
1700,55.71,24.29,B
1700,55.71,28.21,B
1700,55.75,11.47,B
1700,55.76,8.27,B
1700,55.77,10.01,B
1700,55.91,3.26,B
1700,55.98,14.35,B
1700,55.98,17.95,B
1700,55.98,23.21,B
1700,56.02,11.57,B
1700,56.02,17.03,B
1700,56.02,34.41,B
1700,56.04,10.05,B
1700,56.04,11.92,B
1700,56.04,14.01,B
1700,56.06,8.76,B
1700,56.06,14.14,B
1700,56.06,14.28,B
1700,56.06,24.03,B
1700,56.06,24.91,B
1700,56.06,30.56,B
1700,56.06,33.07,B
1700,56.09,6.92,B
1700,56.09,21.39,B
1700,56.09,23.08,B
1700,56.1,21.09,B
1700,56.45,13.98,B
1700,56.46,16.7,B
1700,56.46,18.34,B
1700,56.46,27.72,C
1700,56.46,31.2,B
1700,56.46,34.24,B
1700,56.51,13.97,C
1700,56.57,6.38,B
1700,56.57,14.04,B
1700,56.79,14.79,C
1700,56.87,18.56,B
1700,56.87,31.6,B
1700,56.95,21.09,C
1700,56.97,11.71,C
1700,56.97,14.5,C
1700,56.97,16.25,C
1700,56.97,19.08,C
1700,57.03,18.65,C
1700,57.03,21.12,C
1700,57.03,23.27,B
1700,57.03,24.27,C
1700,57.03,26.77,C
1700,57.03,33.67,C
1700,57.06,4.74,B
1700,57.06,18.36,B
1700,57.06,19.71,B
1700,57.06,20.84,B
1700,57.07,13.56,C
1700,57.07,20.78,C
1700,57.07,21.46,C
1700,57.07,30.19,C
1700,57.07,30.96,C
1700,57.11,13.94,C
1700,57.11,18.14,C
1700,57.11,22.27,C
1700,57.11,22.78,C
1700,57.27,33.3,B
1700,57.28,16.13,C
1700,57.41,10.11,C
1700,57.56,37.6,C
1700,57.65,14.28,C
1700,57.69,1.86,C
1700,57.69,8.14,C
1700,57.69,11.07,C
1700,57.69,12.76,C
1700,57.69,18.45,C
1700,57.69,20.3,C
1700,57.69,21.35,C
1700,57.69,22.43,C
1700,57.69,24.97,C
1700,57.69,29.5,C
1700,57.74,5,C
1700,57.74,7.98,C
1700,57.74,8.08,C
1700,57.74,14.59,C
1700,57.74,29.63,C
1700,57.77,4.81,C
1700,57.77,12.4,C
1700,57.83,1.06,C
1700,57.83,9.88,C
1700,57.83,20.35,C
1700,58.09,11.92,C
1700,58.1,2.04,C
1700,58.1,5.34,C
1700,58.1,13.28,C
1700,58.1,14.51,C
1700,58.1,20.67,C
1700,58.16,16.65,C
1700,58.17,4.42,C
1700,58.17,20.04,C
1700,58.17,23.53,C
1700,58.17,28.54,C
1700,58.18,4.82,B
1700,58.5,10.33,C
1700,58.5,11.56,C
1700,58.5,17.34,C
1700,58.51,20.64,C
1700,58.51,22.7,C
1700,58.54,3.81,C
1700,58.65,0.79,C
1700,58.65,17.01,C
1700,58.7,16.88,C
1700,58.7,19.35,C
1700,58.93,11.36,C
1700,58.93,28.16,C
1700,58.95,12.55,C
1700,58.95,12.77,C
1700,58.97,7.44,C
1700,58.97,15.48,C
1700,58.98,8.54,C
1700,58.98,36.78,C
1700,59.12,10.11,C
1700,59.13,10.62,C
1700,59.19,8.18,C
1700,59.19,10.72,C
1700,59.19,34.33,C
1700,59.28,14.95,D
1700,59.43,7.11,D
1700,59.43,27.2,C
1700,59.45,13.96,D
1700,59.45,14.05,C
1700,59.45,17.91,D
1700,59.45,19.58,D
1700,59.6,6.22,C
1700,59.6,10.76,C
1700,59.6,27.12,C
1700,59.76,6.85,C
1700,59.76,31.2,C
1700,59.78,21.6,C
1700,59.78,27.03,C
1700,59.79,19.03,C
1700,59.79,19.51,C
1700,59.79,21.24,C
1700,59.79,28.43,C
1700,59.94,19.17,C
1700,60.02,17.51,D
1700,60.02,22,D
1700,60.02,26.07,C
1700,60.23,20.37,D
1700,60.42,19.14,D
1700,60.54,12.29,C
1700,60.54,16.92,C
1700,60.54,18.57,C
1700,60.61,17.82,D
1700,60.61,21.24,D
1700,60.61,26.05,D
1700,60.61,28.66,D
1700,60.61,30.18,D
1700,60.69,11.76,D
1700,60.69,36.66,D
1700,60.84,12.76,C
1700,60.84,38.9,D
1700,61.01,26.3,D
1700,61.09,34.46,D
1700,61.1,19.32,D
1700,61.1,19.41,D
1700,61.1,23.4,D
1700,61.27,3.74,D
1700,61.27,24.22,D
1700,61.34,32.17,D
1700,61.44,15.39,D
1700,61.44,25.86,D
1700,61.46,27.98,D
1700,61.52,4,D
1700,61.52,19.2,D
1700,61.68,21.5,D
1700,61.85,18.96,D
1700,62.18,34.77,E
1700,62.27,11.07,D
1700,62.27,20.02,D
1700,62.27,25.37,D
1700,62.31,12,D
1700,62.31,13.16,D
1700,62.31,21.6,D
1700,62.35,26.64,D
1700,62.48,34.88,E
1700,62.78,24.02,D
1700,62.94,19.48,D
1700,62.94,27.98,D
1700,63.17,4.9,D
1700,63.17,8.11,D
1700,63.17,12.07,D
1700,63.17,16.03,E
1700,63.96,5.51,D
1700,63.96,38.42,D
1700,64.04,19.05,E
1700,64.21,14.22,E
1700,64.45,22.38,D
1700,64.45,25,D
1700,64.45,28.25,D
1700,64.45,29.48,D
1700,64.48,21.33,D
1700,64.48,32.31,D
1700,64.8,7.39,D
1700,64.8,13.6,D
1700,65.33,33.58,E
1700,65.58,29.14,E
1700,65.58,34.36,E
1700,65.9,1.74,E
1700,66.17,8.07,E
1700,66.8,4.16,F
1700,67.59,36.82,F
1700,68.33,32,E
1700,69.02,25.91,F
1700,69.2,0,E
1700,72.16,0.81,F
1725,53.71,10.41,A
1725,54.78,25.12,A
1725,55.46,24.22,B
1725,55.93,14.38,B
1725,56.41,22.5,B
1725,56.84,22.76,B
1725,56.88,8.29,B
1725,56.91,6.07,B
1725,56.91,12.67,B
1725,57.4,28.2,B
1725,57.87,3.27,C
1725,57.91,16.7,C
1725,57.95,15.56,C
1725,58.67,27.8,C
1725,58.69,32.94,C
1725,58.95,26.18,C
1725,58.95,34.16,C
1725,59.37,29.6,C
1725,59.68,10.68,C
1725,60.3,34.2,C
1725,60.32,9.84,C
1725,60.32,26.75,D
1725,60.32,37.1,D
1725,61.74,26.69,D
1725,62.84,4.49,E
1725,62.84,17.63,D
1725,62.84,25.15,E
1725,63.23,34.55,E
1725,64.1,19.74,D
1725,64.1,21.47,D
1725,64.1,34.89,E
1725,66.55,9.83,E
1725,68.13,14.51,E
1725,68.44,39.27,E
1725,68.58,8.24,E
1725,69.33,26.21,E
1725,72.03,19.76,F
1750,35.39,12.72,A
1750,51.66,8.14,F
1750,52.71,11.23,A
1750,52.71,14.61,A
1750,52.71,21.91,A
1750,53.31,6.23,A
1750,53.67,0.25,A
1750,53.74,9.8,A
1750,53.85,7.48,A
1750,53.9,1.22,A
1750,54.03,9.57,A
1750,54.03,10.34,A
1750,54.06,16.13,A
1750,54.21,2.77,A
1750,54.21,19.4,A
1750,54.25,24.29,A
1750,54.32,5.76,A
1750,54.43,10.94,A
1750,54.43,19.53,A
1750,54.43,21.47,A
1750,54.45,20.76,A
1750,54.54,15.32,A
1750,54.59,10.2,A
1750,54.71,11.44,A
1750,54.75,2.73,A
1750,54.75,9.83,A
1750,54.75,12.96,A
1750,54.75,23.35,A
1750,54.76,14.74,A
1750,54.76,23.27,A
1750,54.99,19.25,B
1750,55.04,17.19,B
1750,55.22,8.01,A
1750,55.27,16.97,E
1750,55.39,32.66,B
1750,55.39,38.16,B
1750,55.57,14.83,A
1750,55.61,21.25,A
1750,55.78,24.98,B
1750,55.79,13.08,B
1750,55.79,13.76,B
1750,56.01,14.75,B
1750,56.01,18.36,B
1750,56.01,18.73,B
1750,56.01,21.94,B
1750,56.01,23.19,B
1750,56.05,18.99,B
1750,56.13,26.99,B
1750,56.41,24.41,B
1750,56.42,10.2,B
1750,56.42,16.14,B
1750,56.42,20.2,B
1750,56.46,17.4,B
1750,56.46,22.56,B
1750,56.46,23.45,B
1750,56.53,12.86,B
1750,56.6,9.67,B
1750,56.77,14.63,B
1750,56.81,27.41,B
1750,56.82,13.18,B
1750,56.82,17.01,B
1750,56.86,2.83,B
1750,56.86,10.4,B
1750,56.86,11.19,B
1750,56.86,23.31,B
1750,56.88,7.93,B
1750,56.88,14.95,B
1750,56.88,34.52,B
1750,57.01,21.28,B
1750,57.09,16.85,B
1750,57.22,7.53,B
1750,57.22,7.6,B
1750,57.22,16.73,B
1750,57.25,23.65,B
1750,57.29,2.78,B
1750,57.29,7.76,B
1750,57.29,19.65,B
1750,57.39,20.97,B
1750,57.41,8.02,B
1750,57.41,15.65,B
1750,57.41,32.09,B
1750,57.56,4.8,B
1750,57.62,20.05,B
1750,57.62,22.52,B
1750,57.66,16.1,B
1750,57.66,20.2,B
1750,57.66,26.7,B
1750,57.69,8.53,B
1750,57.69,11.28,B
1750,57.69,21.02,B
1750,57.7,10.75,B
1750,57.7,16.6,B
1750,57.7,27.42,B
1750,57.7,31.94,B
1750,57.7,32.12,B
1750,57.74,7.18,B
1750,57.74,31.7,B
1750,57.75,4.8,B
1750,57.75,13.27,B
1750,57.85,4.47,B
1750,57.85,22.86,B
1750,57.96,34.35,B
1750,57.99,22.44,B
1750,58.04,2.65,B
1750,58.12,5.8,B
1750,58.12,77.75,B
1750,58.23,7.21,B
1750,58.23,28.03,B
1750,58.23,29.26,B
1750,58.37,14.94,C
1750,58.37,28.06,C
1750,58.46,8.43,C
1750,58.54,0.98,B
1750,58.54,8.52,B
1750,58.7,16.8,C
1750,58.71,14.95,C
1750,58.75,13.87,C
1750,58.75,18.46,C
1750,58.95,8.67,B
1750,59.06,20.49,B
1750,59.06,24,B
1750,59.06,25.32,B
1750,59.16,11.01,C
1750,59.26,9.68,C
1750,59.38,6.66,C
1750,59.38,26.55,C
1750,59.38,31.06,C
1750,59.42,24.2,B
1750,59.44,17.76,C
1750,59.47,12.44,C
1750,59.47,29.96,C
1750,59.48,16.34,C
1750,59.48,22.29,C
1750,59.54,8.92,C
1750,59.54,28.72,C
1750,59.54,29.33,C
1750,59.81,17.7,C
1750,59.81,30.36,C
1750,59.81,32.78,C
1750,59.88,15.7,C
1750,59.89,1.9,B
1750,59.92,17.7,D
1750,59.95,17.49,C
1750,59.95,24.96,C
1750,60.08,25.64,C
1750,60.1,19.48,C
1750,60.22,13.37,C
1750,60.26,32,C
1750,60.36,14.66,C
1750,60.36,18.37,C
1750,60.43,14.76,C
1750,60.66,27.34,C
1750,60.69,17.83,C
1750,60.7,3.06,C
1750,60.71,15.84,D
1750,60.71,25.37,C
1750,60.71,32.73,C
1750,60.76,7.89,C
1750,60.93,22.72,D
1750,61.18,7.09,C
1750,61.18,23.44,C
1750,61.18,30.15,D
1750,61.19,14.52,D
1750,61.19,22.74,C
1750,61.19,31.89,D
1750,61.19,33.97,D
1750,61.27,24.89,D
1750,61.49,18.5,E
1750,61.65,14.28,C
1750,61.7,20.05,C
1750,61.78,4.9,C
1750,61.78,16.93,C
1750,61.78,17.64,C
1750,61.78,25.02,D
1750,61.78,32.38,D
1750,62.01,4.04,D
1750,62.01,20.38,D
1750,62.39,10.6,D
1750,62.39,15.13,D
1750,62.39,15.5,D
1750,62.48,32.27,D
1750,62.89,17.32,D
1750,62.89,26.52,D
1750,62.89,27.48,D
1750,62.89,31.33,D
1750,62.89,32.96,D
1750,63.15,7.01,D
1750,63.15,24.94,D
1750,63.15,26.83,D
1750,63.25,10.44,D
1750,63.25,15.6,D
1750,63.32,13.68,D
1750,63.49,18.31,E
1750,63.49,19.37,E
1750,63.49,24.8,D
1750,63.49,24.8,E
1750,63.7,17.48,D
1750,63.93,14.87,D
1750,64.1,25.82,D
1750,64.14,15.99,D
1750,64.37,6.22,E
1750,64.53,26.69,D
1750,64.79,22.25,D
1750,65.03,10.16,E
1750,65.03,27.84,D
1750,65.03,31.58,D
1750,65.04,8.33,D
1750,65.14,2.4,G
1750,65.49,31.51,E
1750,65.93,21.31,E
1750,66.07,2.4,E
1750,66.34,14.03,D
1750,66.38,30.97,D
1750,66.81,38.12,E
1750,67.16,13.79,D
1750,67.25,18.26,E
1750,67.66,24.77,E
1750,68.55,17.08,E
1750,68.74,31.27,F
1750,69.12,13.78,F
1750,69.12,24,F
1750,69.45,8.07,E
1750,69.58,16.06,F
1750,69.58,20.2,F
1750,69.58,21.44,F
1750,69.99,18.47,F
1750,70.74,30.95,E
1750,70.79,45.61,E
1750,70.8,10.41,E
1750,71.23,19.57,G
1775,53.5,11.84,D
1775,54.44,19.77,A
1775,54.67,6.68,A
1775,54.8,26.47,A
1775,54.87,15.26,A
1775,55.21,21.36,A
1775,55.55,15.03,A
1775,55.55,20.8,A
1775,57,23.78,B
1775,57.41,19.3,B
1775,58.53,5.65,B
1775,58.95,9.11,B
1775,59.06,31.85,B
1775,59.21,29.93,C
1775,59.29,11.25,C
1775,59.57,10.64,C
1775,60.23,7.47,C
1775,60.66,23.8,C
1775,61.23,24.64,C
1775,61.23,32.92,C
1775,61.89,11.62,D
1775,62.66,14.63,D
1775,62.66,27.49,D
1775,63.28,21.26,D
1775,63.28,23.24,D
1775,63.53,11.3,D
1775,63.53,14.12,D
1775,63.79,20.32,D
1775,63.97,27.38,D
1775,64.05,15.68,D
1775,64.15,28.43,D
1775,64.17,1.57,D
1775,64.23,20.82,D
1775,64.4,4.85,D
1775,64.4,14.16,E
1775,64.61,6.6,D
1775,65.1,2.64,D
1775,65.11,16.8,D
1775,65.27,30.95,D
1775,65.29,5.67,E
1775,65.45,19.01,D
1775,65.96,3.41,D
1775,65.96,14.43,D
1775,65.96,29.59,D
1775,65.96,32.89,D
1775,65.97,4.22,D
1775,66.15,26.41,D
1775,66.41,29.43,E
1775,67.04,28.6,E
1775,69.09,16.61,E
1775,71.35,117.14,E
1775,75.06,37.53,F
1800,38.24,26.2,B
1800,38.58,24.15,B
1800,39.58,16.44,B
1800,41.97,22.12,B
1800,42.14,20.9,C
1800,43.37,16.47,D
1800,45.64,4.3,E
1800,45.7,13.99,D
1800,46.69,26.21,E
1800,47.94,2.63,F
1800,48.85,13.28,E
1800,50.38,8.5,A
1800,50.85,13.23,E
1800,51.04,1.49,F
1800,52.63,18.03,D
1800,54.2,1.98,A
1800,54.2,3.28,A
1800,54.2,5.93,A
1800,54.2,10.85,A
1800,54.2,12.09,A
1800,54.2,12.43,A
1800,54.21,0.67,A
1800,54.21,1.62,A
1800,54.21,3.04,A
1800,54.21,3.44,A
1800,54.21,4.99,A
1800,54.21,6.17,A
1800,54.21,7.25,A
1800,54.21,7.84,A
1800,54.21,8.04,A
1800,54.21,8.08,A
1800,54.21,8.3,A
1800,54.21,8.97,A
1800,54.21,9.39,A
1800,54.21,10.67,A
1800,54.21,10.82,A
1800,54.21,11.18,A
1800,54.21,12.52,A
1800,54.21,13.01,A
1800,54.21,13.12,A
1800,54.21,13.99,A
1800,54.21,14.78,A
1800,54.21,15.3,A
1800,54.21,15.63,A
1800,54.21,16.18,A
1800,54.21,16.55,A
1800,54.21,18.26,A
1800,54.21,18.69,A
1800,54.21,19.76,A
1800,54.21,19.77,A
1800,54.21,19.93,A
1800,54.21,20.51,A
1800,54.21,22.11,A
1800,54.21,29.82,A
1800,54.29,1.97,A
1800,54.29,12.86,A
1800,54.29,18.75,A
1800,54.29,23.68,A
1800,54.76,5.88,A
1800,54.79,12.28,A
1800,54.79,13.24,A
1800,54.79,15.74,A
1800,54.79,20.29,A
1800,54.82,6.34,A
1800,54.82,10.45,A
1800,54.82,11.24,A
1800,54.82,12.58,A
1800,54.82,15.39,A
1800,54.82,16.38,A
1800,54.82,18.02,A
1800,54.82,19.2,A
1800,54.83,7.98,A
1800,54.83,8.95,A
1800,54.83,11.22,A
1800,54.83,12.19,A
1800,54.83,14.89,A
1800,54.83,19.79,A
1800,54.85,1.24,A
1800,54.85,1.39,A
1800,54.85,4.15,A
1800,54.85,12.1,A
1800,54.85,13.35,A
1800,54.85,15.18,A
1800,54.9,19.97,A
1800,54.92,0.23,A
1800,54.92,10.27,A
1800,54.92,20.71,A
1800,54.92,27.87,A
1800,54.96,13.04,A
1800,55.08,8.29,A
1800,55.08,9.07,A
1800,55.08,19.16,A
1800,55.14,3.33,A
1800,55.14,7.92,A
1800,55.14,16.79,A
1800,55.17,11.65,A
1800,55.17,11.88,A
1800,55.17,15.45,A
1800,55.17,19.39,A
1800,55.17,21.47,A
1800,55.17,23.43,A
1800,55.21,4.8,A
1800,55.27,2.32,A
1800,55.27,4.46,A
1800,55.27,5.12,A
1800,55.27,9.18,A
1800,55.27,16.56,A
1800,55.27,23.8,A
1800,55.27,25.93,A
1800,55.27,27.74,A
1800,55.31,1.81,A
1800,55.31,2.68,A
1800,55.31,8.53,A
1800,55.31,14.48,A
1800,55.31,14.92,A
1800,55.31,19.84,A
1800,55.32,6.58,A
1800,55.32,11,A
1800,55.35,3.29,A
1800,55.35,6.21,A
1800,55.35,11.57,A
1800,55.35,13.74,A
1800,55.35,15.71,A
1800,55.35,17.4,A
1800,55.35,18.56,A
1800,55.35,19.28,A
1800,55.35,19.52,A
1800,55.35,19.59,A
1800,55.35,22.1,A
1800,55.35,27.25,A
1800,55.35,37.47,A
1800,55.39,1.01,A
1800,55.39,6.05,A
1800,55.39,9.37,A
1800,55.44,8.8,A
1800,55.44,10.62,A
1800,55.44,14.56,A
1800,55.44,17.01,A
1800,55.44,25.47,A
1800,55.49,7.2,A
1800,55.49,12.43,A
1800,55.49,12.72,A
1800,55.49,25.71,A
1800,55.49,27.13,A
1800,55.52,6.42,A
1800,55.56,4.12,A
1800,55.56,7.14,A
1800,55.56,9.31,A
1800,55.56,24.19,A
1800,55.58,4.16,A
1800,55.58,8.14,A
1800,55.58,8.26,A
1800,55.58,10.68,A
1800,55.58,10.92,A
1800,55.58,11.73,A
1800,55.58,12.24,A
1800,55.58,12.67,A
1800,55.58,16.4,A
1800,55.58,16.87,A
1800,55.58,18,A
1800,55.58,24.51,A
1800,55.58,25.06,A
1800,55.6,1.56,A
1800,55.6,1.99,A
1800,55.6,14.84,A
1800,55.6,25.09,A
1800,55.64,3.65,A
1800,55.64,9.67,A
1800,55.64,12.29,A
1800,55.64,12.37,A
1800,55.64,16.33,A
1800,55.64,18.5,A
1800,55.64,21.01,A
1800,55.64,23.05,A
1800,55.68,14.09,A
1800,55.7,17.38,A
1800,55.76,2.31,A
1800,55.76,2.85,A
1800,55.76,3.06,A
1800,55.76,4.82,A
1800,55.76,7.04,A
1800,55.76,7.68,A
1800,55.76,7.72,A
1800,55.76,8.11,A
1800,55.76,8.86,A
1800,55.76,12,A
1800,55.76,14.01,A
1800,55.76,14.55,A
1800,55.76,15.1,A
1800,55.76,15.75,A
1800,55.76,18.19,A
1800,55.76,20.19,A
1800,55.76,20.53,A
1800,55.76,22.24,A
1800,55.76,29.07,A
1800,55.76,29.11,A
1800,55.78,3.93,A
1800,55.78,4.24,A
1800,55.78,7.59,A
1800,55.78,8.19,A
1800,55.78,15.27,A
1800,55.78,18.7,A
1800,55.78,18.98,A
1800,55.78,24.23,A
1800,55.78,27.37,A
1800,55.78,29.38,A
1800,55.8,6.44,A
1800,55.8,8.9,A
1800,55.8,10.79,A
1800,55.8,16.29,A
1800,55.8,21.12,A
1800,55.8,22.26,A
1800,55.8,25.62,A
1800,55.8,28.33,A
1800,55.86,12.72,A
1800,55.86,12.85,A
1800,55.86,13.38,A
1800,55.86,17.49,A
1800,55.86,19.17,A
1800,55.86,19.42,A
1800,55.86,20.06,A
1800,55.86,28.82,A
1800,55.86,32.52,A
1800,55.87,1.69,A
1800,55.87,3.89,A
1800,55.87,5.06,A
1800,55.87,8.04,A
1800,55.87,9.6,A
1800,55.87,11.68,A
1800,55.87,12.28,A
1800,55.87,13.62,A
1800,55.87,15.26,A
1800,55.87,16.39,A
1800,55.87,17.4,A
1800,55.87,18.13,A
1800,55.87,19.52,A
1800,55.87,20.59,A
1800,55.87,22.22,A
1800,55.87,22.43,A
1800,55.87,23,A
1800,55.87,23.22,A
1800,55.87,23.5,A
1800,55.87,26.01,A
1800,55.87,26.15,A
1800,55.87,26.71,A
1800,55.87,28.07,A
1800,55.87,28.23,A
1800,55.87,28.44,A
1800,55.87,30.47,A
1800,55.87,38.52,A
1800,55.89,7.25,A
1800,55.91,9.48,A
1800,55.91,13.35,A
1800,55.91,16.53,A
1800,55.91,19.84,A
1800,55.96,8.25,A
1800,55.96,21.27,A
1800,55.99,8.28,A
1800,55.99,8.84,A
1800,55.99,9.62,A
1800,55.99,11.3,A
1800,55.99,14.1,A
1800,55.99,18.68,A
1800,55.99,18.84,A
1800,55.99,19.89,A
1800,55.99,22.98,A
1800,55.99,23.2,A
1800,56,13.05,A
1800,56,15.37,A
1800,56,16.89,A
1800,56,26.92,A
1800,56,28.31,A
1800,56.05,19.92,A
1800,56.05,21.62,A
1800,56.07,2.06,A
1800,56.07,8.34,A
1800,56.07,10.66,A
1800,56.07,14.56,A
1800,56.07,14.87,A
1800,56.07,16.24,A
1800,56.07,18.92,A
1800,56.07,21.86,A
1800,56.07,28.88,A
1800,56.1,7.76,A
1800,56.1,11.05,A
1800,56.1,22.63,A
1800,56.1,22.73,A
1800,56.15,10.54,A
1800,56.15,19.44,A
1800,56.15,21.71,A
1800,56.2,1.46,A
1800,56.28,9.33,A
1800,56.28,12.67,A
1800,56.28,14.86,A
1800,56.28,28.25,A
1800,56.31,12.88,A
1800,56.32,0.86,A
1800,56.32,6.55,A
1800,56.32,6.92,A
1800,56.32,11.26,A
1800,56.32,13.01,A
1800,56.32,13.7,A
1800,56.32,14.72,A
1800,56.32,14.84,A
1800,56.32,17.6,A
1800,56.32,20.29,A
1800,56.32,20.97,A
1800,56.32,23.7,A
1800,56.32,27.55,A
1800,56.32,29.53,A
1800,56.32,33.2,A
1800,56.32,33.95,A
1800,56.33,6.7,A
1800,56.33,9.7,A
1800,56.33,14.71,A
1800,56.33,26.21,A
1800,56.34,17.36,A
1800,56.38,1.57,A
1800,56.38,4.51,A
1800,56.38,5.07,A
1800,56.38,8.27,A
1800,56.38,10.63,A
1800,56.38,10.83,A
1800,56.38,16.05,A
1800,56.38,18.39,A
1800,56.38,20.02,A
1800,56.38,21.68,A
1800,56.38,23.97,A
1800,56.38,28.11,A
1800,56.39,0.5,A
1800,56.39,1.54,A
1800,56.39,2.19,A
1800,56.39,3.92,A
1800,56.39,4.19,A
1800,56.39,4.89,A
1800,56.39,6.2,A
1800,56.39,6.76,A
1800,56.39,10.15,A
1800,56.39,12,A
1800,56.39,12.53,A
1800,56.39,13.29,A
1800,56.39,13.32,A
1800,56.39,13.98,A
1800,56.39,15.28,A
1800,56.39,15.75,A
1800,56.39,15.89,A
1800,56.39,15.9,A
1800,56.39,16.29,A
1800,56.39,16.3,A
1800,56.39,16.39,A
1800,56.39,18.13,A
1800,56.39,18.35,A
1800,56.39,19.5,A
1800,56.39,20.15,A
1800,56.39,20.46,A
1800,56.39,24.06,A
1800,56.39,24.52,A
1800,56.39,24.55,A
1800,56.39,24.93,A
1800,56.39,25.6,A
1800,56.39,26.5,A
1800,56.39,30.05,A
1800,56.39,32.06,A
1800,56.39,32.38,A
1800,56.39,32.52,A
1800,56.39,38.98,A
1800,56.4,1.43,A
1800,56.4,3.89,A
1800,56.4,5.91,A
1800,56.4,8.1,A
1800,56.4,10.48,A
1800,56.4,10.72,A
1800,56.4,12.13,A
1800,56.4,13.67,A
1800,56.4,14.7,A
1800,56.4,17.48,A
1800,56.4,19.11,A
1800,56.4,19.35,A
1800,56.4,22.55,A
1800,56.4,23.05,A
1800,56.4,24.12,A
1800,56.41,0.18,A
1800,56.48,17.25,A
1800,56.48,18.74,A
1800,56.56,3.5,B
1800,56.56,9.13,B
1800,56.56,10.67,B
1800,56.56,10.89,B
1800,56.56,11.27,B
1800,56.56,12,B
1800,56.56,12.56,B
1800,56.56,12.76,B
1800,56.56,13.52,B
1800,56.56,15.21,B
1800,56.56,15.7,B
1800,56.56,21.99,B
1800,56.56,22.36,B
1800,56.56,25.92,B
1800,56.56,28.65,B
1800,56.56,37.28,B
1800,56.57,8.04,A
1800,56.57,12.24,A
1800,56.57,16.86,A
1800,56.57,23.19,A
1800,56.57,29.13,A
1800,56.61,0,B
1800,56.61,2.4,B
1800,56.61,3.03,B
1800,56.61,4.45,B
1800,56.61,6.64,B
1800,56.61,6.87,B
1800,56.61,7.74,B
1800,56.61,8.16,B
1800,56.61,9.2,B
1800,56.61,9.95,B
1800,56.61,10.45,B
1800,56.61,13.45,B
1800,56.61,14.02,B
1800,56.61,15.34,B
1800,56.61,15.82,B
1800,56.61,16.91,B
1800,56.61,17.83,B
1800,56.61,18.75,B
1800,56.61,19.42,B
1800,56.61,21.65,B
1800,56.61,23.86,B
1800,56.61,24.2,B
1800,56.61,25.08,B
1800,56.61,25.64,B
1800,56.61,26.27,B
1800,56.61,34.63,B
1800,56.68,0.65,A
1800,56.73,7.86,B
1800,56.73,8.5,A
1800,56.73,10.16,B
1800,56.73,13.1,B
1800,56.73,13.78,A
1800,56.73,15.74,A
1800,56.73,19.17,B
1800,56.73,24.08,B
1800,56.73,31.32,B
1800,56.79,9.14,A
1800,56.79,9.38,A
1800,56.79,14.01,A
1800,56.79,14.77,A
1800,56.79,15,A
1800,56.79,15.19,A
1800,56.79,16.02,A
1800,56.79,18.64,A
1800,56.79,21.12,A
1800,56.79,24.55,A
1800,56.79,25.01,A
1800,56.79,26.49,A
1800,56.79,27.09,A
1800,56.79,37.72,A
1800,56.79,59.67,A
1800,56.82,9.12,A
1800,56.82,16.63,A
1800,56.82,18.2,A
1800,56.82,21.17,A
1800,56.9,8.95,A
1800,56.9,10.01,A
1800,56.9,19.13,A
1800,56.9,26.19,A
1800,56.97,7.34,B
1800,56.97,13.49,B
1800,56.97,29.6,B
1800,56.97,34.69,B
1800,57.09,6.29,A
1800,57.09,12.11,A
1800,57.09,12.85,A
1800,57.09,29.4,A
1800,57.14,24.56,B
1800,57.16,2.64,A
1800,57.16,6.3,A
1800,57.16,7.78,A
1800,57.16,11.36,A
1800,57.16,14.53,A
1800,57.16,15.78,A
1800,57.16,18.79,A
1800,57.16,24.07,A
1800,57.19,13.28,A
1800,57.19,21.54,A
1800,57.19,24.21,A
1800,57.24,4.37,B
1800,57.24,6.37,B
1800,57.24,16.64,B
1800,57.24,16.83,B
1800,57.24,23.5,B
1800,57.24,25.37,B
1800,57.38,3.7,B
1800,57.38,6.81,B
1800,57.38,15.32,B
1800,57.38,15.66,B
1800,57.38,18.01,B
1800,57.38,18.21,B
1800,57.38,19.23,B
1800,57.38,22.29,B
1800,57.38,26.12,B
1800,57.38,31.55,B
1800,57.38,35.19,B
1800,57.39,0,B
1800,57.39,7.78,B
1800,57.39,8.56,B
1800,57.39,9.98,B
1800,57.39,10.49,B
1800,57.39,11.71,B
1800,57.39,12.1,B
1800,57.39,13.38,B
1800,57.39,13.42,B
1800,57.39,16.26,B
1800,57.39,17.92,B
1800,57.39,18.45,B
1800,57.39,18.66,B
1800,57.39,19.4,B
1800,57.39,21.77,B
1800,57.39,22.01,B
1800,57.39,22.8,B
1800,57.39,22.91,B
1800,57.39,23.2,B
1800,57.39,23.46,B
1800,57.39,23.7,B
1800,57.39,24.14,B
1800,57.39,25.82,B
1800,57.39,26.37,B
1800,57.39,26.4,B
1800,57.39,27.86,B
1800,57.39,29.74,B
1800,57.39,30.4,B
1800,57.39,32.32,B
1800,57.39,32.82,B
1800,57.39,36.56,B
1800,57.41,10.94,B
1800,57.45,1.01,B
1800,57.61,1.54,B
1800,57.61,2.18,B
1800,57.61,2.5,B
1800,57.61,6.35,B
1800,57.61,6.96,B
1800,57.61,7.22,B
1800,57.61,7.24,B
1800,57.61,7.44,B
1800,57.61,8.92,B
1800,57.61,11.14,B
1800,57.61,11.83,B
1800,57.61,11.85,B
1800,57.61,12.35,B
1800,57.61,12.51,B
1800,57.61,13.65,B
1800,57.61,14.14,B
1800,57.61,14.61,B
1800,57.61,14.87,B
1800,57.61,16.86,B
1800,57.61,17.07,B
1800,57.61,18.11,B
1800,57.61,19.04,B
1800,57.61,19.66,B
1800,57.61,21.98,B
1800,57.61,22.08,B
1800,57.61,22.27,B
1800,57.61,23.46,B
1800,57.61,23.88,B
1800,57.61,24.3,B
1800,57.61,26.82,B
1800,57.61,27.4,B
1800,57.61,28.03,B
1800,57.61,28.98,B
1800,57.61,29.59,B
1800,57.61,31.38,B
1800,57.61,32.49,B
1800,57.66,6.87,B
1800,57.66,12.35,B
1800,57.66,17.79,B
1800,57.66,18.56,B
1800,57.66,20.47,B
1800,57.66,21.44,B
1800,57.66,22.62,B
1800,57.66,24.33,B
1800,57.66,29.89,B
1800,57.73,10.48,B
1800,57.73,16.38,B
1800,57.73,16.63,B
1800,57.73,21.35,B
1800,57.77,6.41,B
1800,57.77,8.52,A
1800,57.77,23.08,B
1800,57.87,5.83,B
1800,57.87,5.84,B
1800,57.87,6.28,B
1800,57.87,11.02,B
1800,57.87,12.32,B
1800,57.87,12.62,B
1800,57.87,18.23,B
1800,57.87,19.35,B
1800,57.87,19.45,B
1800,57.87,21.22,B
1800,57.87,21.95,B
1800,57.87,26.07,B
1800,57.87,27.34,B
1800,57.88,1.25,B
1800,57.88,4.27,B
1800,57.88,28.59,B
1800,57.98,9.62,B
1800,58.02,7.2,B
1800,58.02,11.92,B
1800,58.02,12.61,B
1800,58.02,17.12,B
1800,58.03,0.81,B
1800,58.03,1.83,B
1800,58.03,5.16,B
1800,58.03,5.34,B
1800,58.03,6.26,B
1800,58.03,7.25,B
1800,58.03,9.01,B
1800,58.03,9.5,B
1800,58.03,10.23,B
1800,58.03,11,B
1800,58.03,11.5,B
1800,58.03,11.51,B
1800,58.03,11.7,B
1800,58.03,12.2,B
1800,58.03,13.07,B
1800,58.03,13.2,B
1800,58.03,13.33,B
1800,58.03,14.23,B
1800,58.03,15.41,B
1800,58.03,15.98,B
1800,58.03,16,B
1800,58.03,17.08,B
1800,58.03,19.26,B
1800,58.03,19.4,B
1800,58.03,19.49,B
1800,58.03,20.18,B
1800,58.03,21.14,B
1800,58.03,22.29,B
1800,58.03,23.7,B
1800,58.03,23.72,B
1800,58.03,26,B
1800,58.03,26.07,B
1800,58.03,26.37,B
1800,58.03,28.63,B
1800,58.03,30.13,B
1800,58.03,32.81,B
1800,58.08,3.72,B
1800,58.08,9.54,B
1800,58.08,14.44,B
1800,58.08,14.69,B
1800,58.08,15.11,B
1800,58.08,16.57,B
1800,58.08,19.46,B
1800,58.08,19.53,B
1800,58.08,20.2,B
1800,58.08,20.5,B
1800,58.08,24.8,B
1800,58.08,28.37,B
1800,58.09,18.93,B
1800,58.15,4.52,B
1800,58.15,4.53,B
1800,58.15,6.09,B
1800,58.15,7.31,B
1800,58.15,9.63,B
1800,58.15,10.2,B
1800,58.15,18.78,B
1800,58.15,19.98,B
1800,58.15,27.72,B
1800,58.15,29.77,B
1800,58.15,32.58,B
1800,58.21,13.66,B
1800,58.21,14.8,B
1800,58.22,4.93,B
1800,58.22,32.09,B
1800,58.26,11.09,B
1800,58.37,5.21,B
1800,58.37,6.3,B
1800,58.37,10.78,B
1800,58.37,27.57,B
1800,58.43,5.66,B
1800,58.43,8.54,B
1800,58.43,24.05,B
1800,58.43,24.48,B
1800,58.43,34.22,B
1800,58.44,0,B
1800,58.44,0.1,B
1800,58.44,5.32,B
1800,58.44,5.71,B
1800,58.44,6,B
1800,58.44,6.3,B
1800,58.44,6.46,B
1800,58.44,7.44,B
1800,58.44,9.41,B
1800,58.44,9.67,B
1800,58.44,9.98,B
1800,58.44,10.28,B
1800,58.44,10.36,B
1800,58.44,11.37,B
1800,58.44,11.65,B
1800,58.44,12,B
1800,58.44,12.58,B
1800,58.44,13.37,B
1800,58.44,13.83,B
1800,58.44,13.97,B
1800,58.44,13.98,B
1800,58.44,14.35,B
1800,58.44,16.32,B
1800,58.44,16.63,B
1800,58.44,16.96,B
1800,58.44,18.28,B
1800,58.44,19.24,B
1800,58.44,19.6,B
1800,58.44,20.39,B
1800,58.44,23.05,B
1800,58.44,23.15,B
1800,58.44,29.86,B
1800,58.44,29.95,B
1800,58.44,31.6,B
1800,58.44,33.35,B
1800,58.48,5.04,B
1800,58.48,7.43,B
1800,58.48,7.93,B
1800,58.48,9.84,B
1800,58.48,12.58,B
1800,58.48,14.55,B
1800,58.48,16.8,B
1800,58.48,17.89,B
1800,58.48,23.16,B
1800,58.48,82.48,B
1800,58.5,5.54,B
1800,58.5,7.91,B
1800,58.5,8.23,B
1800,58.5,8.3,B
1800,58.5,9.38,B
1800,58.5,9.65,B
1800,58.5,12.44,B
1800,58.5,13.8,B
1800,58.5,14.25,B
1800,58.5,14.4,B
1800,58.5,15.99,B
1800,58.5,16.75,B
1800,58.5,17.66,B
1800,58.5,17.96,B
1800,58.5,19.49,B
1800,58.5,20.16,B
1800,58.5,20.38,B
1800,58.5,20.89,B
1800,58.5,21.12,B
1800,58.5,21.95,B
1800,58.5,22.09,B
1800,58.5,23.2,B
1800,58.5,23.23,B
1800,58.5,23.56,B
1800,58.5,23.77,B
1800,58.5,25.61,B
1800,58.5,26.89,B
1800,58.5,28.38,B
1800,58.5,28.8,B
1800,58.5,28.88,B
1800,58.5,29.84,B
1800,58.5,30.21,B
1800,58.5,30.77,B
1800,58.5,31.93,B
1800,58.56,26.89,B
1800,58.56,31.9,B
1800,58.59,25.68,B
1800,58.63,3,B
1800,58.63,19.97,B
1800,58.63,27.75,B
1800,58.64,10.63,B
1800,58.64,16.71,B
1800,58.69,11.55,B
1800,58.7,9.12,B
1800,58.7,9.15,B
1800,58.7,15.15,B
1800,58.7,15.27,B
1800,58.7,25.56,B
1800,58.71,4.41,B
1800,58.71,5.69,B
1800,58.72,5.08,B
1800,58.72,5.38,B
1800,58.72,8.11,B
1800,58.72,8.43,B
1800,58.72,8.74,B
1800,58.72,16.43,B
1800,58.72,18.77,B
1800,58.72,20.23,B
1800,58.72,21.13,B
1800,58.72,24.28,B
1800,58.72,24.38,B
1800,58.72,27.13,B
1800,58.72,31.01,B
1800,58.75,11.23,B
1800,58.75,14.59,B
1800,58.75,21.73,B
1800,58.75,27.48,B
1800,58.85,7.31,B
1800,58.85,15.72,B
1800,58.85,15.84,B
1800,58.85,18.07,B
1800,58.85,19.83,B
1800,58.86,0,B
1800,58.86,3.32,B
1800,58.86,3.87,B
1800,58.86,5.1,B
1800,58.86,5.82,B
1800,58.86,8.55,B
1800,58.86,8.59,B
1800,58.86,9.8,B
1800,58.86,9.95,B
1800,58.86,10.27,B
1800,58.86,11.23,B
1800,58.86,12.25,B
1800,58.86,12.87,B
1800,58.86,13.32,B
1800,58.86,14.66,B
1800,58.86,15.34,B
1800,58.86,16.3,B
1800,58.86,16.47,B
1800,58.86,16.89,B
1800,58.86,18.48,B
1800,58.86,19.14,B
1800,58.86,20.92,B
1800,58.86,22.05,B
1800,58.86,22.34,B
1800,58.86,22.47,B
1800,58.86,22.5,B
1800,58.86,22.68,B
1800,58.86,23.51,B
1800,58.86,26.79,B
1800,58.86,28.15,B
1800,58.86,28.43,B
1800,58.86,29.8,B
1800,58.86,30.21,B
1800,58.86,30.35,B
1800,58.93,1.33,B
1800,58.93,3.88,B
1800,58.93,5.12,B
1800,58.93,6.08,B
1800,58.93,6.09,B
1800,58.93,6.55,B
1800,58.93,6.67,B
1800,58.93,8.37,B
1800,58.93,8.46,B
1800,58.93,10.36,B
1800,58.93,10.72,B
1800,58.93,11.08,B
1800,58.93,12.21,B
1800,58.93,12.38,B
1800,58.93,12.43,B
1800,58.93,12.87,B
1800,58.93,13.13,B
1800,58.93,15.21,B
1800,58.93,15.4,B
1800,58.93,15.42,B
1800,58.93,15.88,B
1800,58.93,16.18,B
1800,58.93,16.31,B
1800,58.93,16.64,B
1800,58.93,16.81,B
1800,58.93,17.79,B
1800,58.93,17.91,B
1800,58.93,18.28,B
1800,58.93,20.77,B
1800,58.93,21.53,B
1800,58.93,23.64,B
1800,58.93,24.84,B
1800,58.93,26.82,B
1800,58.93,27.13,B
1800,58.93,27.31,B
1800,58.93,27.57,B
1800,58.93,27.84,B
1800,58.93,27.89,B
1800,58.93,28.7,B
1800,58.93,28.71,B
1800,58.93,30.52,B
1800,58.93,31.66,B
1800,58.93,32.07,B
1800,58.93,32.2,B
1800,58.93,34.54,B
1800,58.93,34.62,B
1800,58.98,2.59,B
1800,58.98,5.45,B
1800,58.98,6.67,B
1800,58.98,6.96,B
1800,58.98,10.44,B
1800,58.98,11.94,B
1800,58.98,14.67,B
1800,58.98,33.06,B
1800,58.99,12.49,B
1800,58.99,13.83,B
1800,58.99,17.93,B
1800,58.99,20.28,B
1800,58.99,30.29,B
1800,58.99,35.12,B
1800,58.99,35.2,B
1800,59.04,1.17,B
1800,59.04,19.96,B
1800,59.05,2.16,B
1800,59.05,6.34,B
1800,59.05,6.64,B
1800,59.05,15.28,B
1800,59.05,17.18,B
1800,59.05,17.57,B
1800,59.05,26.3,B
1800,59.12,1.05,B
1800,59.12,5.76,B
1800,59.12,8.49,B
1800,59.16,8.6,B
1800,59.2,8.15,B
1800,59.24,12.49,B
1800,59.24,18.72,B
1800,59.27,6.11,B
1800,59.27,9.11,B
1800,59.27,9.88,B
1800,59.27,10.65,B
1800,59.27,13.71,B
1800,59.27,15.09,B
1800,59.27,15.81,B
1800,59.27,16,B
1800,59.27,16.88,B
1800,59.27,17.35,B
1800,59.27,17.59,B
1800,59.27,20.87,B
1800,59.27,24,B
1800,59.27,24.38,B
1800,59.27,25.41,B
1800,59.27,25.42,B
1800,59.27,29.22,B
1800,59.27,31.02,B
1800,59.27,32.06,B
1800,59.27,32.96,B
1800,59.28,21.01,C
1800,59.31,4.12,B
1800,59.31,5.83,B
1800,59.31,6.19,B
1800,59.31,6.4,B
1800,59.31,7.82,B
1800,59.31,8.24,B
1800,59.31,9.15,B
1800,59.31,10.54,B
1800,59.31,11.45,B
1800,59.31,12,B
1800,59.31,16.03,B
1800,59.31,17.54,B
1800,59.31,17.76,B
1800,59.31,18,B
1800,59.31,18.02,B
1800,59.31,18.5,B
1800,59.31,19.17,B
1800,59.31,19.81,B
1800,59.31,20.65,B
1800,59.31,20.97,B
1800,59.31,23.79,B
1800,59.31,24.41,B
1800,59.31,24.7,B
1800,59.31,24.95,B
1800,59.31,26.57,B
1800,59.31,26.64,B
1800,59.31,27.3,B
1800,59.31,29,B
1800,59.31,29.1,B
1800,59.31,34.32,B
1800,59.31,35.2,B
1800,59.33,18.42,B
1800,59.34,1.79,B
1800,59.34,6,B
1800,59.34,7.86,B
1800,59.34,11,B
1800,59.34,14.35,B
1800,59.34,15.63,B
1800,59.34,17.34,B
1800,59.34,17.93,B
1800,59.34,18.18,B
1800,59.34,20.38,B
1800,59.34,20.46,B
1800,59.34,22.58,B
1800,59.34,23.8,B
1800,59.34,24.2,B
1800,59.34,32.08,B
1800,59.34,34.06,B
1800,59.34,34.77,B
1800,59.35,1.51,B
1800,59.35,2.14,B
1800,59.35,5.67,B
1800,59.35,5.81,B
1800,59.35,7.93,B
1800,59.35,8.32,B
1800,59.35,8.79,B
1800,59.35,8.91,B
1800,59.35,8.92,B
1800,59.35,10.62,B
1800,59.35,11.39,B
1800,59.35,11.63,B
1800,59.35,11.85,B
1800,59.35,11.86,B
1800,59.35,12,B
1800,59.35,12.27,B
1800,59.35,12.43,B
1800,59.35,12.99,B
1800,59.35,13.48,B
1800,59.35,13.54,B
1800,59.35,13.55,B
1800,59.35,14.44,B
1800,59.35,14.69,B
1800,59.35,15.53,B
1800,59.35,15.57,B
1800,59.35,15.93,B
1800,59.35,16.25,B
1800,59.35,16.64,B
1800,59.35,17.56,B
1800,59.35,17.89,B
1800,59.35,18,B
1800,59.35,18.24,B
1800,59.35,18.35,B
1800,59.35,18.61,B
1800,59.35,19.36,B
1800,59.35,19.96,B
1800,59.35,20.12,B
1800,59.35,21.77,B
1800,59.35,22.65,B
1800,59.35,22.9,B
1800,59.35,23.83,B
1800,59.35,24.37,B
1800,59.35,24.48,B
1800,59.35,25.01,B
1800,59.35,25.17,B
1800,59.35,26.01,B
1800,59.35,26.63,B
1800,59.35,27.54,B
1800,59.35,28.04,B
1800,59.35,28.22,B
1800,59.35,28.85,B
1800,59.35,29.11,B
1800,59.35,29.12,B
1800,59.35,30.16,B
1800,59.35,33.41,B
1800,59.39,6.98,B
1800,59.39,9.11,B
1800,59.39,11.49,B
1800,59.39,12.1,B
1800,59.39,12.25,B
1800,59.39,12.65,B
1800,59.39,13.88,B
1800,59.39,15.51,B
1800,59.39,20.79,B
1800,59.39,21.89,B
1800,59.39,23.31,B
1800,59.39,24.52,B
1800,59.39,25.44,B
1800,59.39,26.64,B
1800,59.39,28.43,B
1800,59.39,33.5,B
1800,59.4,4.81,B
1800,59.4,5.44,B
1800,59.4,9.9,B
1800,59.4,12.53,B
1800,59.4,13.56,B
1800,59.4,15.78,B
1800,59.4,16.18,B
1800,59.4,16.63,B
1800,59.4,19.17,B
1800,59.4,21.18,B
1800,59.4,27.1,B
1800,59.4,28.44,B
1800,59.43,17.3,B
1800,59.51,5.21,B
1800,59.51,15.89,B
1800,59.51,18.07,B
1800,59.51,18.4,B
1800,59.51,19.18,B
1800,59.51,21.56,B
1800,59.51,22.81,B
1800,59.51,25.07,B
1800,59.54,13.97,B
1800,59.54,15.33,B
1800,59.62,0.4,B
1800,59.62,3.12,B
1800,59.62,5.29,B
1800,59.62,17.63,B
1800,59.62,20.25,B
1800,59.7,22.28,B
1800,59.77,6.55,B
1800,59.77,9.75,B
1800,59.77,12.97,B
1800,59.77,15.93,B
1800,59.77,22.64,B
1800,59.78,2.48,B
1800,59.78,3.42,B
1800,59.78,4.09,B
1800,59.78,5.31,C
1800,59.78,5.56,B
1800,59.78,6.45,B
1800,59.78,6.46,C
1800,59.78,6.63,C
1800,59.78,7.04,B
1800,59.78,7.71,B
1800,59.78,7.72,C
1800,59.78,8.8,B
1800,59.78,9.12,B
1800,59.78,9.43,C
1800,59.78,10.5,B
1800,59.78,10.93,B
1800,59.78,11.01,B
1800,59.78,11.26,B
1800,59.78,11.47,B
1800,59.78,12.07,B
1800,59.78,14.36,B
1800,59.78,15.36,C
1800,59.78,15.51,B
1800,59.78,15.79,B
1800,59.78,15.94,B
1800,59.78,15.97,C
1800,59.78,16.77,C
1800,59.78,17.04,C
1800,59.78,17.42,B
1800,59.78,17.93,C
1800,59.78,18.07,B
1800,59.78,18.83,B
1800,59.78,18.99,B
1800,59.78,19.56,C
1800,59.78,19.69,B
1800,59.78,20.6,B
1800,59.78,21.25,B
1800,59.78,21.95,B
1800,59.78,22.17,B
1800,59.78,22.46,C
1800,59.78,22.51,B
1800,59.78,22.53,B
1800,59.78,23.71,C
1800,59.78,24.21,B
1800,59.78,24.31,C
1800,59.78,25.32,C
1800,59.78,27,B
1800,59.78,27.13,B
1800,59.78,27.15,B
1800,59.78,27.75,C
1800,59.78,28.24,B
1800,59.78,28.43,C
1800,59.78,28.85,B
1800,59.78,33.81,B
1800,59.78,34.93,B
1800,59.78,35.73,C
1800,59.78,37.88,B
1800,59.78,38.21,B
1800,59.83,9.17,C
1800,59.83,15.05,C
1800,59.83,16.59,C
1800,59.83,24.39,C
1800,59.83,27.15,C
1800,59.83,28.31,C
1800,59.89,5.82,B
1800,59.89,8.71,B
1800,59.89,9.6,B
1800,59.89,15.8,B
1800,59.89,16.98,B
1800,59.89,19.06,B
1800,59.89,19.22,B
1800,59.89,23.55,B
1800,59.9,13.53,B
1800,59.9,25.78,B
1800,59.94,1.71,D
1800,59.94,4.43,B
1800,59.94,5.3,B
1800,59.94,6.33,B
1800,59.94,10.31,B
1800,59.97,1.93,B
1800,59.97,19.82,B
1800,60.04,4.8,C
1800,60.04,5.84,C
1800,60.04,9.56,C
1800,60.04,10.46,C
1800,60.04,10.77,C
1800,60.04,15.14,C
1800,60.04,16.02,C
1800,60.04,16.66,C
1800,60.04,17.56,C
1800,60.04,18.21,C
1800,60.04,19.36,C
1800,60.04,20.03,C
1800,60.04,21.55,C
1800,60.04,22.85,C
1800,60.04,25.15,C
1800,60.04,25.66,C
1800,60.04,26.55,C
1800,60.04,29.29,C
1800,60.04,33,C
1800,60.04,34.04,C
1800,60.09,5.61,B
1800,60.09,20.89,B
1800,60.13,5.86,C
1800,60.13,5.88,C
1800,60.13,25.49,C
1800,60.13,26.89,C
1800,60.14,19.24,C
1800,60.15,7.31,B
1800,60.15,15.86,B
1800,60.21,2.06,B
1800,60.21,3.96,B
1800,60.21,6.72,B
1800,60.21,10.45,B
1800,60.21,11.16,B
1800,60.21,18.2,B
1800,60.21,24.09,B
1800,60.21,24.78,B
1800,60.21,25.43,B
1800,60.21,27.38,B
1800,60.21,28.44,B
1800,60.24,11.9,B
1800,60.24,13.62,C
1800,60.24,15.21,B
1800,60.3,1.57,C
1800,60.3,3.68,C
1800,60.3,13.37,C
1800,60.3,16.89,C
1800,60.3,20.24,C
1800,60.3,24.6,C
1800,60.3,24.79,C
1800,60.3,29.08,C
1800,60.3,35.54,C
1800,60.32,3.4,C
1800,60.32,6.3,C
1800,60.32,13.28,C
1800,60.32,18.45,C
1800,60.32,19.47,C
1800,60.32,22.8,C
1800,60.32,27.29,C
1800,60.33,3.08,C
1800,60.33,4.2,C
1800,60.33,7.6,C
1800,60.33,8.75,C
1800,60.33,8.99,C
1800,60.33,9.07,C
1800,60.33,9.82,C
1800,60.33,10.44,C
1800,60.33,10.67,C
1800,60.33,10.84,C
1800,60.33,11.44,C
1800,60.33,12.07,C
1800,60.33,12.28,C
1800,60.33,12.3,C
1800,60.33,13.14,C
1800,60.33,13.62,C
1800,60.33,13.9,C
1800,60.33,15.4,C
1800,60.33,17.96,C
1800,60.33,19.92,C
1800,60.33,20.65,C
1800,60.33,22.63,C
1800,60.33,23.2,C
1800,60.33,23.22,C
1800,60.33,23.73,C
1800,60.33,26.89,C
1800,60.33,28.28,C
1800,60.33,28.97,C
1800,60.33,31.47,C
1800,60.33,33.79,C
1800,60.33,35,C
1800,60.33,37.51,C
1800,60.33,77.25,C
1800,60.39,1,C
1800,60.39,3.02,C
1800,60.39,4.8,C
1800,60.39,4.85,C
1800,60.39,6.19,C
1800,60.39,9.41,C
1800,60.39,9.72,C
1800,60.39,10.09,C
1800,60.39,10.29,C
1800,60.39,10.52,C
1800,60.39,10.74,C
1800,60.39,11.5,C
1800,60.39,13.18,C
1800,60.39,13.7,C
1800,60.39,14.53,C
1800,60.39,16.81,C
1800,60.39,17.38,C
1800,60.39,17.66,B
1800,60.39,17.96,C
1800,60.39,18.31,C
1800,60.39,20.06,C
1800,60.39,21.09,C
1800,60.39,23.68,C
1800,60.39,23.93,C
1800,60.39,25.27,C
1800,60.39,26.6,C
1800,60.39,27,C
1800,60.39,27.9,C
1800,60.39,28.45,C
1800,60.39,30.28,C
1800,60.39,31.02,C
1800,60.39,33.48,C
1800,60.39,34.3,C
1800,60.39,36.88,C
1800,60.42,8.28,B
1800,60.42,14.6,B
1800,60.42,17.4,B
1800,60.42,19.21,B
1800,60.42,19.5,B
1800,60.42,21.03,B
1800,60.42,21.18,B
1800,60.43,2.43,C
1800,60.43,4.52,C
1800,60.43,4.97,C
1800,60.43,7.01,C
1800,60.43,7.03,C
1800,60.43,10.47,C
1800,60.43,12.56,C
1800,60.43,12.64,C
1800,60.43,13.09,C
1800,60.43,13.2,C
1800,60.43,14.31,C
1800,60.43,14.97,C
1800,60.43,15.02,C
1800,60.43,15.56,C
1800,60.43,15.63,C
1800,60.43,16.49,C
1800,60.43,16.78,C
1800,60.43,17.4,C
1800,60.43,17.97,C
1800,60.43,19.45,C
1800,60.43,19.66,C
1800,60.43,19.77,C
1800,60.43,26.93,C
1800,60.43,27.94,C
1800,60.43,29.08,C
1800,60.43,31.27,C
1800,60.43,32.51,C
1800,60.43,33.24,C
1800,60.47,1.25,C
1800,60.47,3.65,C
1800,60.47,3.7,C
1800,60.47,4.12,C
1800,60.47,8.71,C
1800,60.47,9.3,C
1800,60.47,13.48,C
1800,60.47,14.2,C
1800,60.47,15.45,C
1800,60.47,15.83,C
1800,60.47,17.41,C
1800,60.47,17.79,C
1800,60.47,17.91,C
1800,60.47,18.3,C
1800,60.47,18.55,C
1800,60.47,20.59,C
1800,60.47,23.3,C
1800,60.47,24.8,C
1800,60.47,26.6,C
1800,60.47,27.39,C
1800,60.47,30.59,C
1800,60.52,12.5,B
1800,60.52,15.79,B
1800,60.52,16.59,B
1800,60.55,11.55,C
1800,60.55,20.57,C
1800,60.55,21.9,C
1800,60.58,8.34,D
1800,60.64,8.91,C
1800,60.64,9.94,B
1800,60.64,12.47,B
1800,60.64,15.33,B
1800,60.64,21.56,B
1800,60.64,26.34,B
1800,60.64,33.52,B
1800,60.64,36.57,B
1800,60.65,3.47,C
1800,60.65,4.49,C
1800,60.65,5.07,C
1800,60.65,7.47,C
1800,60.65,9.21,B
1800,60.65,10.04,B
1800,60.65,10.22,C
1800,60.65,10.41,C
1800,60.65,10.55,C
1800,60.65,10.61,B
1800,60.65,12.97,C
1800,60.65,13.7,B
1800,60.65,14.05,C
1800,60.65,14.19,C
1800,60.65,14.63,B
1800,60.65,15.41,C
1800,60.65,16.64,C
1800,60.65,17.88,C
1800,60.65,18.1,C
1800,60.65,18.82,C
1800,60.65,20.39,C
1800,60.65,20.79,B
1800,60.65,21.77,C
1800,60.65,21.84,C
1800,60.65,21.87,C
1800,60.65,24.37,C
1800,60.65,24.7,C
1800,60.65,24.83,C
1800,60.65,25.55,C
1800,60.65,25.86,C
1800,60.65,26.72,C
1800,60.65,26.84,C
1800,60.65,27.39,B
1800,60.65,28.93,C
1800,60.65,30.24,B
1800,60.65,30.92,C
1800,60.65,36.63,C
1800,60.7,34.76,B
1800,60.71,8.22,C
1800,60.71,8.33,C
1800,60.71,18.85,C
1800,60.71,25.01,C
1800,60.71,29.12,C
1800,60.71,36.7,C
1800,60.71,47.03,C
1800,60.75,1.99,B
1800,60.75,3.22,B
1800,60.75,3.9,B
1800,60.75,7.33,B
1800,60.75,11,B
1800,60.75,12.94,B
1800,60.75,14.07,C
1800,60.75,15.68,B
1800,60.75,15.88,B
1800,60.75,18.98,B
1800,60.75,21.93,B
1800,60.75,26.36,B
1800,60.75,29.64,B
1800,60.81,11,C
1800,60.81,14.16,C
1800,60.81,15.19,C
1800,60.81,15.99,C
1800,60.81,20.54,C
1800,60.81,21.11,C
1800,60.81,23.7,C
1800,60.81,32.48,C
1800,60.81,33.2,C
1800,60.81,38.15,C
1800,60.85,3.08,C
1800,60.85,5.67,C
1800,60.86,10.85,D
1800,60.94,1.71,C
1800,60.94,2.55,C
1800,60.94,5.81,C
1800,60.94,7.52,C
1800,60.94,10.36,C
1800,60.94,10.98,C
1800,60.94,12.49,C
1800,60.94,15.61,C
1800,60.94,17.37,C
1800,60.94,18.5,C
1800,60.94,21.33,C
1800,60.94,21.49,C
1800,60.94,22.02,C
1800,60.94,22.44,C
1800,60.94,22.85,C
1800,60.94,23.42,C
1800,60.94,24.14,C
1800,60.94,24.68,C
1800,60.94,27.76,C
1800,60.94,28.6,C
1800,60.94,30.35,C
1800,60.94,31.35,C
1800,60.94,33.39,C
1800,60.96,2.6,C
1800,60.96,6.1,C
1800,60.96,7.85,C
1800,60.96,8.91,C
1800,60.96,19.64,C
1800,60.96,19.65,C
1800,60.96,21.28,C
1800,60.96,21.52,C
1800,60.96,25.03,C
1800,60.96,26.57,C
1800,60.96,26.98,C
1800,60.96,30.75,C
1800,61.04,10.22,C
1800,61.07,1.3,C
1800,61.07,3.95,C
1800,61.08,2.91,C
1800,61.08,4.44,C
1800,61.08,4.7,C
1800,61.08,5.16,C
1800,61.08,5.44,C
1800,61.08,6.75,C
1800,61.08,6.9,C
1800,61.08,7.18,C
1800,61.08,8.26,C
1800,61.08,8.93,C
1800,61.08,10.44,C
1800,61.08,10.56,C
1800,61.08,10.83,C
1800,61.08,11.49,C
1800,61.08,12.47,C
1800,61.08,13.82,C
1800,61.08,14.94,C
1800,61.08,15.66,C
1800,61.08,16.02,C
1800,61.08,16.1,C
1800,61.08,18.26,C
1800,61.08,18.85,C
1800,61.08,18.99,C
1800,61.08,19.15,C
1800,61.08,19.47,C
1800,61.08,20.26,C
1800,61.08,20.53,C
1800,61.08,20.99,C
1800,61.08,21.51,C
1800,61.08,21.81,C
1800,61.08,22.23,C
1800,61.08,22.96,C
1800,61.08,23.76,C
1800,61.08,24.04,C
1800,61.08,25.39,C
1800,61.08,25.4,C
1800,61.08,28.07,C
1800,61.08,28.37,C
1800,61.08,28.66,C
1800,61.08,28.99,C
1800,61.08,31.56,C
1800,61.08,31.94,C
1800,61.08,32.86,C
1800,61.11,4.76,B
1800,61.13,11.22,D
1800,61.14,3.25,C
1800,61.14,7.2,C
1800,61.14,8.64,C
1800,61.14,11.92,C
1800,61.14,14.94,C
1800,61.14,17,C
1800,61.14,19.09,C
1800,61.14,22.93,C
1800,61.14,28.88,C
1800,61.14,29.52,C
1800,61.14,29.82,C
1800,61.14,31.88,C
1800,61.14,37.89,C
1800,61.14,45.4,C
1800,61.16,5.47,C
1800,61.16,41.56,C
1800,61.17,3.79,C
1800,61.17,5.5,C
1800,61.17,5.51,C
1800,61.17,5.66,C
1800,61.17,7.2,C
1800,61.17,9.06,C
1800,61.17,10.17,C
1800,61.17,10.55,C
1800,61.17,10.99,C
1800,61.17,13.68,C
1800,61.17,14.17,C
1800,61.17,14.96,C
1800,61.17,15.43,C
1800,61.17,16.13,C
1800,61.17,16.29,C
1800,61.17,16.53,C
1800,61.17,17.4,C
1800,61.17,18.11,C
1800,61.17,18.13,C
1800,61.17,18.14,C
1800,61.17,18.91,C
1800,61.17,19.94,C
1800,61.17,19.98,C
1800,61.17,20.32,C
1800,61.17,20.78,C
1800,61.17,20.94,C
1800,61.17,22.06,C
1800,61.17,23.38,C
1800,61.17,23.81,C
1800,61.17,24.49,C
1800,61.17,25.36,C
1800,61.17,25.83,C
1800,61.17,26.1,C
1800,61.17,26.21,C
1800,61.17,28.02,C
1800,61.17,28.27,C
1800,61.17,32.05,C
1800,61.22,13.83,C
1800,61.22,16.05,C
1800,61.23,10.2,C
1800,61.23,11.72,C
1800,61.23,13.39,C
1800,61.24,3.47,C
1800,61.24,5.04,C
1800,61.24,7.74,C
1800,61.24,9.82,B
1800,61.24,9.89,C
1800,61.24,11.97,C
1800,61.24,14.41,C
1800,61.24,15.64,C
1800,61.24,16.09,C
1800,61.24,18.87,C
1800,61.24,19.97,C
1800,61.24,20.41,C
1800,61.24,23.2,C
1800,61.24,23.63,B
1800,61.24,24.21,B
1800,61.24,24.39,C
1800,61.24,25.49,C
1800,61.24,27.04,C
1800,61.24,28.1,C
1800,61.24,28.2,C
1800,61.24,42.05,C
1800,61.35,3.85,D
1800,61.35,20.47,C
1800,61.46,22.13,E
1800,61.51,2.88,C
1800,61.51,11.32,C
1800,61.51,11.96,C
1800,61.51,13.92,C
1800,61.51,14.67,C
1800,61.51,15.88,C
1800,61.51,16.42,C
1800,61.51,19.66,C
1800,61.51,21.53,C
1800,61.51,29.18,C
1800,61.51,31.31,C
1800,61.51,34.43,C
1800,61.52,1.79,C
1800,61.52,3.74,C
1800,61.52,4.72,C
1800,61.52,6.14,C
1800,61.52,6.39,C
1800,61.52,7.67,C
1800,61.52,7.95,C
1800,61.52,8.1,C
1800,61.52,9.22,C
1800,61.52,10.83,C
1800,61.52,11.55,C
1800,61.52,11.58,C
1800,61.52,11.61,C
1800,61.52,11.85,C
1800,61.52,12.04,C
1800,61.52,12.28,C
1800,61.52,12.34,C
1800,61.52,13.89,C
1800,61.52,14.85,C
1800,61.52,15.09,C
1800,61.52,15.5,C
1800,61.52,15.58,C
1800,61.52,15.84,C
1800,61.52,15.92,C
1800,61.52,16.05,C
1800,61.52,16.34,C
1800,61.52,17.13,C
1800,61.52,17.44,C
1800,61.52,17.57,C
1800,61.52,17.84,C
1800,61.52,18.06,C
1800,61.52,18.65,C
1800,61.52,18.73,C
1800,61.52,19.16,C
1800,61.52,19.22,C
1800,61.52,19.39,C
1800,61.52,19.45,C
1800,61.52,19.58,C
1800,61.52,20.29,C
1800,61.52,20.86,C
1800,61.52,21.49,C
1800,61.52,21.91,C
1800,61.52,22.14,C
1800,61.52,22.22,C
1800,61.52,22.5,C
1800,61.52,22.7,C
1800,61.52,22.83,C
1800,61.52,23.01,C
1800,61.52,24.46,C
1800,61.52,25.62,C
1800,61.52,26.9,C
1800,61.52,28.1,C
1800,61.52,28.25,C
1800,61.52,28.66,C
1800,61.52,28.91,C
1800,61.52,29.7,C
1800,61.52,30.04,C
1800,61.52,30.07,C
1800,61.52,30.49,C
1800,61.52,31.34,C
1800,61.52,33.48,C
1800,61.52,33.66,C
1800,61.52,34.59,C
1800,61.52,34.75,C
1800,61.52,35.66,C
1800,61.55,17,C
1800,61.55,18.14,C
1800,61.55,19.6,C
1800,61.58,5.06,E
1800,61.59,2.81,C
1800,61.59,2.82,C
1800,61.59,3.57,C
1800,61.59,5.77,C
1800,61.59,5.99,C
1800,61.59,8.02,C
1800,61.59,8.08,C
1800,61.59,8.59,C
1800,61.59,9.83,C
1800,61.59,12.21,C
1800,61.59,14.75,C
1800,61.59,15.49,C
1800,61.59,15.57,C
1800,61.59,15.64,C
1800,61.59,15.68,C
1800,61.59,15.78,C
1800,61.59,16.59,C
1800,61.59,17.22,C
1800,61.59,17.76,C
1800,61.59,17.85,C
1800,61.59,17.88,C
1800,61.59,17.98,C
1800,61.59,18.97,C
1800,61.59,19.2,C
1800,61.59,20.18,C
1800,61.59,21.01,C
1800,61.59,24.11,C
1800,61.59,25.55,C
1800,61.59,26.09,C
1800,61.59,28.92,C
1800,61.59,30.01,C
1800,61.59,31.5,C
1800,61.59,34.84,C
1800,61.6,10.82,B
1800,61.6,16.2,B
1800,61.6,16.5,D
1800,61.6,22.11,B
1800,61.6,22.32,B
1800,61.6,23.62,B
1800,61.62,15.68,D
1800,61.66,8.49,C
1800,61.66,24.82,C
1800,61.72,8.67,C
1800,61.76,6.43,C
1800,61.76,7.22,C
1800,61.76,15.76,C
1800,61.76,17.41,C
1800,61.79,10.72,C
1800,61.79,23.5,C
1800,61.8,5.8,C
1800,61.8,11.45,C
1800,61.8,16.06,C
1800,61.8,18.67,C
1800,61.8,23.84,C
1800,61.8,26.66,C
1800,61.81,12.82,C
1800,61.81,17.36,C
1800,61.81,18.21,C
1800,61.81,19.17,C
1800,61.81,20.11,C
1800,61.81,21.35,C
1800,61.81,24.34,C
1800,61.81,27.98,C
1800,61.83,12.2,C
1800,61.86,4.11,E
1800,61.93,6.94,C
1800,61.93,13.7,C
1800,61.93,14.23,C
1800,61.93,14.41,C
1800,61.93,22.82,C
1800,61.93,23.94,C
1800,61.93,31.55,C
1800,61.94,0.67,C
1800,61.94,5.02,C
1800,61.94,16.91,C
1800,61.94,17.28,C
1800,61.94,25.61,C
1800,61.94,28.28,C
1800,61.94,32.33,C
1800,61.94,32.64,C
1800,61.94,35.66,C
1800,61.95,9.93,C
1800,61.95,10.8,C
1800,61.95,15.19,C
1800,61.95,16.07,C
1800,61.95,16.81,C
1800,61.95,17.2,C
1800,61.95,19.12,C
1800,61.95,19.97,C
1800,61.95,20.07,C
1800,61.95,20.17,C
1800,61.95,21.87,C
1800,61.95,23.12,C
1800,61.95,23.67,C
1800,61.95,27.89,C
1800,61.95,31.46,C
1800,61.95,34.49,C
1800,61.95,43.49,C
1800,61.96,2.84,E
1800,61.98,3.56,C
1800,61.98,25.55,C
1800,62.09,1.56,C
1800,62.09,6,C
1800,62.09,6.98,C
1800,62.09,7.01,C
1800,62.09,12.79,C
1800,62.09,16.15,C
1800,62.09,16.6,C
1800,62.09,17.19,C
1800,62.09,17.78,C
1800,62.09,18.78,C
1800,62.09,19.11,C
1800,62.09,19.65,C
1800,62.09,21.53,C
1800,62.09,21.86,C
1800,62.09,23.15,C
1800,62.09,24.93,C
1800,62.09,25.74,C
1800,62.09,28.61,C
1800,62.09,31.9,C
1800,62.09,35.9,C
1800,62.09,38.54,C
1800,62.24,21.86,E
1800,62.26,0,D
1800,62.26,7.72,D
1800,62.27,14.84,C
1800,62.27,37.52,C
1800,62.32,14.98,D
1800,62.37,17.9,D
1800,62.37,29.9,E
1800,62.38,7.26,C
1800,62.38,22.99,C
1800,62.39,2.15,C
1800,62.39,8.32,C
1800,62.39,8.43,C
1800,62.39,11.75,C
1800,62.39,12.07,C
1800,62.39,12.55,C
1800,62.39,12.96,C
1800,62.39,13.03,C
1800,62.39,13.28,C
1800,62.39,13.77,C
1800,62.39,13.89,C
1800,62.39,14.06,C
1800,62.39,14.15,C
1800,62.39,15.57,C
1800,62.39,16.39,C
1800,62.39,17.01,C
1800,62.39,18.78,C
1800,62.39,21.51,C
1800,62.39,22.29,C
1800,62.39,22.55,C
1800,62.39,23.19,C
1800,62.39,23.53,C
1800,62.39,23.62,C
1800,62.39,24.56,C
1800,62.39,25.27,C
1800,62.39,25.59,C
1800,62.39,25.91,C
1800,62.39,26.16,C
1800,62.39,27.59,C
1800,62.39,28.83,C
1800,62.39,29.17,C
1800,62.39,29.33,C
1800,62.39,34.4,C
1800,62.42,5.2,C
1800,62.42,11.21,C
1800,62.42,13.87,C
1800,62.42,20.73,C
1800,62.42,23.8,C
1800,62.42,26.44,C
1800,62.42,31.16,C
1800,62.44,14.21,C
1800,62.44,15.99,C
1800,62.44,28.23,C
1800,62.45,1.8,C
1800,62.45,1.96,C
1800,62.45,9.41,C
1800,62.45,10.63,C
1800,62.45,11.04,C
1800,62.45,11.36,C
1800,62.45,11.49,C
1800,62.45,11.59,C
1800,62.45,13.24,C
1800,62.45,13.98,C
1800,62.45,15.01,C
1800,62.45,15.15,C
1800,62.45,16.44,C
1800,62.45,16.63,C
1800,62.45,18.48,C
1800,62.45,20.18,C
1800,62.45,21.63,C
1800,62.45,22.16,C
1800,62.45,23.09,C
1800,62.45,27.72,C
1800,62.45,29.73,C
1800,62.45,30.08,C
1800,62.45,30.55,C
1800,62.45,32,C
1800,62.45,36.38,C
1800,62.59,11.49,D
1800,62.6,15.73,C
1800,62.68,6.79,C
1800,62.68,15.24,C
1800,62.68,15.69,C
1800,62.68,16.87,C
1800,62.68,17.29,C
1800,62.68,20.69,C
1800,62.68,22.93,C
1800,62.68,23.56,C
1800,62.68,27.6,C
1800,62.68,29.52,C
1800,62.68,30.61,C
1800,62.68,33.97,C
1800,62.68,34.54,C
1800,62.68,35.73,C
1800,62.76,22.21,D
1800,62.76,25.77,D
1800,62.76,31.81,D
1800,62.76,36.04,D
1800,62.84,12.91,C
1800,62.84,20.14,C
1800,62.84,24.03,C
1800,62.92,8.07,C
1800,62.92,12.1,C
1800,62.92,15.04,D
1800,62.92,15.57,C
1800,62.92,19.57,C
1800,62.92,24,C
1800,62.92,24.22,C
1800,62.92,27.48,C
1800,62.92,27.94,C
1800,62.94,1.44,D
1800,62.94,1.51,D
1800,62.94,7.07,C
1800,62.94,8.8,C
1800,62.94,9.58,C
1800,62.94,10.81,D
1800,62.94,11.3,D
1800,62.94,14.88,D
1800,62.94,15.03,D
1800,62.94,15.64,D
1800,62.94,16.27,D
1800,62.94,17.18,D
1800,62.94,19.09,D
1800,62.94,19.26,D
1800,62.94,19.89,D
1800,62.94,21.08,D
1800,62.94,21.86,D
1800,62.94,22.09,C
1800,62.94,24.18,D
1800,62.94,27.6,C
1800,62.94,28.44,C
1800,62.94,30.48,D
1800,62.94,30.75,D
1800,62.94,30.83,D
1800,62.94,31.82,D
1800,62.94,32.56,D
1800,62.94,33.88,C
1800,62.94,33.93,D
1800,62.94,34.81,D
1800,62.94,35.59,D
1800,62.94,38.96,D
1800,63.18,26.07,C
1800,63.28,4.61,C
1800,63.28,6.32,C
1800,63.28,7.97,C
1800,63.28,10.58,C
1800,63.28,11.24,C
1800,63.28,13.84,C
1800,63.28,14.81,C
1800,63.28,15.72,C
1800,63.28,20.69,C
1800,63.28,24.25,C
1800,63.28,27.08,C
1800,63.28,34.22,C
1800,63.28,39.3,D
1800,63.3,13.45,C
1800,63.3,20.35,C
1800,63.3,21.87,C
1800,63.3,37.76,C
1800,63.31,0.84,C
1800,63.31,1.12,C
1800,63.31,3.93,C
1800,63.31,4.16,C
1800,63.31,4.19,D
1800,63.31,4.85,C
1800,63.31,4.86,C
1800,63.31,6.04,C
1800,63.31,6.74,C
1800,63.31,7.47,C
1800,63.31,10.26,C
1800,63.31,11,C
1800,63.31,11.43,C
1800,63.31,11.45,C
1800,63.31,12.35,C
1800,63.31,12.43,C
1800,63.31,14.82,C
1800,63.31,15.07,C
1800,63.31,15.69,C
1800,63.31,16.83,C
1800,63.31,16.9,C
1800,63.31,17.18,C
1800,63.31,17.83,C
1800,63.31,18.41,C
1800,63.31,19.25,C
1800,63.31,19.35,C
1800,63.31,19.56,C
1800,63.31,21.57,C
1800,63.31,21.68,C
1800,63.31,22.85,C
1800,63.31,23.68,C
1800,63.31,23.96,C
1800,63.31,24.22,C
1800,63.31,25,C
1800,63.31,26.34,C
1800,63.31,26.36,C
1800,63.31,31.42,C
1800,63.31,31.48,C
1800,63.31,31.93,C
1800,63.31,37.02,C
1800,63.31,62.56,C
1800,63.41,13.78,C
1800,63.41,27.17,C
1800,63.41,29.65,C
1800,63.41,31.85,C
1800,63.47,6.14,C
1800,63.47,20.45,C
1800,63.5,1.2,C
1800,63.5,12.07,C
1800,63.5,24.77,C
1800,63.55,3.85,D
1800,63.55,14.09,C
1800,63.55,14.4,C
1800,63.55,17.31,C
1800,63.55,19,D
1800,63.55,26.4,D
1800,63.55,26.55,D
1800,63.55,27.67,D
1800,63.55,29.83,C
1800,63.55,32.64,D
1800,63.55,36.39,D
1800,63.7,12.36,C
1800,63.7,14.08,C
1800,63.7,15.51,C
1800,63.72,2.57,D
1800,63.72,7.04,D
1800,63.72,12.43,D
1800,63.72,18.75,D
1800,63.72,25.28,D
1800,63.78,3.03,D
1800,63.78,4.18,D
1800,63.78,5.49,D
1800,63.78,12.24,D
1800,63.78,12.27,D
1800,63.78,13.5,D
1800,63.78,13.73,D
1800,63.78,14.81,D
1800,63.78,14.97,D
1800,63.78,16.96,D
1800,63.78,18.03,D
1800,63.78,18.94,D
1800,63.78,21.14,D
1800,63.78,26.76,D
1800,63.78,31.19,D
1800,63.78,33.38,D
1800,63.78,34.68,D
1800,63.78,38.08,D
1800,63.78,38.88,D
1800,63.81,5.86,D
1800,63.81,19.97,D
1800,63.98,10.94,C
1800,64.1,5.25,C
1800,64.1,7.34,C
1800,64.1,7.47,C
1800,64.1,14.4,C
1800,64.1,19.85,C
1800,64.1,20.66,C
1800,64.1,25.35,C
1800,64.1,26.64,C
1800,64.1,27.36,C
1800,64.1,30.95,C
1800,64.1,31.76,C
1800,64.1,35.47,C
1800,64.1,36.84,C
1800,64.1,99.04,C
1800,64.17,2.78,D
1800,64.17,5.55,D
1800,64.17,6.79,D
1800,64.17,7.39,D
1800,64.17,9.09,D
1800,64.17,13.17,D
1800,64.17,13.83,D
1800,64.17,13.92,D
1800,64.17,14,D
1800,64.17,14.05,D
1800,64.17,14.15,D
1800,64.17,14.9,D
1800,64.17,15.64,D
1800,64.17,15.67,D
1800,64.17,16.57,D
1800,64.17,16.64,D
1800,64.17,18.05,D
1800,64.17,18.34,D
1800,64.17,18.88,D
1800,64.17,18.96,D
1800,64.17,20.16,D
1800,64.17,20.34,D
1800,64.17,22.11,D
1800,64.17,22.45,D
1800,64.17,22.82,D
1800,64.17,24.78,D
1800,64.17,26.62,D
1800,64.17,26.9,D
1800,64.17,27.08,D
1800,64.17,27.22,D
1800,64.17,27.6,D
1800,64.17,27.87,D
1800,64.17,29.42,D
1800,64.17,29.49,D
1800,64.17,30.16,D
1800,64.17,30.52,D
1800,64.17,30.75,D
1800,64.17,31.92,D
1800,64.17,32.22,D
1800,64.17,32.29,D
1800,64.17,33.03,D
1800,64.17,33.6,D
1800,64.17,34.73,D
1800,64.26,3.57,D
1800,64.26,7.87,D
1800,64.26,8.83,D
1800,64.26,9.18,D
1800,64.26,9.55,D
1800,64.26,11.36,D
1800,64.26,13.87,D
1800,64.26,14.14,D
1800,64.26,15.96,D
1800,64.26,17.61,D
1800,64.26,19.11,D
1800,64.26,19.27,D
1800,64.26,21.52,D
1800,64.26,21.6,D
1800,64.26,22.24,D
1800,64.26,25.16,D
1800,64.26,28.34,D
1800,64.26,32.98,D
1800,64.27,8.25,C
1800,64.27,8.76,C
1800,64.27,14.98,C
1800,64.27,28.91,C
1800,64.38,18.99,G
1800,64.42,5.37,C
1800,64.42,11.2,C
1800,64.42,12.15,D
1800,64.42,14.79,C
1800,64.42,17.22,D
1800,64.42,19.43,D
1800,64.42,21.23,D
1800,64.42,27.3,C
1800,64.42,29.91,D
1800,64.6,2.96,D
1800,64.6,11.04,D
1800,64.6,11.85,D
1800,64.6,12.6,D
1800,64.6,15.05,D
1800,64.6,16.2,D
1800,64.6,16.67,D
1800,64.6,20.44,D
1800,64.6,21.84,D
1800,64.6,23.38,D
1800,64.6,34.44,D
1800,64.66,18.32,D
1800,64.69,2.98,D
1800,64.69,5.67,D
1800,64.69,7.59,D
1800,64.69,7.62,D
1800,64.69,8.29,D
1800,64.69,9.5,D
1800,64.69,11.95,D
1800,64.69,14.72,D
1800,64.69,15.12,D
1800,64.69,18.26,D
1800,64.69,18.63,D
1800,64.69,19.62,D
1800,64.69,20.7,D
1800,64.69,21.16,D
1800,64.69,26.28,D
1800,64.69,28.24,D
1800,64.69,28.29,D
1800,64.69,28.59,D
1800,64.69,30.82,D
1800,64.69,37.41,D
1800,64.69,38.37,D
1800,64.87,13.13,D
1800,64.87,17.96,D
1800,64.95,17.75,D
1800,64.95,19.78,D
1800,64.95,19.84,D
1800,64.95,20.26,D
1800,64.95,20.46,D
1800,64.95,22.31,D
1800,64.95,25.95,D
1800,64.95,32.6,D
1800,64.95,34.54,D
1800,64.95,35.35,D
1800,64.95,35.4,D
1800,64.95,36.21,D
1800,65.05,11.33,D
1800,65.05,14.73,D
1800,65.05,17.08,D
1800,65.05,18.25,D
1800,65.05,21.46,D
1800,65.05,24.2,D
1800,65.05,27.75,D
1800,65.05,28.99,D
1800,65.07,2.48,D
1800,65.07,3.7,D
1800,65.07,5.24,D
1800,65.07,6.28,D
1800,65.07,10.68,D
1800,65.07,10.97,D
1800,65.07,11.54,D
1800,65.07,14.77,D
1800,65.07,16.21,D
1800,65.07,19.12,D
1800,65.07,19.17,D
1800,65.07,19.45,D
1800,65.07,20.7,D
1800,65.07,21.4,D
1800,65.07,21.6,D
1800,65.07,23.59,D
1800,65.07,25.96,D
1800,65.07,26.16,D
1800,65.07,26.46,D
1800,65.07,26.67,D
1800,65.07,28.58,D
1800,65.13,5.3,D
1800,65.13,8.1,D
1800,65.13,14.27,D
1800,65.13,19.45,D
1800,65.13,21.31,D
1800,65.13,22.89,D
1800,65.13,23.06,D
1800,65.13,25.24,D
1800,65.13,25.58,D
1800,65.13,26.7,D
1800,65.13,28.12,D
1800,65.13,30.86,D
1800,65.13,33.36,D
1800,65.13,35.29,D
1800,65.13,38.73,D
1800,65.13,41.99,D
1800,65.3,12.71,D
1800,65.3,27.78,D
1800,65.3,28.42,D
1800,65.31,5.4,D
1800,65.31,10.68,D
1800,65.31,12.72,D
1800,65.31,18.38,D
1800,65.31,20.42,E
1800,65.31,20.93,E
1800,65.31,24.47,D
1800,65.31,25.29,D
1800,65.31,26.21,E
1800,65.31,27.3,D
1800,65.31,30.42,E
1800,65.31,31.5,D
1800,65.31,34.5,D
1800,65.31,39.61,D
1800,65.49,0,D
1800,65.49,6.81,D
1800,65.49,10.89,D
1800,65.49,16.08,D
1800,65.49,18.43,D
1800,65.49,24.09,D
1800,65.49,24.55,D
1800,65.49,26.35,D
1800,65.49,31.43,D
1800,65.49,32.11,D
1800,65.49,158,D
1800,65.52,15.44,D
1800,65.52,18.09,D
1800,65.52,23.7,D
1800,65.52,29.09,D
1800,65.57,19.5,E
1800,65.58,8.14,D
1800,65.58,15.8,E
1800,65.58,20.72,D
1800,65.58,28.93,E
1800,65.58,33.45,E
1800,65.76,13.47,D
1800,65.76,16.37,D
1800,65.76,19.56,D
1800,65.76,19.94,D
1800,65.76,25.14,D
1800,65.84,37.08,E
1800,65.85,10.05,D
1800,65.91,12.42,D
1800,65.91,15.84,D
1800,65.91,18.58,D
1800,65.93,20.15,D
1800,65.93,22.85,D
1800,65.93,23.11,D
1800,65.93,31.4,D
1800,65.93,32.23,D
1800,65.98,4.75,D
1800,65.98,8.25,E
1800,65.98,8.66,D
1800,65.98,16.27,D
1800,65.98,16.29,E
1800,65.98,16.65,D
1800,65.98,18.6,D
1800,65.98,20.74,D
1800,65.98,21.44,E
1800,65.98,22.49,D
1800,65.98,23.14,D
1800,65.98,23.47,D
1800,65.98,25.06,D
1800,65.98,25.2,D
1800,65.98,26.07,D
1800,65.98,30.58,D
1800,65.98,31,D
1800,65.98,34.15,D
1800,65.98,34.8,D
1800,65.98,36.78,D
1800,66.01,6.56,D
1800,66.01,6.73,D
1800,66.01,8,D
1800,66.01,8.51,D
1800,66.01,9.75,D
1800,66.01,11.29,D
1800,66.01,13.42,D
1800,66.01,16.44,D
1800,66.01,18.03,D
1800,66.01,18.3,D
1800,66.01,19.05,D
1800,66.01,19.49,D
1800,66.01,21.63,D
1800,66.01,22.87,D
1800,66.01,23.52,D
1800,66.01,25.59,D
1800,66.01,29.51,D
1800,66.01,36.7,D
1800,66.03,0.84,D
1800,66.03,13.35,D
1800,66.03,13.5,D
1800,66.03,29.04,D
1800,66.16,15.92,E
1800,66.16,16.24,E
1800,66.16,20.75,E
1800,66.19,13.35,D
1800,66.2,9.5,E
1800,66.2,13.9,E
1800,66.37,13.77,D
1800,66.37,18.83,D
1800,66.37,18.98,D
1800,66.37,23.71,D
1800,66.37,26.51,D
1800,66.37,27.01,D
1800,66.41,14.77,D
1800,66.41,19.61,D
1800,66.41,23.35,D
1800,66.41,30.45,D
1800,66.42,20.44,E
1800,66.42,32.09,E
1800,66.46,9.33,E
1800,66.46,9.52,E
1800,66.46,13.88,D
1800,66.46,15.49,E
1800,66.46,16.3,E
1800,66.46,21.58,D
1800,66.46,22.36,E
1800,66.47,14.54,D
1800,66.47,24.74,D
1800,66.47,28.73,D
1800,66.64,11.94,D
1800,66.64,23.82,D
1800,66.64,28.51,D
1800,66.83,11.5,D
1800,66.83,11.63,D
1800,66.83,13.81,D
1800,66.83,14.28,D
1800,66.83,14.31,D
1800,66.83,16.43,D
1800,66.83,21.16,D
1800,66.83,28.03,D
1800,66.87,4.78,D
1800,66.87,17.1,D
1800,66.87,19.05,D
1800,66.87,19.46,D
1800,66.87,21.65,D
1800,66.89,2.3,E
1800,66.89,5.42,D
1800,66.89,13.77,D
1800,66.89,15.24,D
1800,66.89,17.01,D
1800,66.89,17.42,D
1800,66.89,17.57,E
1800,66.89,18.81,D
1800,66.89,25.13,E
1800,66.89,25.39,D
1800,66.89,30.71,E
1800,66.89,32.45,D
1800,66.89,32.5,D
1800,66.89,33.87,E
1800,66.89,38.76,D
1800,66.9,1.19,D
1800,66.9,6.63,D
1800,66.9,7.8,D
1800,66.9,10.2,D
1800,66.9,10.51,D
1800,66.9,12.43,D
1800,66.9,13.92,D
1800,66.9,15.55,D
1800,66.9,18.85,D
1800,66.9,23.32,D
1800,66.9,23.54,D
1800,66.9,24.7,D
1800,66.9,24.75,D
1800,66.9,26.23,D
1800,66.9,27.7,D
1800,66.9,27.76,D
1800,66.9,32.97,D
1800,66.9,35.12,D
1800,67.08,7,E
1800,67.08,14.03,D
1800,67.18,16.7,D
1800,67.18,18.93,D
1800,67.18,19.83,D
1800,67.18,21.69,D
1800,67.18,26.19,D
1800,67.18,26.74,D
1800,67.26,11.98,D
1800,67.26,12.95,D
1800,67.26,31.5,D
1800,67.26,32.22,D
1800,67.26,37.8,D
1800,67.35,2.08,E
1800,67.59,9.43,E
1800,67.59,11.98,E
1800,67.59,33.51,E
1800,67.64,28.74,E
1800,67.72,2.4,D
1800,67.72,7.05,D
1800,67.72,8.84,D
1800,67.72,10.74,D
1800,67.72,16.2,D
1800,67.72,17.49,D
1800,67.72,25.93,D
1800,67.72,30.82,D
1800,67.81,12.52,E
1800,67.81,14.92,E
1800,67.81,16.65,E
1800,67.81,16.79,E
1800,67.81,20.61,E
1800,67.81,24.7,E
1800,67.81,31.63,E
1800,67.82,4.4,E
1800,67.82,17.42,E
1800,67.96,8.51,E
1800,67.96,28.71,E
1800,67.99,26.27,E
1800,67.99,31.34,E
1800,68.24,2.8,D
1800,68.24,3.1,D
1800,68.24,10.88,D
1800,68.24,11.44,D
1800,68.24,11.63,D
1800,68.24,14.7,D
1800,68.24,18.53,D
1800,68.24,18.69,D
1800,68.24,20.37,D
1800,68.24,23.76,D
1800,68.24,28.31,D
1800,68.24,29.64,D
1800,68.24,31.25,D
1800,68.24,31.93,D
1800,68.24,34.73,D
1800,68.26,11.1,E
1800,68.26,21.61,E
1800,68.27,0.75,D
1800,68.27,10.92,E
1800,68.27,18.48,D
1800,68.27,20.65,E
1800,68.27,31.45,D
1800,68.27,33.25,D
1800,68.38,12.06,E
1800,68.47,6.43,E
1800,68.47,8.39,E
1800,68.47,9.47,E
1800,68.47,13.4,E
1800,68.47,22.31,E
1800,68.61,6.09,D
1800,68.72,30.9,E
1800,68.72,39.62,E
1800,68.72,41.25,E
1800,68.73,8.54,E
1800,68.73,10.8,E
1800,68.73,19.51,E
1800,68.74,23.32,F
1800,68.74,24.96,F
1800,68.89,8.9,E
1800,68.89,16.2,E
1800,68.89,16.33,E
1800,69.07,11.28,D
1800,69.07,15.5,D
1800,69.07,15.87,D
1800,69.07,17.85,D
1800,69.07,24.62,D
1800,69.07,26.87,D
1800,69.07,30.85,E
1800,69.07,35.8,E
1800,69.11,19.75,E
1800,69.11,23.75,E
1800,69.11,34.23,E
1800,69.17,15.19,E
1800,69.19,21.63,E
1800,69.4,15.83,E
1800,69.44,9.56,E
1800,69.44,26.64,E
1800,69.59,8.38,E
1800,69.59,22.64,E
1800,69.6,12.38,E
1800,69.6,17.95,E
1800,69.6,20.13,E
1800,69.6,30.08,E
1800,69.6,30.37,E
1800,69.6,44.44,E
1800,69.64,26.31,F
1800,69.67,10.56,F
1800,69.67,15.21,F
1800,69.78,18.68,E
1800,69.78,22.15,E
1800,69.8,8.68,F
1800,69.8,36.84,F
1800,69.95,7.2,F
1800,69.95,29.71,F
1800,70.06,0,E
1800,70.06,1.07,E
1800,70.06,2.76,E
1800,70.06,6.1,E
1800,70.06,11.28,E
1800,70.06,33.62,E
1800,70.06,35.61,E
1800,70.09,10.5,F
1800,70.09,12.48,F
1800,70.09,12.75,F
1800,70.09,20.26,F
1800,70.09,23.89,F
1800,70.09,25.57,F
1800,70.09,26.18,F
1800,70.27,9.47,F
1800,70.34,13.76,F
1800,70.34,32.43,F
1800,70.5,4.92,E
1800,70.51,0,E
1800,70.51,9.84,E
1800,70.51,11.84,E
1800,70.51,20.73,E
1800,70.51,21.53,E
1800,70.51,23.57,E
1800,70.51,33.3,E
1800,70.51,34.27,E
1800,70.61,9.9,E
1800,70.61,30.11,E
1800,70.61,34.47,E
1800,70.7,2.12,F
1800,70.7,33.42,F
1800,70.73,28.3,F
1800,70.97,5.2,E
1800,71.1,4.46,F
1800,71.33,24.13,E
1800,71.43,11.98,E
1800,71.43,18.91,E
1800,71.43,19.2,E
1800,71.43,23.64,E
1800,71.56,1.08,F
1800,71.56,2.93,E
1800,71.56,9.08,E
1800,71.56,12.19,E
1800,71.56,20.19,F
1800,71.56,20.99,E
1800,71.9,18.24,E
1800,71.9,18.34,E
1800,71.9,25.99,E
1800,71.9,29.6,E
1800,71.9,31.76,E
1800,72.34,29.96,G
1800,72.35,25.92,E
1800,72.82,3.84,E
1800,72.82,24.75,E
1800,72.83,16,E
1800,72.83,27.98,E
1800,73.75,3.16,E
1800,74.26,21.87,F
1800,74.45,18.25,G
1800,74.45,35.97,G
1800,75.13,28.31,F
1800,75.16,13.09,F
1800,75.16,16.1,F
1800,77.06,23.69,F
1800,77.3,33.44,G
1825,54.96,19.1,A
1825,55.59,7.79,A
1825,56.53,7.97,A
1825,56.53,16.46,A
1825,56.65,24.1,A
1825,57.11,1,A
1825,57.16,3.12,A
1825,57.17,19.57,A
1825,57.58,6.03,A
1825,57.95,20.55,A
1825,58.03,19.79,B
1825,58.41,18.49,B
1825,58.83,6.02,B
1825,58.83,13.47,B
1825,59.51,39.03,B
1825,59.8,27.41,B
1825,60.18,17,B
1825,60.6,16.57,B
1825,60.66,1.92,C
1825,60.73,7.26,B
1825,60.73,8.86,B
1825,60.73,17.13,B
1825,61.22,16.81,C
1825,61.27,2.89,C
1825,61.27,24.31,C
1825,61.65,7.97,C
1825,61.93,14.9,C
1825,61.93,28.33,C
1825,62.02,30.88,C
1825,62.37,30.99,C
1825,62.62,18.17,C
1825,62.81,4.25,C
1825,63.26,13.47,C
1825,63.55,11.31,C
1825,63.55,28.65,C
1825,63.82,9,C
1825,63.82,10.33,D
1825,63.82,12.81,C
1825,63.95,25.07,F
1825,63.96,33.53,D
1825,64.16,6.24,C
1825,64.18,47.69,C
1825,64.43,22.76,C
1825,65.06,27.67,D
1825,65.06,31.85,D
1825,65.15,4.24,D
1825,65.76,32.64,D
1825,66.2,12.37,D
1825,66.2,31.33,D
1825,66.21,12.98,E
1825,66.89,6.79,D
1825,66.93,8.17,D
1825,67.08,23.1,E
1825,67.29,31.83,D
1825,67.34,10.28,D
1825,67.35,23.47,E
1825,67.82,24,E
1825,67.82,38.37,E
1825,69.22,26.55,D
1825,69.22,31.12,D
1825,70.03,31.42,E
1825,71.48,18.28,E
1825,71.49,34.16,E
1825,74.78,6.47,E
1825,76.16,35.18,G
1850,56.85,21.17,A
1850,56.98,11.78,A
1850,57.23,11.59,A
1850,57.31,4.62,A
1850,57.84,7.68,A
1850,58.05,15.4,A
1850,58.14,5.01,A
1850,58.14,16,A
1850,58.18,16.42,B
1850,58.18,16.7,B
1850,59.21,8.03,B
1850,59.21,8.26,B
1850,59.64,19.27,B
1850,59.64,26.33,B
1850,59.69,19.16,B
1850,60.34,5.1,B
1850,60.48,8.32,B
1850,60.48,21.44,B
1850,60.49,7.74,B
1850,60.49,19.62,B
1850,60.69,10.33,B
1850,60.69,27.92,B
1850,60.96,14.83,B
1850,60.96,31.79,B
1850,60.96,32.95,B
1850,60.98,9.89,B
1850,61,9.96,B
1850,61,28.78,B
1850,61,37.59,B
1850,61.44,18.31,B
1850,61.44,20.11,B
1850,61.56,0.45,B
1850,61.89,27.32,B
1850,62.06,4.6,C
1850,62.06,13.72,C
1850,62.06,20.34,C
1850,62.11,12.5,C
1850,62.11,18.6,C
1850,62.44,17.14,B
1850,62.5,19.5,C
1850,62.5,22.5,C
1850,62.78,18.96,C
1850,62.86,7.41,C
1850,62.87,0.8,C
1850,62.87,30.96,C
1850,63.22,30.28,C
1850,63.48,11.61,C
1850,63.53,15.53,C
1850,63.53,20.65,C
1850,63.81,23.12,C
1850,64.13,8.19,C
1850,64.15,14.72,C
1850,64.18,28.66,C
1850,64.42,10.52,C
1850,64.69,6,D
1850,64.69,6.15,D
1850,64.69,18.35,C
1850,64.69,18.88,C
1850,64.84,30.47,D
1850,65.04,13.49,C
1850,65.06,12.27,C
1850,65.06,17.5,C
1850,65.17,14.35,C
1850,65.31,18.58,D
1850,65.31,22.19,C
1850,65.95,18.97,D
1850,66.09,35.8,D
1850,66.21,9.87,D
1850,66.21,29.18,D
1850,66.49,31.52,D
1850,66.86,28.65,D
1850,66.94,17.09,D
1850,67.81,31.43,D
1850,67.81,31.87,D
1850,67.87,20.81,D
1850,68,7.72,E
1850,68,23,E
1850,68.21,24.82,D
1850,68.65,30.82,E
1850,69.05,16.11,D
1850,70.13,21.63,D
1850,70.65,31.3,F
1850,70.8,21.12,E
1850,71.37,22.14,E
1850,71.74,12.34,F
1850,71.74,31.15,F
1850,72.23,12.36,F
1850,74.35,8.72,G
1850,74.84,40.8,E
1850,75.3,27.42,E
1850,77.2,26.08,G
1850,77.25,10.6,F
1875,57.89,23.91,A
1875,58.12,17.82,A
1875,58.67,7.85,A
1875,58.76,19.06,A
1875,59.19,24.47,A
1875,59.78,22.2,B
1875,60.65,19.25,B
1875,60.73,10.81,B
1875,61.88,3.75,B
1875,62.63,9.84,C
1875,62.63,31.16,C
1875,62.9,17.85,C
1875,62.9,21.3,C
1875,62.99,34.46,C
1875,63.28,14.5,B
1875,63.28,27.59,B
1875,63.48,18.13,C
1875,63.48,31.67,C
1875,63.62,18,C
1875,63.62,18.83,C
1875,63.69,24.15,C
1875,64.07,14.73,C
1875,64.54,24.09,C
1875,64.68,10.85,C
1875,64.68,13.91,C
1875,64.99,8.09,C
1875,65.29,1.65,C
1875,65.29,4.84,C
1875,65.55,5.49,C
1875,65.56,7.43,D
1875,65.56,28.56,C
1875,65.56,28.72,D
1875,65.92,20.7,D
1875,65.92,39.69,D
1875,66.19,3.92,D
1875,66.38,22.07,D
1875,66.43,17.62,D
1875,66.43,22.39,D
1875,66.47,4.09,D
1875,66.47,7.38,D
1875,66.47,21.53,D
1875,66.84,5.02,D
1875,66.84,13.15,D
1875,66.84,13.53,D
1875,66.84,14.33,D
1875,67.39,7.76,D
1875,67.39,9.18,D
1875,67.66,29.03,D
1875,68.02,26.32,D
1875,68.03,23.96,E
1875,68.03,32.49,E
1875,68.25,11.63,D
1875,68.25,24.36,D
1875,68.25,24.62,D
1875,68.73,14.2,E
1875,68.92,5.92,E
1875,68.92,12.08,E
1875,69.68,12.75,E
1875,69.68,31.62,D
1875,70.16,24.75,E
1875,70.64,8.38,E
1875,72,2.1,E
1875,73.45,5.86,E
1875,73.56,14.34,E
1875,73.93,4.45,E
1875,76.82,10.31,E
1875,79.78,1.17,F
1900,39.35,24.6,A
1900,40.37,23.06,B
1900,57.22,13.52,A
1900,57.22,23.02,A
1900,57.22,27.88,A
1900,57.63,11.32,A
1900,57.63,22.16,A
1900,57.8,2,A
1900,57.88,10.71,A
1900,57.9,2.2,A
1900,58.23,19.9,A
1900,58.23,26.59,A
1900,58.34,0.75,A
1900,58.34,1.79,A
1900,58.34,4.98,A
1900,58.34,12.9,A
1900,58.39,26.19,A
1900,58.42,18.71,A
1900,58.42,32.04,A
1900,58.52,2.64,A
1900,58.6,15.72,A
1900,58.65,6.59,A
1900,58.65,26.8,A
1900,58.66,7.8,A
1900,58.66,12.75,A
1900,58.66,14.3,A
1900,58.69,3.42,A
1900,58.69,25.04,A
1900,58.85,5.63,A
1900,58.88,6.05,A
1900,58.9,0.4,A
1900,58.92,23.05,A
1900,58.97,14.15,A
1900,59.07,11.23,A
1900,59.1,12.15,A
1900,59.12,19.27,A
1900,59.21,16.41,A
1900,59.4,13.23,A
1900,59.46,15,A
1900,59.51,26.83,A
1900,59.52,13.74,A
1900,59.52,14.44,A
1900,59.54,3.39,A
1900,59.54,7.86,A
1900,59.54,9.48,A
1900,59.7,17.35,B
1900,59.71,9.03,A
1900,59.71,15.04,A
1900,59.71,16.95,A
1900,59.75,3.02,B
1900,59.75,19.66,B
1900,59.95,14.7,A
1900,59.95,15.08,A
1900,60.06,17.11,A
1900,60.26,9.32,A
1900,60.42,19.53,B
1900,60.81,7.37,B
1900,60.81,20.95,B
1900,60.86,10.8,B
1900,60.86,24.28,B
1900,61,10,B
1900,61.02,14.78,B
1900,61.09,14.15,B
1900,61.09,18.3,B
1900,61.13,30.44,B
1900,61.25,1.39,B
1900,61.25,10.06,B
1900,61.25,13.74,B
1900,61.25,28.72,B
1900,61.38,15.33,B
1900,61.38,15.59,B
1900,61.38,28.59,B
1900,61.45,30.35,B
1900,61.46,3.37,B
1900,61.69,10.05,B
1900,61.73,18.78,B
1900,61.75,3.54,B
1900,61.75,4.22,B
1900,61.75,20.56,B
1900,61.75,27.6,B
1900,61.98,34.44,B
1900,62.12,13.61,B
1900,62.13,10.21,B
1900,62.2,16,B
1900,62.2,26.46,B
1900,62.2,28.43,B
1900,62.26,37.07,B
1900,62.33,13.5,B
1900,62.33,29.38,B
1900,62.41,0.38,B
1900,62.41,11.99,B
1900,62.61,20.7,B
1900,62.65,13.99,B
1900,62.65,14.41,B
1900,62.65,16.76,B
1900,62.65,17.04,B
1900,62.69,16.16,B
1900,62.69,17.15,B
1900,62.69,18.5,B
1900,62.81,19.92,B
1900,63.1,15.6,B
1900,63.1,26.11,B
1900,63.1,32.4,C
1900,63.16,28.86,C
1900,63.38,11.44,C
1900,63.38,14.58,C
1900,63.38,20.63,C
1900,63.56,16.24,B
1900,63.68,12.6,C
1900,63.68,20.65,C
1900,63.78,31.64,B
1900,63.88,23.29,C
1900,64.01,10.97,C
1900,64.01,24.05,B
1900,64.08,21.78,C
1900,64.12,23.44,B
1900,64.33,21.03,C
1900,64.34,16.84,C
1900,64.34,34.17,C
1900,64.47,2.66,C
1900,64.47,4.01,C
1900,64.56,20.01,C
1900,64.56,21.7,C
1900,64.56,33.56,C
1900,64.63,18.95,C
1900,64.64,22.93,C
1900,64.64,25.15,C
1900,64.93,16.11,C
1900,64.93,17.89,C
1900,64.93,25.73,C
1900,64.93,29.77,C
1900,65.01,32.71,C
1900,65.09,20.88,C
1900,65.23,14.52,C
1900,65.25,9.81,C
1900,65.38,20.44,C
1900,65.4,10.73,C
1900,65.4,12.22,C
1900,65.54,15.7,C
1900,65.73,12.56,C
1900,65.86,15.56,C
1900,65.86,24.34,C
1900,65.86,31.59,C
1900,65.91,17.02,C
1900,65.92,18.84,C
1900,65.92,31.57,C
1900,66.25,19.82,D
1900,66.33,12.34,C
1900,66.42,15.98,C
1900,66.42,29.16,C
1900,66.44,11.97,D
1900,66.44,12.94,D
1900,66.44,13.79,C
1900,66.44,19.17,C
1900,66.44,19.24,D
1900,66.62,26.44,C
1900,66.79,5.56,C
1900,66.81,27.42,C
1900,66.93,34.17,C
1900,67.08,18.12,D
1900,67.32,19.33,D
1900,67.54,29.03,C
1900,67.66,14.97,C
1900,67.66,34.54,C
1900,67.66,38,C
1900,67.74,6.38,D
1900,67.74,21.01,D
1900,67.74,27.61,D
1900,67.83,0,D
1900,67.83,12.29,D
1900,68,22.65,D
1900,68.29,30.77,D
1900,68.47,15.21,D
1900,68.75,28.4,D
1900,68.93,8.44,E
1900,68.93,14.41,D
1900,68.93,15.66,E
1900,68.93,18.93,D
1900,69.16,7.38,D
1900,69.16,15.82,D
1900,69.16,24.27,E
1900,69.21,23.88,E
1900,69.59,14.35,D
1900,69.64,7.23,E
1900,69.64,8.52,D
1900,70.06,6,D
1900,70.15,14.93,D
1900,70.16,23.24,D
1900,70.54,17.34,D
1900,70.61,15.03,E
1900,70.61,16.65,D
1900,70.61,26.74,E
1900,70.81,19.02,D
1900,71.48,15.21,D
1900,71.76,6.2,E
1900,72.42,30.49,D
1900,72.54,39.78,E
1900,72.56,14.13,E
1900,72.71,8.65,E
1900,72.91,25.2,D
1900,73.45,106.03,E
1900,73.46,27.21,E
1900,73.95,8.44,E
1900,73.95,24.52,E
1900,74.54,18.7,F
1900,75.54,15.88,E
1900,75.84,19.33,E
1900,76.04,20.27,E
1900,76.37,11.19,E
1900,77.14,46.88,F
1900,77.85,0.8,E
1925,57.98,13.44,A
1925,58.59,13.32,A
1925,58.63,27.57,A
1925,58.72,9.17,A
1925,58.78,18.52,A
1925,58.78,26.44,A
1925,59,3.44,A
1925,59.11,9.91,A
1925,59.11,29.55,A
1925,59.23,15.27,A
1925,59.29,10.08,A
1925,59.43,14.45,A
1925,59.63,18.25,A
1925,59.65,19.2,A
1925,59.67,22,A
1925,59.75,10.17,A
1925,59.75,10.93,A
1925,59.75,15.12,A
1925,59.75,16.82,A
1925,59.96,3.35,A
1925,59.99,18.77,A
1925,59.99,25.26,A
1925,60.23,10.11,A
1925,60.23,18.39,A
1925,60.23,24.69,A
1925,60.29,15.71,A
1925,60.32,14.21,A
1925,60.32,19.49,A
1925,60.32,26.8,A
1925,60.32,32.11,A
1925,60.54,10.79,B
1925,60.54,14.64,B
1925,60.54,14.99,B
1925,60.54,21.9,B
1925,60.67,13.08,B
1925,60.67,26.15,B
1925,61.05,11.4,A
1925,61.13,22.77,A
1925,61.13,24.78,A
1925,61.37,15.86,B
1925,61.37,32.09,B
1925,61.61,11.93,B
1925,61.61,16.84,B
1925,61.61,23.89,B
1925,61.61,28.65,B
1925,61.66,26.84,B
1925,61.66,30.97,B
1925,61.89,1.62,B
1925,61.89,9.09,B
1925,61.89,13.6,B
1925,61.89,14.93,B
1925,61.89,17.77,B
1925,61.9,2.19,B
1925,61.9,8.45,B
1925,62.04,4.79,B
1925,62.06,17.78,B
1925,62.06,18.6,B
1925,62.06,21.95,B
1925,62.06,27.38,B
1925,62.11,14.45,B
1925,62.5,22.39,B
1925,62.5,25.18,B
1925,62.54,17.73,B
1925,62.56,31.94,B
1925,62.65,22.1,B
1925,62.71,21.83,B
1925,62.77,5.74,B
1925,62.79,4.23,B
1925,62.8,32.41,B
1925,62.95,30.06,B
1925,63.02,4.78,B
1925,63.02,8.49,B
1925,63.02,20.55,B
1925,63.23,3.98,B
1925,63.38,7.61,B
1925,63.43,2.99,B
1925,63.43,23.96,B
1925,63.46,21.28,B
1925,63.47,12.1,B
1925,63.47,14.73,B
1925,63.47,19.2,B
1925,63.51,1.8,B
1925,63.51,3.51,B
1925,63.51,19.4,B
1925,63.51,27.65,B
1925,63.93,2.08,B
1925,63.93,8.92,C
1925,63.93,14.2,B
1925,63.93,27.04,B
1925,63.93,62.82,B
1925,63.99,26.76,C
1925,63.99,27.08,C
1925,64.05,4.02,B
1925,64.05,10.51,B
1925,64.05,13.22,B
1925,64.11,8.36,B
1925,64.21,11.1,C
1925,64.21,19.08,C
1925,64.26,17.6,B
1925,64.49,28.22,C
1925,64.51,9.95,C
1925,64.51,25.58,C
1925,64.58,15.67,C
1925,64.58,17.46,C
1925,64.58,30.29,C
1925,64.58,33.15,C
1925,64.58,34.32,C
1925,64.58,34.88,C
1925,64.62,22.51,B
1925,64.63,24.88,C
1925,64.67,26.3,C
1925,64.67,31.97,C
1925,64.72,10.48,C
1925,64.73,24.34,B
1925,64.79,21.65,D
1925,64.86,18.19,C
1925,64.97,23.14,B
1925,65.17,13.62,C
1925,65.17,26.8,C
1925,65.19,34.69,C
1925,65.32,5.17,C
1925,65.32,6.23,C
1925,65.32,14.03,C
1925,65.32,28.49,C
1925,65.41,11.21,C
1925,65.41,26.31,C
1925,65.47,28.23,C
1925,65.79,4.31,C
1925,65.79,13.2,C
1925,65.79,15.64,C
1925,65.79,17.19,C
1925,65.79,21.71,C
1925,65.79,25.55,C
1925,65.87,17.82,C
1925,65.87,21.91,C
1925,65.95,25.67,C
1925,66.08,9.73,C
1925,66.11,4.36,C
1925,66.12,16.98,C
1925,66.23,33.57,C
1925,66.26,5.91,C
1925,66.49,20.33,D
1925,66.73,21.44,C
1925,66.73,35.02,C
1925,66.75,28.66,C
1925,66.77,2.7,C
1925,66.95,24.57,C
1925,67.03,15.89,C
1925,67.03,24.94,C
1925,67.29,10.99,D
1925,67.31,14.22,D
1925,67.31,19.15,C
1925,67.67,10.92,C
1925,67.67,26.11,D
1925,67.7,25.12,C
1925,67.91,28.62,C
1925,67.96,34.41,D
1925,68.12,11.37,C
1925,68.21,15.11,D
1925,68.21,37.98,D
1925,68.63,4.77,D
1925,68.63,8.24,D
1925,68.63,8.64,D
1925,68.63,15.01,D
1925,68.63,18.53,D
1925,68.63,26.61,D
1925,68.63,27.89,D
1925,68.63,28.9,D
1925,68.72,29.93,D
1925,68.9,10.84,D
1925,69.09,13.05,D
1925,69.18,7.39,D
1925,69.37,17.68,D
1925,69.46,14.2,D
1925,69.46,15.31,D
1925,69.66,14.13,D
1925,69.84,13.68,D
1925,69.84,27.56,E
1925,70.13,13.72,E
1925,70.41,20.67,E
1925,70.56,2.22,D
1925,70.56,17.97,D
1925,70.56,33.9,D
1925,70.6,3.17,D
1925,70.62,14.14,D
1925,70.75,17.69,E
1925,70.75,30.88,E
1925,71.03,14,D
1925,71.54,1.32,D
1925,71.54,9.19,D
1925,71.54,14.89,D
1925,71.54,21.86,E
1925,72.03,6.43,E
1925,72.42,20.6,D
1925,72.52,15.57,E
1925,72.53,21.07,E
1925,72.71,8.25,E
1925,72.98,9.89,D
1925,73.51,17.3,F
1925,73.87,22.51,D
1925,74.65,11.89,F
1925,75.41,34.38,E
1925,77.38,31.32,E
1925,77.87,13.75,E
1925,77.87,22.11,E
1925,78.36,25.77,G
1925,78.36,37.15,E
1925,79.1,20.35,F
1925,81.19,5.47,F
1925,82.72,32.74,G
1950,47.73,13.26,D
1950,59.43,5.93,A
1950,59.54,12.75,A
1950,59.92,14.62,A
1950,59.92,14.7,A
1950,60.53,13.17,A
1950,60.54,14.49,A
1950,61.01,18.58,A
1950,61.01,23.48,A
1950,61.08,5.76,A
1950,61.33,16.39,B
1950,61.64,24.34,A
1950,61.92,15.68,A
1950,61.92,17.15,A
1950,61.92,23.89,A
1950,62.17,12.44,B
1950,62.41,20.58,B
1950,62.7,1.65,B
1950,62.92,8.88,B
1950,62.92,13.1,B
1950,63.07,17.3,B
1950,63.23,11.28,B
1950,63.27,24.29,B
1950,63.38,27.65,B
1950,63.84,2.66,B
1950,64.21,2.62,B
1950,64.21,11.62,B
1950,64.21,18.76,B
1950,64.28,12.98,B
1950,64.28,21.24,B
1950,64.3,9.16,B
1950,64.35,14.67,B
1950,64.64,16.29,B
1950,64.76,13.95,C
1950,64.88,21.02,B
1950,64.88,25.2,B
1950,65.16,8.77,B
1950,65.23,20.22,B
1950,65.23,23.46,B
1950,65.42,20.3,B
1950,65.42,21.27,C
1950,65.45,17.25,B
1950,65.46,16.08,C
1950,65.46,48.32,C
1950,65.7,2.53,C
1950,65.81,13.44,B
1950,65.81,15.08,C
1950,65.81,17.08,B
1950,65.88,3.45,C
1950,65.88,36.91,C
1950,66.04,9.02,C
1950,66.04,28.25,C
1950,66.17,11.52,C
1950,66.17,25.28,C
1950,66.24,5.9,C
1950,66.24,18.95,C
1950,66.26,13.63,C
1950,66.34,6.74,C
1950,66.34,11.8,C
1950,66.34,17.6,C
1950,66.63,10.14,C
1950,66.63,16.88,C
1950,66.63,27.54,C
1950,66.64,19.99,C
1950,66.72,30.84,C
1950,66.74,13.01,B
1950,66.74,34.08,B
1950,66.8,19.98,C
1950,66.91,16.93,C
1950,67.11,5.33,C
1950,67.26,6.87,C
1950,67.59,9.37,C
1950,67.59,22.05,C
1950,67.9,4.89,C
1950,68.19,4.36,D
1950,68.19,18.55,D
1950,68.55,15.42,D
1950,68.58,21.12,C
1950,68.58,22.09,C
1950,68.84,9.19,D
1950,68.84,34.68,C
1950,69.09,5.95,D
1950,69.09,6.72,D
1950,69.09,7.64,D
1950,69.09,12.37,D
1950,69.09,22.33,D
1950,69.13,17.99,D
1950,69.44,19.69,C
1950,69.52,6.56,D
1950,69.52,21.07,D
1950,69.52,22.49,D
1950,69.52,22.95,D
1950,69.52,23,D
1950,69.62,16.13,D
1950,69.79,18.82,C
1950,69.98,15.99,D
1950,70.08,9.82,D
1950,70.37,27.47,D
1950,70.47,28.56,D
1950,70.49,16.52,D
1950,70.56,8.7,D
1950,70.75,0.5,D
1950,70.75,19.39,D
1950,70.98,5.19,D
1950,70.98,27.44,D
1950,71.04,4.42,E
1950,71.72,1,E
1950,71.72,2.73,E
1950,71.95,26.37,D
1950,72,14.03,D
1950,72.46,28.76,D
1950,73.22,35.38,E
1950,73.65,19.33,E
1950,73.65,32.06,E
1950,74.33,7.95,D
1950,74.63,4.24,E
1950,75.62,6.35,F
1950,75.9,17.97,E
1950,75.93,20.96,F
1950,75.93,24.46,F
1950,76.13,14.28,F
1950,77.02,27.09,F
1950,77.89,12.49,E
1950,78.13,21.18,F
1950,78.56,28.52,F
1950,79.37,38,E
1950,82.45,5.62,F
1975,42.14,15.45,F
1975,59.48,16.92,A
1975,60.16,8.19,A
1975,60.19,12.19,A
1975,60.26,8.97,A
1975,60.3,20.62,A
1975,60.73,4.61,A
1975,60.83,42.15,A
1975,60.98,12.15,A
1975,61.2,26.81,A
1975,61.3,18.19,A
1975,61.8,25.71,A
1975,61.86,17.19,A
1975,61.87,3.28,A
1975,62.11,20.44,B
1975,62.11,29.56,B
1975,62.43,27.38,A
1975,62.8,9.24,B
1975,63.88,8.84,B
1975,64.17,10.04,B
1975,64.19,27.52,B
1975,64.43,18.43,B
1975,64.65,9.72,B
1975,64.65,26.7,B
1975,64.72,4.38,B
1975,65.08,26.02,B
1975,65.12,11.61,B
1975,65.12,14.91,B
1975,65.12,17.38,B
1975,65.16,6.59,B
1975,65.29,24.05,B
1975,65.97,19.43,C
1975,66.29,16.08,B
1975,66.44,11.27,C
1975,66.86,10.55,C
1975,66.86,38.2,C
1975,66.88,22.39,C
1975,67.11,34.12,C
1975,67.5,15.67,C
1975,67.5,25.26,C
1975,67.5,26.35,C
1975,67.58,9.97,C
1975,67.58,10.06,C
1975,67.59,13.49,B
1975,67.59,31.85,B
1975,67.96,2.5,C
1975,68.13,13.63,C
1975,68.13,26.75,C
1975,68.52,29.54,C
1975,68.77,22.64,C
1975,68.87,18.82,D
1975,70.41,7.08,D
1975,70.41,13.79,D
1975,71.27,23.1,D
1975,71.27,23.23,D
1975,71.27,32.02,D
1975,71.65,5.16,D
1975,71.89,13.47,D
1975,72.39,20.25,E
1975,72.39,32.32,D
1975,72.59,15.52,E
1975,72.87,20.66,D
1975,73.6,13.59,E
1975,74.16,28.47,E
1975,74.91,24.58,D
1975,75.4,24.29,E
1975,75.42,26.19,E
1975,75.58,28.58,E
1975,75.79,20.11,D
1975,75.83,15.4,E
1975,76.59,14.8,F
1975,77.48,33.84,E
1975,78.26,7.83,E
1975,78.37,7.07,E
1975,80.18,25.29,F
2000,33.89,11.56,B
2000,39.52,13.46,A
2000,40.09,4.76,A
2000,40.23,9.61,A
2000,42.86,3.96,B
2000,42.86,7.54,B
2000,42.87,21.26,B
2000,43.11,6,B
2000,43.48,23.18,B
2000,43.98,2.5,B
2000,43.98,7.91,B
2000,44.48,4.4,B
2000,45.18,5.44,C
2000,45.27,37.57,D
2000,45.57,13.84,C
2000,45.57,21.1,C
2000,45.57,24.83,C
2000,45.75,1.69,C
2000,46.01,14.23,C
2000,46.2,20.19,B
2000,46.33,22.03,C
2000,46.52,13.63,C
2000,46.72,17.07,C
2000,46.82,19.31,C
2000,47.22,12.47,C
2000,47.22,22.53,C
2000,47.82,27.78,C
2000,47.83,11.17,C
2000,48.2,2.68,D
2000,48.23,29.98,C
2000,48.44,14.83,C
2000,48.44,16.68,C
2000,48.9,23.28,C
2000,48.95,2.95,C
2000,48.95,21.46,C
2000,48.95,24.11,C
2000,48.98,24.2,D
2000,49.12,10.12,E
2000,49.12,24.32,E
2000,49.46,2.44,E
2000,49.46,22.96,D
2000,49.46,24.4,E
2000,49.52,10.19,E
2000,49.52,14.35,E
2000,49.7,14.35,D
2000,49.7,18.64,D
2000,49.77,15.05,E
2000,49.82,4.27,C
2000,50.53,8.92,D
2000,50.54,4.25,D
2000,50.54,5.87,D
2000,51.06,8.08,F
2000,51.39,4.68,D
2000,51.49,7.36,E
2000,51.49,7.89,E
2000,51.93,12.01,F
2000,52.13,18.03,D
2000,52.46,3.35,D
2000,52.98,17.31,E
2000,53.17,12.62,G
2000,53.27,8.89,F
2000,53.55,3.32,E
2000,53.55,21.99,E
2000,54.11,23.15,E
2000,54.66,11.82,E
2000,55.76,18.96,E
2000,56.71,10.29,F
2000,56.85,11.5,E
2000,56.85,25.47,E
2000,56.88,8.58,F
2000,57.19,9.47,F
2000,57.34,8.3,F
2000,57.34,8.84,F
2000,57.63,1.97,F
2000,58.12,9.18,F
2000,58.12,13.84,F
2000,58.12,15.47,F
2000,58.12,25.41,F
2000,58.58,17.49,F
2000,59.15,16.67,C
2000,59.38,21.88,F
2000,59.65,24.44,G
2000,59.76,16.01,G
2000,60.23,0.5,A
2000,60.23,0.88,A
2000,60.23,0.89,A
2000,60.23,1.08,A
2000,60.23,1.12,A
2000,60.23,1.77,A
2000,60.23,2.35,A
2000,60.23,2.37,A
2000,60.23,2.46,A
2000,60.23,2.5,A
2000,60.23,2.72,A
2000,60.23,2.76,A
2000,60.23,2.81,A
2000,60.23,3.14,A
2000,60.23,3.16,A
2000,60.23,3.2,A
2000,60.23,3.41,A
2000,60.23,3.54,A
2000,60.23,3.61,A
2000,60.23,3.63,A
2000,60.23,3.8,A
2000,60.23,3.85,A
2000,60.23,3.97,A
2000,60.23,4.05,A
2000,60.23,4.1,A
2000,60.23,4.22,A
2000,60.23,4.24,A
2000,60.23,4.29,A
2000,60.23,4.3,A
2000,60.23,4.59,A
2000,60.23,4.94,A
2000,60.23,5,A
2000,60.23,5.24,A
2000,60.23,5.33,A
2000,60.23,5.4,A
2000,60.23,5.46,A
2000,60.23,5.62,A
2000,60.23,5.88,A
2000,60.23,5.93,A
2000,60.23,6,A
2000,60.23,6.05,A
2000,60.23,6.17,A
2000,60.23,6.47,A
2000,60.23,6.5,A
2000,60.23,6.59,A
2000,60.23,6.69,A
2000,60.23,6.71,A
2000,60.23,7.06,A
2000,60.23,7.11,A
2000,60.23,7.2,A
2000,60.23,7.53,A
2000,60.23,7.74,A
2000,60.23,7.75,A
2000,60.23,7.78,A
2000,60.23,7.83,A
2000,60.23,7.9,A
2000,60.23,7.98,A
2000,60.23,8.03,A
2000,60.23,8.06,A
2000,60.23,8.08,A
2000,60.23,8.13,A
2000,60.23,8.29,A
2000,60.23,8.3,A
2000,60.23,8.34,A
2000,60.23,8.47,A
2000,60.23,8.51,A
2000,60.23,8.56,A
2000,60.23,8.83,A
2000,60.23,8.97,A
2000,60.23,8.99,A
2000,60.23,9.03,A
2000,60.23,9.17,A
2000,60.23,9.19,A
2000,60.23,9.23,A
2000,60.23,9.3,A
2000,60.23,9.46,A
2000,60.23,9.48,A
2000,60.23,9.6,A
2000,60.23,9.69,A
2000,60.23,9.79,A
2000,60.23,9.81,A
2000,60.23,9.82,A
2000,60.23,9.86,A
2000,60.23,9.89,A
2000,60.23,9.95,A
2000,60.23,10.04,A
2000,60.23,10.22,A
2000,60.23,10.35,A
2000,60.23,10.42,A
2000,60.23,10.52,A
2000,60.23,10.61,A
2000,60.23,10.68,A
2000,60.23,10.69,A
2000,60.23,10.77,A
2000,60.23,10.79,A
2000,60.23,10.82,A
2000,60.23,10.89,A
2000,60.23,10.92,A
2000,60.23,11.03,A
2000,60.23,11.04,A
2000,60.23,11.28,A
2000,60.23,11.34,A
2000,60.23,11.42,A
2000,60.23,11.46,A
2000,60.23,11.48,A
2000,60.23,11.58,A
2000,60.23,11.87,A
2000,60.23,11.9,A
2000,60.23,12,A
2000,60.23,12.03,A
2000,60.23,12.65,A
2000,60.23,12.83,A
2000,60.23,12.91,A
2000,60.23,12.92,A
2000,60.23,12.95,A
2000,60.23,12.99,A
2000,60.23,13,A
2000,60.23,13.22,A
2000,60.23,13.34,A
2000,60.23,13.36,A
2000,60.23,13.53,A
2000,60.23,13.61,A
2000,60.23,13.77,A
2000,60.23,13.82,A
2000,60.23,13.83,A
2000,60.23,13.91,A
2000,60.23,13.94,A
2000,60.23,14.02,A
2000,60.23,14.14,A
2000,60.23,14.19,A
2000,60.23,14.54,A
2000,60.23,14.67,A
2000,60.23,14.68,A
2000,60.23,14.76,A
2000,60.23,14.77,A
2000,60.23,14.8,A
2000,60.23,14.88,A
2000,60.23,14.98,A
2000,60.23,15.11,A
2000,60.23,15.25,A
2000,60.23,15.26,A
2000,60.23,15.28,A
2000,60.23,15.38,A
2000,60.23,15.57,A
2000,60.23,15.59,A
2000,60.23,15.67,A
2000,60.23,15.79,A
2000,60.23,15.88,A
2000,60.23,15.97,A
2000,60.23,16.2,A
2000,60.23,16.28,A
2000,60.23,16.29,A
2000,60.23,16.33,A
2000,60.23,16.42,A
2000,60.23,16.45,A
2000,60.23,16.58,A
2000,60.23,16.6,A
2000,60.23,16.62,A
2000,60.23,16.63,A
2000,60.23,17.02,A
2000,60.23,17.14,A
2000,60.23,17.34,A
2000,60.23,17.39,A
2000,60.23,17.5,A
2000,60.23,17.59,A
2000,60.23,17.69,A
2000,60.23,17.7,A
2000,60.23,17.74,A
2000,60.23,18,A
2000,60.23,18.06,A
2000,60.23,18.1,A
2000,60.23,18.92,A
2000,60.23,19.13,A
2000,60.23,19.22,A
2000,60.23,19.43,A
2000,60.23,19.48,A
2000,60.23,19.55,A
2000,60.23,19.58,A
2000,60.23,19.9,A
2000,60.23,19.94,A
2000,60.23,20.05,A
2000,60.23,20.47,A
2000,60.23,20.51,A
2000,60.23,20.63,A
2000,60.23,20.74,A
2000,60.23,20.78,A
2000,60.23,21.11,A
2000,60.23,21.59,A
2000,60.23,21.77,A
2000,60.23,21.78,A
2000,60.23,21.8,A
2000,60.23,22.21,A
2000,60.23,22.3,A
2000,60.23,22.48,A
2000,60.23,22.68,A
2000,60.23,22.8,A
2000,60.23,22.85,A
2000,60.23,22.94,A
2000,60.23,23.09,A
2000,60.23,23.15,A
2000,60.23,23.18,A
2000,60.23,23.24,A
2000,60.23,23.34,A
2000,60.23,23.88,A
2000,60.23,23.89,A
2000,60.23,24.22,A
2000,60.23,24.26,A
2000,60.23,24.35,A
2000,60.23,24.98,A
2000,60.23,25.2,A
2000,60.23,25.39,A
2000,60.23,25.45,A
2000,60.23,25.49,A
2000,60.23,26.32,A
2000,60.23,26.77,A
2000,60.23,27.28,A
2000,60.23,27.31,A
2000,60.23,27.49,A
2000,60.23,27.65,A
2000,60.23,27.66,A
2000,60.23,28,A
2000,60.23,28.22,A
2000,60.23,28.37,A
2000,60.23,28.39,A
2000,60.23,28.53,A
2000,60.23,29.23,A
2000,60.23,29.7,A
2000,60.23,35.18,A
2000,60.32,1,A
2000,60.32,1.71,A
2000,60.32,1.88,A
2000,60.32,2.4,A
2000,60.32,3.6,A
2000,60.32,5.19,A
2000,60.32,5.62,A
2000,60.32,6.1,A
2000,60.32,8.09,A
2000,60.32,10.4,A
2000,60.32,11.06,A
2000,60.32,11.73,A
2000,60.32,12.16,A
2000,60.32,12.37,A
2000,60.32,15.14,A
2000,60.32,15.49,A
2000,60.32,17.12,A
2000,60.32,17.81,A
2000,60.32,20.26,A
2000,60.32,21.84,A
2000,60.32,29.04,A
2000,60.66,5.08,A
2000,60.66,6.83,A
2000,60.66,12.35,A
2000,60.66,13.26,A
2000,60.66,18.04,A
2000,60.66,23.94,A
2000,60.84,2.06,A
2000,60.84,6,A
2000,60.84,9.71,A
2000,60.84,11.29,A
2000,60.84,16.67,A
2000,60.84,24.91,A
2000,60.88,2.88,A
2000,60.88,3.42,A
2000,60.88,5.15,A
2000,60.88,5.5,A
2000,60.88,5.65,A
2000,60.88,6.31,A
2000,60.88,6.84,A
2000,60.88,7.53,A
2000,60.88,8.01,A
2000,60.88,10.56,A
2000,60.88,11.41,A
2000,60.88,11.42,A
2000,60.88,11.57,A
2000,60.88,12.67,A
2000,60.88,13.45,A
2000,60.88,13.86,A
2000,60.88,16.71,A
2000,60.88,17.49,A
2000,60.88,19.27,A
2000,60.88,19.48,A
2000,60.88,20.76,A
2000,60.88,23.83,A
2000,60.88,26.91,A
2000,60.91,1.39,A
2000,60.91,1.82,A
2000,60.91,3.08,A
2000,60.91,3.6,A
2000,60.91,3.76,A
2000,60.91,4.24,A
2000,60.91,5.01,A
2000,60.91,5.41,A
2000,60.91,6.6,A
2000,60.91,6.8,A
2000,60.91,7.08,A
2000,60.91,7.27,A
2000,60.91,7.85,A
2000,60.91,8.43,A
2000,60.91,8.73,A
2000,60.91,9.94,A
2000,60.91,10.47,A
2000,60.91,12.46,A
2000,60.91,12.77,A
2000,60.91,13.18,A
2000,60.91,13.22,A
2000,60.91,13.3,A
2000,60.91,13.66,A
2000,60.91,13.73,A
2000,60.91,13.76,A
2000,60.91,13.93,A
2000,60.91,14.24,A
2000,60.91,15.05,A
2000,60.91,16.68,A
2000,60.91,18.08,A
2000,60.91,19.16,A
2000,60.92,1.54,A
2000,60.92,1.83,A
2000,60.92,3.1,A
2000,60.92,3.51,A
2000,60.92,4.04,A
2000,60.92,4.39,A
2000,60.92,4.97,A
2000,60.92,5.26,A
2000,60.92,5.99,A
2000,60.92,7.11,A
2000,60.92,7.37,A
2000,60.92,7.5,A
2000,60.92,7.58,A
2000,60.92,8.5,A
2000,60.92,9.15,A
2000,60.92,9.33,A
2000,60.92,10.68,A
2000,60.92,10.87,A
2000,60.92,10.92,A
2000,60.92,11.39,A
2000,60.92,11.79,A
2000,60.92,12.98,A
2000,60.92,13.8,A
2000,60.92,13.91,A
2000,60.92,13.93,A
2000,60.92,14.28,A
2000,60.92,14.85,A
2000,60.92,15.51,A
2000,60.92,16.7,A
2000,60.92,18.58,A
2000,60.92,18.92,A
2000,60.92,22.1,A
2000,60.92,22.39,A
2000,60.92,22.99,A
2000,60.92,23.09,A
2000,60.92,25.12,A
2000,60.92,33.06,A
2000,60.92,35.13,A
2000,60.95,0.52,A
2000,60.95,1.04,A
2000,60.95,1.25,A
2000,60.95,1.33,A
2000,60.95,2.19,A
2000,60.95,2.25,A
2000,60.95,2.89,A
2000,60.95,3.67,A
2000,60.95,4.14,A
2000,60.95,5.3,A
2000,60.95,5.34,A
2000,60.95,5.94,A
2000,60.95,6.05,A
2000,60.95,6.31,A
2000,60.95,6.81,A
2000,60.95,7,A
2000,60.95,7.29,A
2000,60.95,8.7,A
2000,60.95,9.46,A
2000,60.95,10.75,A
2000,60.95,10.99,A
2000,60.95,11.12,A
2000,60.95,11.16,A
2000,60.95,11.44,A
2000,60.95,11.94,A
2000,60.95,12.58,A
2000,60.95,12.73,A
2000,60.95,14.08,A
2000,60.95,14.13,A
2000,60.95,14.92,A
2000,60.95,15,A
2000,60.95,15.87,A
2000,60.95,17.65,A
2000,60.95,17.81,A
2000,60.95,18.87,A
2000,60.95,19.45,A
2000,60.95,19.84,A
2000,60.95,21.71,A
2000,60.95,24.68,A
2000,60.95,29.17,A
2000,60.95,37.59,A
2000,61,2.63,A
2000,61,3.17,A
2000,61,17.06,A
2000,61,18.35,A
2000,61.02,1.2,A
2000,61.02,3.34,A
2000,61.02,4.57,A
2000,61.02,5.21,A
2000,61.02,6.44,A
2000,61.02,7.68,A
2000,61.02,7.79,A
2000,61.02,8.97,A
2000,61.02,9.71,A
2000,61.02,11.58,A
2000,61.02,11.92,A
2000,61.02,13.8,A
2000,61.02,13.92,A
2000,61.02,14.11,A
2000,61.02,15.12,A
2000,61.02,15.38,A
2000,61.02,16.04,A
2000,61.02,16.37,A
2000,61.02,16.65,A
2000,61.02,17.19,A
2000,61.02,17.77,A
2000,61.02,18.57,A
2000,61.02,19.41,A
2000,61.02,20.38,A
2000,61.02,27.3,A
2000,61.07,3.47,A
2000,61.07,5.32,A
2000,61.07,7.8,A
2000,61.07,10.36,A
2000,61.07,12.3,A
2000,61.07,13.82,A
2000,61.07,14.37,A
2000,61.07,14.42,A
2000,61.07,16.58,A
2000,61.07,17.01,A
2000,61.07,18.43,A
2000,61.07,19.67,A
2000,61.07,19.89,A
2000,61.07,21.31,A
2000,61.07,24.9,A
2000,61.07,26.14,A
2000,61.07,27.85,A
2000,61.07,28.12,A
2000,61.2,1.19,A
2000,61.2,3.6,A
2000,61.2,6.39,A
2000,61.2,6.75,A
2000,61.2,7.65,A
2000,61.2,11.71,A
2000,61.2,14.13,A
2000,61.2,15.56,A
2000,61.2,20.59,A
2000,61.21,16.13,A
2000,61.27,0,A
2000,61.27,3.95,A
2000,61.27,5.14,A
2000,61.27,8.13,A
2000,61.27,9.77,A
2000,61.27,10.06,A
2000,61.27,10.12,A
2000,61.27,11.02,A
2000,61.27,18.99,A
2000,61.27,19.09,A
2000,61.27,19.51,A
2000,61.27,23.82,A
2000,61.29,1.36,A
2000,61.29,2,A
2000,61.29,2.54,A
2000,61.29,2.55,A
